monitor_id,segment_id,system_type,year,month,avg_flow_pct,peak_flow_pct,inflow_infiltration_flag
MON-PIPE-0267-2025-01,PIPE-0267,Sewer,2025,1,36.9,53.4,False
MON-PIPE-0267-2025-02,PIPE-0267,Sewer,2025,2,42.2,54.9,False
MON-PIPE-0267-2025-03,PIPE-0267,Sewer,2025,3,37.0,59.2,False
MON-PIPE-0267-2025-04,PIPE-0267,Sewer,2025,4,38.8,59.7,False
MON-PIPE-0267-2025-05,PIPE-0267,Sewer,2025,5,35.7,46.5,False
MON-PIPE-0267-2025-06,PIPE-0267,Sewer,2025,6,26.6,34.9,False
MON-PIPE-0267-2025-07,PIPE-0267,Sewer,2025,7,26.4,37.6,False
MON-PIPE-0267-2025-08,PIPE-0267,Sewer,2025,8,33.8,46.6,False
MON-PIPE-0267-2025-09,PIPE-0267,Sewer,2025,9,35.4,55.6,False
MON-PIPE-0267-2025-10,PIPE-0267,Sewer,2025,10,32.1,49.0,False
MON-PIPE-0267-2025-11,PIPE-0267,Sewer,2025,11,41.0,63.6,False
MON-PIPE-0267-2025-12,PIPE-0267,Sewer,2025,12,34.3,44.4,False
MON-PIPE-0446-2025-01,PIPE-0446,Sewer,2025,1,117.9,150.0,True
MON-PIPE-0446-2025-02,PIPE-0446,Sewer,2025,2,92.2,150.0,True
MON-PIPE-0446-2025-03,PIPE-0446,Sewer,2025,3,90.6,112.4,True
MON-PIPE-0446-2025-04,PIPE-0446,Sewer,2025,4,83.0,118.2,False
MON-PIPE-0446-2025-05,PIPE-0446,Sewer,2025,5,91.0,127.3,True
MON-PIPE-0446-2025-06,PIPE-0446,Sewer,2025,6,91.8,113.4,True
MON-PIPE-0446-2025-07,PIPE-0446,Sewer,2025,7,84.4,138.2,False
MON-PIPE-0446-2025-08,PIPE-0446,Sewer,2025,8,95.2,130.4,True
MON-PIPE-0446-2025-09,PIPE-0446,Sewer,2025,9,94.8,150.0,True
MON-PIPE-0446-2025-10,PIPE-0446,Sewer,2025,10,79.6,136.4,False
MON-PIPE-0446-2025-11,PIPE-0446,Sewer,2025,11,100.5,150.0,True
MON-PIPE-0446-2025-12,PIPE-0446,Sewer,2025,12,111.7,150.0,True
MON-PIPE-0429-2025-01,PIPE-0429,Sewer,2025,1,52.6,82.8,False
MON-PIPE-0429-2025-02,PIPE-0429,Sewer,2025,2,51.5,69.4,False
MON-PIPE-0429-2025-03,PIPE-0429,Sewer,2025,3,51.1,70.4,False
MON-PIPE-0429-2025-04,PIPE-0429,Sewer,2025,4,40.0,70.1,False
MON-PIPE-0429-2025-05,PIPE-0429,Sewer,2025,5,41.8,53.5,False
MON-PIPE-0429-2025-06,PIPE-0429,Sewer,2025,6,42.4,51.6,False
MON-PIPE-0429-2025-07,PIPE-0429,Sewer,2025,7,38.8,63.8,False
MON-PIPE-0429-2025-08,PIPE-0429,Sewer,2025,8,44.6,59.7,False
MON-PIPE-0429-2025-09,PIPE-0429,Sewer,2025,9,36.1,64.2,False
MON-PIPE-0429-2025-10,PIPE-0429,Sewer,2025,10,40.3,54.9,False
MON-PIPE-0429-2025-11,PIPE-0429,Sewer,2025,11,41.2,63.8,False
MON-PIPE-0429-2025-12,PIPE-0429,Sewer,2025,12,47.0,65.8,False
MON-PIPE-0022-2025-01,PIPE-0022,Stormwater,2025,1,65.0,90.2,False
MON-PIPE-0022-2025-02,PIPE-0022,Stormwater,2025,2,70.2,109.6,False
MON-PIPE-0022-2025-03,PIPE-0022,Stormwater,2025,3,73.0,90.1,False
MON-PIPE-0022-2025-04,PIPE-0022,Stormwater,2025,4,73.2,130.3,False
MON-PIPE-0022-2025-05,PIPE-0022,Stormwater,2025,5,79.6,99.1,False
MON-PIPE-0022-2025-06,PIPE-0022,Stormwater,2025,6,62.3,96.7,False
MON-PIPE-0022-2025-07,PIPE-0022,Stormwater,2025,7,58.9,73.0,False
MON-PIPE-0022-2025-08,PIPE-0022,Stormwater,2025,8,53.9,70.6,False
MON-PIPE-0022-2025-09,PIPE-0022,Stormwater,2025,9,68.3,93.0,False
MON-PIPE-0022-2025-10,PIPE-0022,Stormwater,2025,10,72.0,95.2,False
MON-PIPE-0022-2025-11,PIPE-0022,Stormwater,2025,11,80.8,127.1,False
MON-PIPE-0022-2025-12,PIPE-0022,Stormwater,2025,12,68.7,106.6,False
MON-PIPE-0138-2025-01,PIPE-0138,Sewer,2025,1,30.3,44.5,False
MON-PIPE-0138-2025-02,PIPE-0138,Sewer,2025,2,35.0,44.1,False
MON-PIPE-0138-2025-03,PIPE-0138,Sewer,2025,3,30.5,49.8,False
MON-PIPE-0138-2025-04,PIPE-0138,Sewer,2025,4,26.6,38.7,False
MON-PIPE-0138-2025-05,PIPE-0138,Sewer,2025,5,31.9,47.3,False
MON-PIPE-0138-2025-06,PIPE-0138,Sewer,2025,6,24.0,41.1,False
MON-PIPE-0138-2025-07,PIPE-0138,Sewer,2025,7,27.3,39.3,False
MON-PIPE-0138-2025-08,PIPE-0138,Sewer,2025,8,25.9,45.0,False
MON-PIPE-0138-2025-09,PIPE-0138,Sewer,2025,9,25.1,30.5,False
MON-PIPE-0138-2025-10,PIPE-0138,Sewer,2025,10,31.0,39.4,False
MON-PIPE-0138-2025-11,PIPE-0138,Sewer,2025,11,34.6,46.3,False
MON-PIPE-0138-2025-12,PIPE-0138,Sewer,2025,12,28.1,43.7,False
MON-PIPE-0397-2025-01,PIPE-0397,Sewer,2025,1,71.4,123.4,False
MON-PIPE-0397-2025-02,PIPE-0397,Sewer,2025,2,75.2,104.5,False
MON-PIPE-0397-2025-03,PIPE-0397,Sewer,2025,3,57.4,71.0,False
MON-PIPE-0397-2025-04,PIPE-0397,Sewer,2025,4,54.7,69.1,False
MON-PIPE-0397-2025-05,PIPE-0397,Sewer,2025,5,54.6,73.1,False
MON-PIPE-0397-2025-06,PIPE-0397,Sewer,2025,6,51.7,62.3,False
MON-PIPE-0397-2025-07,PIPE-0397,Sewer,2025,7,47.0,62.3,False
MON-PIPE-0397-2025-08,PIPE-0397,Sewer,2025,8,58.9,74.2,False
MON-PIPE-0397-2025-09,PIPE-0397,Sewer,2025,9,59.5,82.1,False
MON-PIPE-0397-2025-10,PIPE-0397,Sewer,2025,10,63.8,78.4,False
MON-PIPE-0397-2025-11,PIPE-0397,Sewer,2025,11,71.2,106.2,False
MON-PIPE-0397-2025-12,PIPE-0397,Sewer,2025,12,69.0,109.2,False
MON-PIPE-0161-2025-01,PIPE-0161,Sewer,2025,1,67.1,104.9,False
MON-PIPE-0161-2025-02,PIPE-0161,Sewer,2025,2,63.2,102.1,False
MON-PIPE-0161-2025-03,PIPE-0161,Sewer,2025,3,63.3,80.9,False
MON-PIPE-0161-2025-04,PIPE-0161,Sewer,2025,4,73.6,110.5,False
MON-PIPE-0161-2025-05,PIPE-0161,Sewer,2025,5,55.8,94.4,False
MON-PIPE-0161-2025-06,PIPE-0161,Sewer,2025,6,60.0,96.3,False
MON-PIPE-0161-2025-07,PIPE-0161,Sewer,2025,7,60.2,91.7,False
MON-PIPE-0161-2025-08,PIPE-0161,Sewer,2025,8,51.0,66.7,False
MON-PIPE-0161-2025-09,PIPE-0161,Sewer,2025,9,68.4,82.4,False
MON-PIPE-0161-2025-10,PIPE-0161,Sewer,2025,10,69.8,104.0,False
MON-PIPE-0161-2025-11,PIPE-0161,Sewer,2025,11,59.0,88.2,False
MON-PIPE-0161-2025-12,PIPE-0161,Sewer,2025,12,68.7,106.1,False
MON-PIPE-0187-2025-01,PIPE-0187,Sewer,2025,1,75.9,131.2,False
MON-PIPE-0187-2025-02,PIPE-0187,Sewer,2025,2,70.8,110.0,False
MON-PIPE-0187-2025-03,PIPE-0187,Sewer,2025,3,72.3,105.4,False
MON-PIPE-0187-2025-04,PIPE-0187,Sewer,2025,4,52.3,90.1,False
MON-PIPE-0187-2025-05,PIPE-0187,Sewer,2025,5,63.4,82.4,False
MON-PIPE-0187-2025-06,PIPE-0187,Sewer,2025,6,52.8,80.6,False
MON-PIPE-0187-2025-07,PIPE-0187,Sewer,2025,7,49.1,71.7,False
MON-PIPE-0187-2025-08,PIPE-0187,Sewer,2025,8,46.2,69.8,False
MON-PIPE-0187-2025-09,PIPE-0187,Sewer,2025,9,58.2,97.3,False
MON-PIPE-0187-2025-10,PIPE-0187,Sewer,2025,10,57.0,86.4,False
MON-PIPE-0187-2025-11,PIPE-0187,Sewer,2025,11,57.2,94.0,False
MON-PIPE-0187-2025-12,PIPE-0187,Sewer,2025,12,59.2,98.6,False
MON-PIPE-0017-2025-01,PIPE-0017,Sewer,2025,1,75.3,122.5,False
MON-PIPE-0017-2025-02,PIPE-0017,Sewer,2025,2,69.5,100.3,False
MON-PIPE-0017-2025-03,PIPE-0017,Sewer,2025,3,60.6,99.6,False
MON-PIPE-0017-2025-04,PIPE-0017,Sewer,2025,4,59.0,87.9,False
MON-PIPE-0017-2025-05,PIPE-0017,Sewer,2025,5,62.4,104.0,False
MON-PIPE-0017-2025-06,PIPE-0017,Sewer,2025,6,54.5,95.6,False
MON-PIPE-0017-2025-07,PIPE-0017,Sewer,2025,7,61.9,98.0,False
MON-PIPE-0017-2025-08,PIPE-0017,Sewer,2025,8,53.7,76.5,False
MON-PIPE-0017-2025-09,PIPE-0017,Sewer,2025,9,64.7,92.8,False
MON-PIPE-0017-2025-10,PIPE-0017,Sewer,2025,10,64.5,84.1,False
MON-PIPE-0017-2025-11,PIPE-0017,Sewer,2025,11,74.7,90.0,False
MON-PIPE-0017-2025-12,PIPE-0017,Sewer,2025,12,61.7,80.8,False
MON-PIPE-0286-2025-01,PIPE-0286,Sewer,2025,1,119.7,150.0,True
MON-PIPE-0286-2025-02,PIPE-0286,Sewer,2025,2,114.9,149.5,True
MON-PIPE-0286-2025-03,PIPE-0286,Sewer,2025,3,118.2,150.0,True
MON-PIPE-0286-2025-04,PIPE-0286,Sewer,2025,4,90.2,130.5,True
MON-PIPE-0286-2025-05,PIPE-0286,Sewer,2025,5,96.5,130.4,True
MON-PIPE-0286-2025-06,PIPE-0286,Sewer,2025,6,81.0,97.8,False
MON-PIPE-0286-2025-07,PIPE-0286,Sewer,2025,7,97.3,126.7,True
MON-PIPE-0286-2025-08,PIPE-0286,Sewer,2025,8,80.5,141.1,False
MON-PIPE-0286-2025-09,PIPE-0286,Sewer,2025,9,82.4,127.0,False
MON-PIPE-0286-2025-10,PIPE-0286,Sewer,2025,10,90.3,109.0,True
MON-PIPE-0286-2025-11,PIPE-0286,Sewer,2025,11,90.5,146.7,True
MON-PIPE-0286-2025-12,PIPE-0286,Sewer,2025,12,107.7,140.2,True
MON-PIPE-0167-2025-01,PIPE-0167,Stormwater,2025,1,39.7,48.6,False
MON-PIPE-0167-2025-02,PIPE-0167,Stormwater,2025,2,36.5,43.8,False
MON-PIPE-0167-2025-03,PIPE-0167,Stormwater,2025,3,54.9,95.3,False
MON-PIPE-0167-2025-04,PIPE-0167,Stormwater,2025,4,53.5,65.9,False
MON-PIPE-0167-2025-05,PIPE-0167,Stormwater,2025,5,49.9,72.8,False
MON-PIPE-0167-2025-06,PIPE-0167,Stormwater,2025,6,34.0,50.5,False
MON-PIPE-0167-2025-07,PIPE-0167,Stormwater,2025,7,35.1,42.9,False
MON-PIPE-0167-2025-08,PIPE-0167,Stormwater,2025,8,39.9,62.6,False
MON-PIPE-0167-2025-09,PIPE-0167,Stormwater,2025,9,32.4,53.7,False
MON-PIPE-0167-2025-10,PIPE-0167,Stormwater,2025,10,49.8,67.1,False
MON-PIPE-0167-2025-11,PIPE-0167,Stormwater,2025,11,52.6,80.1,False
MON-PIPE-0167-2025-12,PIPE-0167,Stormwater,2025,12,33.9,43.9,False
MON-PIPE-0326-2025-01,PIPE-0326,Stormwater,2025,1,54.5,68.5,False
MON-PIPE-0326-2025-02,PIPE-0326,Stormwater,2025,2,56.2,74.9,False
MON-PIPE-0326-2025-03,PIPE-0326,Stormwater,2025,3,71.1,115.0,False
MON-PIPE-0326-2025-04,PIPE-0326,Stormwater,2025,4,62.8,76.2,False
MON-PIPE-0326-2025-05,PIPE-0326,Stormwater,2025,5,64.9,95.8,False
MON-PIPE-0326-2025-06,PIPE-0326,Stormwater,2025,6,51.9,72.3,False
MON-PIPE-0326-2025-07,PIPE-0326,Stormwater,2025,7,46.2,58.5,False
MON-PIPE-0326-2025-08,PIPE-0326,Stormwater,2025,8,52.2,75.7,False
MON-PIPE-0326-2025-09,PIPE-0326,Stormwater,2025,9,54.6,81.0,False
MON-PIPE-0326-2025-10,PIPE-0326,Stormwater,2025,10,63.1,80.6,False
MON-PIPE-0326-2025-11,PIPE-0326,Stormwater,2025,11,60.1,97.7,False
MON-PIPE-0326-2025-12,PIPE-0326,Stormwater,2025,12,52.7,74.4,False
MON-PIPE-0308-2025-01,PIPE-0308,Sewer,2025,1,47.5,66.3,False
MON-PIPE-0308-2025-02,PIPE-0308,Sewer,2025,2,54.1,71.4,False
MON-PIPE-0308-2025-03,PIPE-0308,Sewer,2025,3,51.4,75.4,False
MON-PIPE-0308-2025-04,PIPE-0308,Sewer,2025,4,48.5,62.5,False
MON-PIPE-0308-2025-05,PIPE-0308,Sewer,2025,5,42.7,54.1,False
MON-PIPE-0308-2025-06,PIPE-0308,Sewer,2025,6,50.9,88.1,False
MON-PIPE-0308-2025-07,PIPE-0308,Sewer,2025,7,47.4,60.1,False
MON-PIPE-0308-2025-08,PIPE-0308,Sewer,2025,8,46.4,77.7,False
MON-PIPE-0308-2025-09,PIPE-0308,Sewer,2025,9,43.3,70.5,False
MON-PIPE-0308-2025-10,PIPE-0308,Sewer,2025,10,56.5,78.0,False
MON-PIPE-0308-2025-11,PIPE-0308,Sewer,2025,11,59.5,96.9,False
MON-PIPE-0308-2025-12,PIPE-0308,Sewer,2025,12,52.9,72.2,False
MON-PIPE-0259-2025-01,PIPE-0259,Sewer,2025,1,66.7,84.7,False
MON-PIPE-0259-2025-02,PIPE-0259,Sewer,2025,2,64.5,95.2,False
MON-PIPE-0259-2025-03,PIPE-0259,Sewer,2025,3,57.0,90.9,False
MON-PIPE-0259-2025-04,PIPE-0259,Sewer,2025,4,52.6,74.5,False
MON-PIPE-0259-2025-05,PIPE-0259,Sewer,2025,5,58.1,100.9,False
MON-PIPE-0259-2025-06,PIPE-0259,Sewer,2025,6,52.4,76.1,False
MON-PIPE-0259-2025-07,PIPE-0259,Sewer,2025,7,50.6,84.7,False
MON-PIPE-0259-2025-08,PIPE-0259,Sewer,2025,8,50.3,65.8,False
MON-PIPE-0259-2025-09,PIPE-0259,Sewer,2025,9,58.4,98.8,False
MON-PIPE-0259-2025-10,PIPE-0259,Sewer,2025,10,60.6,102.1,False
MON-PIPE-0259-2025-11,PIPE-0259,Sewer,2025,11,57.2,98.1,False
MON-PIPE-0259-2025-12,PIPE-0259,Sewer,2025,12,52.8,80.8,False
MON-PIPE-0106-2025-01,PIPE-0106,Stormwater,2025,1,45.2,56.6,False
MON-PIPE-0106-2025-02,PIPE-0106,Stormwater,2025,2,58.3,91.6,False
MON-PIPE-0106-2025-03,PIPE-0106,Stormwater,2025,3,70.0,91.2,False
MON-PIPE-0106-2025-04,PIPE-0106,Stormwater,2025,4,72.7,89.0,False
MON-PIPE-0106-2025-05,PIPE-0106,Stormwater,2025,5,61.8,94.9,False
MON-PIPE-0106-2025-06,PIPE-0106,Stormwater,2025,6,51.9,70.6,False
MON-PIPE-0106-2025-07,PIPE-0106,Stormwater,2025,7,49.1,81.6,False
MON-PIPE-0106-2025-08,PIPE-0106,Stormwater,2025,8,47.5,64.7,False
MON-PIPE-0106-2025-09,PIPE-0106,Stormwater,2025,9,51.7,72.4,False
MON-PIPE-0106-2025-10,PIPE-0106,Stormwater,2025,10,62.4,105.7,False
MON-PIPE-0106-2025-11,PIPE-0106,Stormwater,2025,11,70.1,103.0,False
MON-PIPE-0106-2025-12,PIPE-0106,Stormwater,2025,12,56.9,68.6,False
MON-PIPE-0112-2025-01,PIPE-0112,Stormwater,2025,1,82.1,113.0,False
MON-PIPE-0112-2025-02,PIPE-0112,Stormwater,2025,2,86.6,142.6,True
MON-PIPE-0112-2025-03,PIPE-0112,Stormwater,2025,3,107.3,150.0,True
MON-PIPE-0112-2025-04,PIPE-0112,Stormwater,2025,4,108.7,150.0,True
MON-PIPE-0112-2025-05,PIPE-0112,Stormwater,2025,5,104.1,150.0,True
MON-PIPE-0112-2025-06,PIPE-0112,Stormwater,2025,6,77.9,113.8,False
MON-PIPE-0112-2025-07,PIPE-0112,Stormwater,2025,7,91.0,112.7,True
MON-PIPE-0112-2025-08,PIPE-0112,Stormwater,2025,8,73.2,129.9,False
MON-PIPE-0112-2025-09,PIPE-0112,Stormwater,2025,9,88.2,117.9,True
MON-PIPE-0112-2025-10,PIPE-0112,Stormwater,2025,10,120.0,150.0,True
MON-PIPE-0112-2025-11,PIPE-0112,Stormwater,2025,11,105.2,150.0,True
MON-PIPE-0112-2025-12,PIPE-0112,Stormwater,2025,12,79.7,100.0,False
MON-PIPE-0248-2025-01,PIPE-0248,Sewer,2025,1,46.0,61.7,False
MON-PIPE-0248-2025-02,PIPE-0248,Sewer,2025,2,46.1,72.0,False
MON-PIPE-0248-2025-03,PIPE-0248,Sewer,2025,3,44.9,54.8,False
MON-PIPE-0248-2025-04,PIPE-0248,Sewer,2025,4,41.7,62.0,False
MON-PIPE-0248-2025-05,PIPE-0248,Sewer,2025,5,31.6,50.7,False
MON-PIPE-0248-2025-06,PIPE-0248,Sewer,2025,6,29.8,44.5,False
MON-PIPE-0248-2025-07,PIPE-0248,Sewer,2025,7,35.4,51.2,False
MON-PIPE-0248-2025-08,PIPE-0248,Sewer,2025,8,30.3,40.4,False
MON-PIPE-0248-2025-09,PIPE-0248,Sewer,2025,9,36.2,63.1,False
MON-PIPE-0248-2025-10,PIPE-0248,Sewer,2025,10,35.8,47.5,False
MON-PIPE-0248-2025-11,PIPE-0248,Sewer,2025,11,35.3,57.8,False
MON-PIPE-0248-2025-12,PIPE-0248,Sewer,2025,12,37.2,61.4,False
MON-PIPE-0186-2025-01,PIPE-0186,Stormwater,2025,1,73.6,130.8,False
MON-PIPE-0186-2025-02,PIPE-0186,Stormwater,2025,2,63.7,92.3,False
MON-PIPE-0186-2025-03,PIPE-0186,Stormwater,2025,3,97.0,150.0,True
MON-PIPE-0186-2025-04,PIPE-0186,Stormwater,2025,4,77.1,133.1,False
MON-PIPE-0186-2025-05,PIPE-0186,Stormwater,2025,5,93.3,134.6,True
MON-PIPE-0186-2025-06,PIPE-0186,Stormwater,2025,6,75.2,130.9,False
MON-PIPE-0186-2025-07,PIPE-0186,Stormwater,2025,7,72.3,102.7,False
MON-PIPE-0186-2025-08,PIPE-0186,Stormwater,2025,8,62.6,101.2,False
MON-PIPE-0186-2025-09,PIPE-0186,Stormwater,2025,9,67.1,113.4,False
MON-PIPE-0186-2025-10,PIPE-0186,Stormwater,2025,10,93.1,143.6,True
MON-PIPE-0186-2025-11,PIPE-0186,Stormwater,2025,11,98.1,126.5,True
MON-PIPE-0186-2025-12,PIPE-0186,Stormwater,2025,12,66.2,107.1,False
MON-PIPE-0117-2025-01,PIPE-0117,Sewer,2025,1,47.8,60.5,False
MON-PIPE-0117-2025-02,PIPE-0117,Sewer,2025,2,49.9,69.1,False
MON-PIPE-0117-2025-03,PIPE-0117,Sewer,2025,3,38.1,56.1,False
MON-PIPE-0117-2025-04,PIPE-0117,Sewer,2025,4,46.0,70.7,False
MON-PIPE-0117-2025-05,PIPE-0117,Sewer,2025,5,33.6,60.0,False
MON-PIPE-0117-2025-06,PIPE-0117,Sewer,2025,6,35.8,59.1,False
MON-PIPE-0117-2025-07,PIPE-0117,Sewer,2025,7,35.9,50.3,False
MON-PIPE-0117-2025-08,PIPE-0117,Sewer,2025,8,32.2,52.3,False
MON-PIPE-0117-2025-09,PIPE-0117,Sewer,2025,9,38.5,67.3,False
MON-PIPE-0117-2025-10,PIPE-0117,Sewer,2025,10,42.9,57.8,False
MON-PIPE-0117-2025-11,PIPE-0117,Sewer,2025,11,37.9,56.5,False
MON-PIPE-0117-2025-12,PIPE-0117,Sewer,2025,12,45.2,60.0,False
MON-PIPE-0233-2025-01,PIPE-0233,Sewer,2025,1,104.4,150.0,True
MON-PIPE-0233-2025-02,PIPE-0233,Sewer,2025,2,102.2,150.0,True
MON-PIPE-0233-2025-03,PIPE-0233,Sewer,2025,3,91.5,117.2,True
MON-PIPE-0233-2025-04,PIPE-0233,Sewer,2025,4,91.1,132.3,True
MON-PIPE-0233-2025-05,PIPE-0233,Sewer,2025,5,89.3,132.6,True
MON-PIPE-0233-2025-06,PIPE-0233,Sewer,2025,6,78.0,106.8,False
MON-PIPE-0233-2025-07,PIPE-0233,Sewer,2025,7,65.5,79.2,False
MON-PIPE-0233-2025-08,PIPE-0233,Sewer,2025,8,76.5,115.1,False
MON-PIPE-0233-2025-09,PIPE-0233,Sewer,2025,9,80.2,112.1,False
MON-PIPE-0233-2025-10,PIPE-0233,Sewer,2025,10,85.2,119.1,True
MON-PIPE-0233-2025-11,PIPE-0233,Sewer,2025,11,92.9,150.0,True
MON-PIPE-0233-2025-12,PIPE-0233,Sewer,2025,12,90.8,149.9,True
MON-PIPE-0261-2025-01,PIPE-0261,Sewer,2025,1,60.2,79.6,False
MON-PIPE-0261-2025-02,PIPE-0261,Sewer,2025,2,61.2,79.7,False
MON-PIPE-0261-2025-03,PIPE-0261,Sewer,2025,3,56.0,88.0,False
MON-PIPE-0261-2025-04,PIPE-0261,Sewer,2025,4,58.1,96.1,False
MON-PIPE-0261-2025-05,PIPE-0261,Sewer,2025,5,56.7,68.9,False
MON-PIPE-0261-2025-06,PIPE-0261,Sewer,2025,6,52.0,87.3,False
MON-PIPE-0261-2025-07,PIPE-0261,Sewer,2025,7,48.2,82.4,False
MON-PIPE-0261-2025-08,PIPE-0261,Sewer,2025,8,52.0,82.3,False
MON-PIPE-0261-2025-09,PIPE-0261,Sewer,2025,9,50.5,64.8,False
MON-PIPE-0261-2025-10,PIPE-0261,Sewer,2025,10,46.6,68.7,False
MON-PIPE-0261-2025-11,PIPE-0261,Sewer,2025,11,51.8,88.8,False
MON-PIPE-0261-2025-12,PIPE-0261,Sewer,2025,12,56.7,91.9,False
MON-PIPE-0181-2025-01,PIPE-0181,Stormwater,2025,1,73.1,125.6,False
MON-PIPE-0181-2025-02,PIPE-0181,Stormwater,2025,2,88.3,129.4,True
MON-PIPE-0181-2025-03,PIPE-0181,Stormwater,2025,3,105.8,140.0,True
MON-PIPE-0181-2025-04,PIPE-0181,Stormwater,2025,4,119.9,150.0,True
MON-PIPE-0181-2025-05,PIPE-0181,Stormwater,2025,5,105.6,137.0,True
MON-PIPE-0181-2025-06,PIPE-0181,Stormwater,2025,6,94.5,150.0,True
MON-PIPE-0181-2025-07,PIPE-0181,Stormwater,2025,7,93.2,138.4,True
MON-PIPE-0181-2025-08,PIPE-0181,Stormwater,2025,8,94.8,146.8,True
MON-PIPE-0181-2025-09,PIPE-0181,Stormwater,2025,9,75.6,128.7,False
MON-PIPE-0181-2025-10,PIPE-0181,Stormwater,2025,10,119.9,149.6,True
MON-PIPE-0181-2025-11,PIPE-0181,Stormwater,2025,11,120.0,150.0,True
MON-PIPE-0181-2025-12,PIPE-0181,Stormwater,2025,12,94.5,141.2,True
MON-PIPE-0414-2025-01,PIPE-0414,Sewer,2025,1,102.9,149.3,True
MON-PIPE-0414-2025-02,PIPE-0414,Sewer,2025,2,94.3,150.0,True
MON-PIPE-0414-2025-03,PIPE-0414,Sewer,2025,3,87.1,146.6,True
MON-PIPE-0414-2025-04,PIPE-0414,Sewer,2025,4,89.2,131.5,True
MON-PIPE-0414-2025-05,PIPE-0414,Sewer,2025,5,95.3,114.7,True
MON-PIPE-0414-2025-06,PIPE-0414,Sewer,2025,6,79.0,134.2,False
MON-PIPE-0414-2025-07,PIPE-0414,Sewer,2025,7,82.0,106.8,False
MON-PIPE-0414-2025-08,PIPE-0414,Sewer,2025,8,82.9,107.3,False
MON-PIPE-0414-2025-09,PIPE-0414,Sewer,2025,9,77.3,125.0,False
MON-PIPE-0414-2025-10,PIPE-0414,Sewer,2025,10,91.2,150.0,True
MON-PIPE-0414-2025-11,PIPE-0414,Sewer,2025,11,88.0,150.0,True
MON-PIPE-0414-2025-12,PIPE-0414,Sewer,2025,12,104.8,140.7,True
MON-PIPE-0086-2025-01,PIPE-0086,Stormwater,2025,1,52.4,84.5,False
MON-PIPE-0086-2025-02,PIPE-0086,Stormwater,2025,2,57.6,93.0,False
MON-PIPE-0086-2025-03,PIPE-0086,Stormwater,2025,3,63.5,89.9,False
MON-PIPE-0086-2025-04,PIPE-0086,Stormwater,2025,4,73.3,131.0,False
MON-PIPE-0086-2025-05,PIPE-0086,Stormwater,2025,5,70.8,127.2,False
MON-PIPE-0086-2025-06,PIPE-0086,Stormwater,2025,6,56.9,70.4,False
MON-PIPE-0086-2025-07,PIPE-0086,Stormwater,2025,7,52.6,80.1,False
MON-PIPE-0086-2025-08,PIPE-0086,Stormwater,2025,8,50.2,71.3,False
MON-PIPE-0086-2025-09,PIPE-0086,Stormwater,2025,9,63.5,96.4,False
MON-PIPE-0086-2025-10,PIPE-0086,Stormwater,2025,10,81.8,111.5,False
MON-PIPE-0086-2025-11,PIPE-0086,Stormwater,2025,11,73.2,110.4,False
MON-PIPE-0086-2025-12,PIPE-0086,Stormwater,2025,12,59.9,95.6,False
MON-PIPE-0076-2025-01,PIPE-0076,Stormwater,2025,1,47.9,59.0,False
MON-PIPE-0076-2025-02,PIPE-0076,Stormwater,2025,2,46.4,79.9,False
MON-PIPE-0076-2025-03,PIPE-0076,Stormwater,2025,3,71.1,116.9,False
MON-PIPE-0076-2025-04,PIPE-0076,Stormwater,2025,4,66.8,101.8,False
MON-PIPE-0076-2025-05,PIPE-0076,Stormwater,2025,5,65.7,98.6,False
MON-PIPE-0076-2025-06,PIPE-0076,Stormwater,2025,6,58.6,83.9,False
MON-PIPE-0076-2025-07,PIPE-0076,Stormwater,2025,7,50.0,79.2,False
MON-PIPE-0076-2025-08,PIPE-0076,Stormwater,2025,8,54.4,87.4,False
MON-PIPE-0076-2025-09,PIPE-0076,Stormwater,2025,9,49.5,78.6,False
MON-PIPE-0076-2025-10,PIPE-0076,Stormwater,2025,10,69.1,114.2,False
MON-PIPE-0076-2025-11,PIPE-0076,Stormwater,2025,11,75.6,93.1,False
MON-PIPE-0076-2025-12,PIPE-0076,Stormwater,2025,12,50.0,85.5,False
MON-PIPE-0281-2025-01,PIPE-0281,Stormwater,2025,1,36.5,56.5,False
MON-PIPE-0281-2025-02,PIPE-0281,Stormwater,2025,2,34.9,44.9,False
MON-PIPE-0281-2025-03,PIPE-0281,Stormwater,2025,3,47.0,70.8,False
MON-PIPE-0281-2025-04,PIPE-0281,Stormwater,2025,4,40.3,53.2,False
MON-PIPE-0281-2025-05,PIPE-0281,Stormwater,2025,5,41.9,51.4,False
MON-PIPE-0281-2025-06,PIPE-0281,Stormwater,2025,6,32.5,57.3,False
MON-PIPE-0281-2025-07,PIPE-0281,Stormwater,2025,7,37.4,54.1,False
MON-PIPE-0281-2025-08,PIPE-0281,Stormwater,2025,8,30.7,45.1,False
MON-PIPE-0281-2025-09,PIPE-0281,Stormwater,2025,9,28.3,34.5,False
MON-PIPE-0281-2025-10,PIPE-0281,Stormwater,2025,10,44.2,53.9,False
MON-PIPE-0281-2025-11,PIPE-0281,Stormwater,2025,11,44.3,76.2,False
MON-PIPE-0281-2025-12,PIPE-0281,Stormwater,2025,12,36.2,53.3,False
MON-PIPE-0469-2025-01,PIPE-0469,Stormwater,2025,1,64.3,97.6,False
MON-PIPE-0469-2025-02,PIPE-0469,Stormwater,2025,2,68.2,98.8,False
MON-PIPE-0469-2025-03,PIPE-0469,Stormwater,2025,3,77.6,133.6,False
MON-PIPE-0469-2025-04,PIPE-0469,Stormwater,2025,4,80.8,111.5,False
MON-PIPE-0469-2025-05,PIPE-0469,Stormwater,2025,5,86.7,143.2,True
MON-PIPE-0469-2025-06,PIPE-0469,Stormwater,2025,6,56.9,97.3,False
MON-PIPE-0469-2025-07,PIPE-0469,Stormwater,2025,7,65.4,98.7,False
MON-PIPE-0469-2025-08,PIPE-0469,Stormwater,2025,8,69.4,123.5,False
MON-PIPE-0469-2025-09,PIPE-0469,Stormwater,2025,9,75.2,98.5,False
MON-PIPE-0469-2025-10,PIPE-0469,Stormwater,2025,10,89.9,141.9,True
MON-PIPE-0469-2025-11,PIPE-0469,Stormwater,2025,11,75.4,109.4,False
MON-PIPE-0469-2025-12,PIPE-0469,Stormwater,2025,12,56.3,99.2,False
MON-PIPE-0199-2025-01,PIPE-0199,Sewer,2025,1,77.2,126.0,False
MON-PIPE-0199-2025-02,PIPE-0199,Sewer,2025,2,80.4,115.0,False
MON-PIPE-0199-2025-03,PIPE-0199,Sewer,2025,3,61.1,102.6,False
MON-PIPE-0199-2025-04,PIPE-0199,Sewer,2025,4,63.5,81.2,False
MON-PIPE-0199-2025-05,PIPE-0199,Sewer,2025,5,62.4,94.7,False
MON-PIPE-0199-2025-06,PIPE-0199,Sewer,2025,6,64.5,86.7,False
MON-PIPE-0199-2025-07,PIPE-0199,Sewer,2025,7,50.9,62.8,False
MON-PIPE-0199-2025-08,PIPE-0199,Sewer,2025,8,63.0,82.2,False
MON-PIPE-0199-2025-09,PIPE-0199,Sewer,2025,9,69.2,91.1,False
MON-PIPE-0199-2025-10,PIPE-0199,Sewer,2025,10,73.2,99.5,False
MON-PIPE-0199-2025-11,PIPE-0199,Sewer,2025,11,64.4,89.9,False
MON-PIPE-0199-2025-12,PIPE-0199,Sewer,2025,12,74.1,116.9,False
MON-PIPE-0379-2025-01,PIPE-0379,Stormwater,2025,1,15.9,21.5,False
MON-PIPE-0379-2025-02,PIPE-0379,Stormwater,2025,2,20.2,32.5,False
MON-PIPE-0379-2025-03,PIPE-0379,Stormwater,2025,3,25.5,44.4,False
MON-PIPE-0379-2025-04,PIPE-0379,Stormwater,2025,4,20.0,24.1,False
MON-PIPE-0379-2025-05,PIPE-0379,Stormwater,2025,5,24.6,41.5,False
MON-PIPE-0379-2025-06,PIPE-0379,Stormwater,2025,6,19.9,25.6,False
MON-PIPE-0379-2025-07,PIPE-0379,Stormwater,2025,7,15.8,27.3,False
MON-PIPE-0379-2025-08,PIPE-0379,Stormwater,2025,8,16.1,25.1,False
MON-PIPE-0379-2025-09,PIPE-0379,Stormwater,2025,9,18.1,31.9,False
MON-PIPE-0379-2025-10,PIPE-0379,Stormwater,2025,10,20.5,27.3,False
MON-PIPE-0379-2025-11,PIPE-0379,Stormwater,2025,11,21.9,26.4,False
MON-PIPE-0379-2025-12,PIPE-0379,Stormwater,2025,12,17.9,24.3,False
MON-PIPE-0465-2025-01,PIPE-0465,Sewer,2025,1,5.5,9.3,False
MON-PIPE-0465-2025-02,PIPE-0465,Sewer,2025,2,6.2,7.7,False
MON-PIPE-0465-2025-03,PIPE-0465,Sewer,2025,3,5.5,8.7,False
MON-PIPE-0465-2025-04,PIPE-0465,Sewer,2025,4,4.9,6.3,False
MON-PIPE-0465-2025-05,PIPE-0465,Sewer,2025,5,5.1,6.9,False
MON-PIPE-0465-2025-06,PIPE-0465,Sewer,2025,6,4.2,7.2,False
MON-PIPE-0465-2025-07,PIPE-0465,Sewer,2025,7,4.9,6.8,False
MON-PIPE-0465-2025-08,PIPE-0465,Sewer,2025,8,4.3,5.7,False
MON-PIPE-0465-2025-09,PIPE-0465,Sewer,2025,9,5.1,6.9,False
MON-PIPE-0465-2025-10,PIPE-0465,Sewer,2025,10,5.4,8.7,False
MON-PIPE-0465-2025-11,PIPE-0465,Sewer,2025,11,5.8,9.7,False
MON-PIPE-0465-2025-12,PIPE-0465,Sewer,2025,12,6.0,8.2,False
MON-PIPE-0042-2025-01,PIPE-0042,Sewer,2025,1,56.7,76.3,False
MON-PIPE-0042-2025-02,PIPE-0042,Sewer,2025,2,63.4,102.8,False
MON-PIPE-0042-2025-03,PIPE-0042,Sewer,2025,3,69.2,120.4,False
MON-PIPE-0042-2025-04,PIPE-0042,Sewer,2025,4,60.0,76.3,False
MON-PIPE-0042-2025-05,PIPE-0042,Sewer,2025,5,61.9,95.4,False
MON-PIPE-0042-2025-06,PIPE-0042,Sewer,2025,6,61.0,82.3,False
MON-PIPE-0042-2025-07,PIPE-0042,Sewer,2025,7,50.1,88.3,False
MON-PIPE-0042-2025-08,PIPE-0042,Sewer,2025,8,51.5,66.5,False
MON-PIPE-0042-2025-09,PIPE-0042,Sewer,2025,9,50.6,64.6,False
MON-PIPE-0042-2025-10,PIPE-0042,Sewer,2025,10,57.9,82.7,False
MON-PIPE-0042-2025-11,PIPE-0042,Sewer,2025,11,68.5,107.0,False
MON-PIPE-0042-2025-12,PIPE-0042,Sewer,2025,12,67.8,102.9,False
MON-PIPE-0476-2025-01,PIPE-0476,Sewer,2025,1,35.9,44.7,False
MON-PIPE-0476-2025-02,PIPE-0476,Sewer,2025,2,36.4,50.5,False
MON-PIPE-0476-2025-03,PIPE-0476,Sewer,2025,3,39.8,70.9,False
MON-PIPE-0476-2025-04,PIPE-0476,Sewer,2025,4,38.0,60.8,False
MON-PIPE-0476-2025-05,PIPE-0476,Sewer,2025,5,29.1,48.0,False
MON-PIPE-0476-2025-06,PIPE-0476,Sewer,2025,6,34.9,45.8,False
MON-PIPE-0476-2025-07,PIPE-0476,Sewer,2025,7,30.4,39.8,False
MON-PIPE-0476-2025-08,PIPE-0476,Sewer,2025,8,35.0,53.8,False
MON-PIPE-0476-2025-09,PIPE-0476,Sewer,2025,9,28.7,41.0,False
MON-PIPE-0476-2025-10,PIPE-0476,Sewer,2025,10,33.3,59.3,False
MON-PIPE-0476-2025-11,PIPE-0476,Sewer,2025,11,41.3,63.7,False
MON-PIPE-0476-2025-12,PIPE-0476,Sewer,2025,12,36.8,48.3,False
MON-PIPE-0065-2025-01,PIPE-0065,Sewer,2025,1,77.5,121.4,False
MON-PIPE-0065-2025-02,PIPE-0065,Sewer,2025,2,82.3,142.7,False
MON-PIPE-0065-2025-03,PIPE-0065,Sewer,2025,3,79.3,134.2,False
MON-PIPE-0065-2025-04,PIPE-0065,Sewer,2025,4,74.5,122.4,False
MON-PIPE-0065-2025-05,PIPE-0065,Sewer,2025,5,74.2,121.7,False
MON-PIPE-0065-2025-06,PIPE-0065,Sewer,2025,6,60.1,83.7,False
MON-PIPE-0065-2025-07,PIPE-0065,Sewer,2025,7,64.9,96.5,False
MON-PIPE-0065-2025-08,PIPE-0065,Sewer,2025,8,74.3,113.9,False
MON-PIPE-0065-2025-09,PIPE-0065,Sewer,2025,9,67.5,101.1,False
MON-PIPE-0065-2025-10,PIPE-0065,Sewer,2025,10,75.0,106.7,False
MON-PIPE-0065-2025-11,PIPE-0065,Sewer,2025,11,83.4,100.7,False
MON-PIPE-0065-2025-12,PIPE-0065,Sewer,2025,12,71.0,96.1,False
MON-PIPE-0052-2025-01,PIPE-0052,Sewer,2025,1,44.0,66.6,False
MON-PIPE-0052-2025-02,PIPE-0052,Sewer,2025,2,53.4,72.1,False
MON-PIPE-0052-2025-03,PIPE-0052,Sewer,2025,3,47.7,64.3,False
MON-PIPE-0052-2025-04,PIPE-0052,Sewer,2025,4,41.3,64.5,False
MON-PIPE-0052-2025-05,PIPE-0052,Sewer,2025,5,44.0,78.6,False
MON-PIPE-0052-2025-06,PIPE-0052,Sewer,2025,6,40.2,52.0,False
MON-PIPE-0052-2025-07,PIPE-0052,Sewer,2025,7,34.1,41.1,False
MON-PIPE-0052-2025-08,PIPE-0052,Sewer,2025,8,33.3,41.3,False
MON-PIPE-0052-2025-09,PIPE-0052,Sewer,2025,9,38.5,61.3,False
MON-PIPE-0052-2025-10,PIPE-0052,Sewer,2025,10,45.7,67.6,False
MON-PIPE-0052-2025-11,PIPE-0052,Sewer,2025,11,44.8,76.3,False
MON-PIPE-0052-2025-12,PIPE-0052,Sewer,2025,12,51.4,90.8,False
MON-PIPE-0081-2025-01,PIPE-0081,Stormwater,2025,1,41.5,57.4,False
MON-PIPE-0081-2025-02,PIPE-0081,Stormwater,2025,2,38.2,51.0,False
MON-PIPE-0081-2025-03,PIPE-0081,Stormwater,2025,3,40.8,55.9,False
MON-PIPE-0081-2025-04,PIPE-0081,Stormwater,2025,4,53.7,66.7,False
MON-PIPE-0081-2025-05,PIPE-0081,Stormwater,2025,5,44.6,54.0,False
MON-PIPE-0081-2025-06,PIPE-0081,Stormwater,2025,6,36.7,56.7,False
MON-PIPE-0081-2025-07,PIPE-0081,Stormwater,2025,7,34.5,60.1,False
MON-PIPE-0081-2025-08,PIPE-0081,Stormwater,2025,8,40.3,59.7,False
MON-PIPE-0081-2025-09,PIPE-0081,Stormwater,2025,9,31.4,49.2,False
MON-PIPE-0081-2025-10,PIPE-0081,Stormwater,2025,10,46.5,64.9,False
MON-PIPE-0081-2025-11,PIPE-0081,Stormwater,2025,11,49.9,68.8,False
MON-PIPE-0081-2025-12,PIPE-0081,Stormwater,2025,12,39.2,62.7,False
MON-PIPE-0019-2025-01,PIPE-0019,Stormwater,2025,1,56.0,77.2,False
MON-PIPE-0019-2025-02,PIPE-0019,Stormwater,2025,2,45.1,70.9,False
MON-PIPE-0019-2025-03,PIPE-0019,Stormwater,2025,3,73.1,94.4,False
MON-PIPE-0019-2025-04,PIPE-0019,Stormwater,2025,4,69.2,92.7,False
MON-PIPE-0019-2025-05,PIPE-0019,Stormwater,2025,5,75.6,92.1,False
MON-PIPE-0019-2025-06,PIPE-0019,Stormwater,2025,6,59.8,107.4,False
MON-PIPE-0019-2025-07,PIPE-0019,Stormwater,2025,7,51.8,91.5,False
MON-PIPE-0019-2025-08,PIPE-0019,Stormwater,2025,8,46.6,82.3,False
MON-PIPE-0019-2025-09,PIPE-0019,Stormwater,2025,9,53.8,84.6,False
MON-PIPE-0019-2025-10,PIPE-0019,Stormwater,2025,10,61.0,107.5,False
MON-PIPE-0019-2025-11,PIPE-0019,Stormwater,2025,11,77.9,132.1,False
MON-PIPE-0019-2025-12,PIPE-0019,Stormwater,2025,12,53.6,95.6,False
MON-PIPE-0195-2025-01,PIPE-0195,Sewer,2025,1,29.8,47.4,False
MON-PIPE-0195-2025-02,PIPE-0195,Sewer,2025,2,29.7,42.8,False
MON-PIPE-0195-2025-03,PIPE-0195,Sewer,2025,3,22.9,27.5,False
MON-PIPE-0195-2025-04,PIPE-0195,Sewer,2025,4,24.1,34.2,False
MON-PIPE-0195-2025-05,PIPE-0195,Sewer,2025,5,23.7,28.5,False
MON-PIPE-0195-2025-06,PIPE-0195,Sewer,2025,6,22.5,32.5,False
MON-PIPE-0195-2025-07,PIPE-0195,Sewer,2025,7,24.2,35.3,False
MON-PIPE-0195-2025-08,PIPE-0195,Sewer,2025,8,20.7,30.8,False
MON-PIPE-0195-2025-09,PIPE-0195,Sewer,2025,9,24.6,39.1,False
MON-PIPE-0195-2025-10,PIPE-0195,Sewer,2025,10,26.0,46.2,False
MON-PIPE-0195-2025-11,PIPE-0195,Sewer,2025,11,24.1,41.2,False
MON-PIPE-0195-2025-12,PIPE-0195,Sewer,2025,12,25.3,42.4,False
MON-PIPE-0322-2025-01,PIPE-0322,Sewer,2025,1,38.2,51.7,False
MON-PIPE-0322-2025-02,PIPE-0322,Sewer,2025,2,42.5,59.1,False
MON-PIPE-0322-2025-03,PIPE-0322,Sewer,2025,3,43.7,69.7,False
MON-PIPE-0322-2025-04,PIPE-0322,Sewer,2025,4,36.0,56.6,False
MON-PIPE-0322-2025-05,PIPE-0322,Sewer,2025,5,37.6,47.3,False
MON-PIPE-0322-2025-06,PIPE-0322,Sewer,2025,6,28.1,42.0,False
MON-PIPE-0322-2025-07,PIPE-0322,Sewer,2025,7,29.0,37.8,False
MON-PIPE-0322-2025-08,PIPE-0322,Sewer,2025,8,32.4,57.8,False
MON-PIPE-0322-2025-09,PIPE-0322,Sewer,2025,9,29.6,43.0,False
MON-PIPE-0322-2025-10,PIPE-0322,Sewer,2025,10,39.0,64.6,False
MON-PIPE-0322-2025-11,PIPE-0322,Sewer,2025,11,34.7,42.6,False
MON-PIPE-0322-2025-12,PIPE-0322,Sewer,2025,12,42.3,71.9,False
MON-PIPE-0192-2025-01,PIPE-0192,Stormwater,2025,1,71.7,111.2,False
MON-PIPE-0192-2025-02,PIPE-0192,Stormwater,2025,2,71.3,110.8,False
MON-PIPE-0192-2025-03,PIPE-0192,Stormwater,2025,3,87.2,114.8,True
MON-PIPE-0192-2025-04,PIPE-0192,Stormwater,2025,4,85.8,112.7,True
MON-PIPE-0192-2025-05,PIPE-0192,Stormwater,2025,5,92.9,150.0,True
MON-PIPE-0192-2025-06,PIPE-0192,Stormwater,2025,6,73.8,102.3,False
MON-PIPE-0192-2025-07,PIPE-0192,Stormwater,2025,7,73.7,101.1,False
MON-PIPE-0192-2025-08,PIPE-0192,Stormwater,2025,8,69.0,115.1,False
MON-PIPE-0192-2025-09,PIPE-0192,Stormwater,2025,9,66.7,81.1,False
MON-PIPE-0192-2025-10,PIPE-0192,Stormwater,2025,10,93.3,141.9,True
MON-PIPE-0192-2025-11,PIPE-0192,Stormwater,2025,11,96.4,150.0,True
MON-PIPE-0192-2025-12,PIPE-0192,Stormwater,2025,12,63.1,78.2,False
MON-PIPE-0159-2025-01,PIPE-0159,Stormwater,2025,1,51.7,62.2,False
MON-PIPE-0159-2025-02,PIPE-0159,Stormwater,2025,2,49.9,72.3,False
MON-PIPE-0159-2025-03,PIPE-0159,Stormwater,2025,3,51.4,85.0,False
MON-PIPE-0159-2025-04,PIPE-0159,Stormwater,2025,4,51.3,76.1,False
MON-PIPE-0159-2025-05,PIPE-0159,Stormwater,2025,5,50.7,88.8,False
MON-PIPE-0159-2025-06,PIPE-0159,Stormwater,2025,6,46.1,76.9,False
MON-PIPE-0159-2025-07,PIPE-0159,Stormwater,2025,7,43.4,64.7,False
MON-PIPE-0159-2025-08,PIPE-0159,Stormwater,2025,8,41.8,66.6,False
MON-PIPE-0159-2025-09,PIPE-0159,Stormwater,2025,9,50.2,78.1,False
MON-PIPE-0159-2025-10,PIPE-0159,Stormwater,2025,10,51.4,72.5,False
MON-PIPE-0159-2025-11,PIPE-0159,Stormwater,2025,11,53.5,72.4,False
MON-PIPE-0159-2025-12,PIPE-0159,Stormwater,2025,12,46.7,58.1,False
MON-PIPE-0135-2025-01,PIPE-0135,Sewer,2025,1,82.4,124.0,False
MON-PIPE-0135-2025-02,PIPE-0135,Sewer,2025,2,71.1,108.6,False
MON-PIPE-0135-2025-03,PIPE-0135,Sewer,2025,3,62.6,102.8,False
MON-PIPE-0135-2025-04,PIPE-0135,Sewer,2025,4,59.4,103.2,False
MON-PIPE-0135-2025-05,PIPE-0135,Sewer,2025,5,62.6,85.3,False
MON-PIPE-0135-2025-06,PIPE-0135,Sewer,2025,6,66.0,94.7,False
MON-PIPE-0135-2025-07,PIPE-0135,Sewer,2025,7,57.1,89.2,False
MON-PIPE-0135-2025-08,PIPE-0135,Sewer,2025,8,53.6,77.1,False
MON-PIPE-0135-2025-09,PIPE-0135,Sewer,2025,9,66.3,112.2,False
MON-PIPE-0135-2025-10,PIPE-0135,Sewer,2025,10,57.5,78.8,False
MON-PIPE-0135-2025-11,PIPE-0135,Sewer,2025,11,73.5,127.5,False
MON-PIPE-0135-2025-12,PIPE-0135,Sewer,2025,12,81.4,132.7,False
MON-PIPE-0144-2025-01,PIPE-0144,Sewer,2025,1,51.2,71.0,False
MON-PIPE-0144-2025-02,PIPE-0144,Sewer,2025,2,54.0,96.7,False
MON-PIPE-0144-2025-03,PIPE-0144,Sewer,2025,3,58.8,79.3,False
MON-PIPE-0144-2025-04,PIPE-0144,Sewer,2025,4,54.4,88.5,False
MON-PIPE-0144-2025-05,PIPE-0144,Sewer,2025,5,40.6,50.7,False
MON-PIPE-0144-2025-06,PIPE-0144,Sewer,2025,6,43.8,70.5,False
MON-PIPE-0144-2025-07,PIPE-0144,Sewer,2025,7,43.6,62.6,False
MON-PIPE-0144-2025-08,PIPE-0144,Sewer,2025,8,38.9,68.6,False
MON-PIPE-0144-2025-09,PIPE-0144,Sewer,2025,9,48.6,65.3,False
MON-PIPE-0144-2025-10,PIPE-0144,Sewer,2025,10,46.4,78.5,False
MON-PIPE-0144-2025-11,PIPE-0144,Sewer,2025,11,52.0,83.8,False
MON-PIPE-0144-2025-12,PIPE-0144,Sewer,2025,12,49.8,88.8,False
MON-PIPE-0201-2025-01,PIPE-0201,Stormwater,2025,1,19.2,30.6,False
MON-PIPE-0201-2025-02,PIPE-0201,Stormwater,2025,2,18.1,21.9,False
MON-PIPE-0201-2025-03,PIPE-0201,Stormwater,2025,3,22.5,29.1,False
MON-PIPE-0201-2025-04,PIPE-0201,Stormwater,2025,4,24.7,31.0,False
MON-PIPE-0201-2025-05,PIPE-0201,Stormwater,2025,5,26.1,35.7,False
MON-PIPE-0201-2025-06,PIPE-0201,Stormwater,2025,6,17.6,27.5,False
MON-PIPE-0201-2025-07,PIPE-0201,Stormwater,2025,7,19.9,32.5,False
MON-PIPE-0201-2025-08,PIPE-0201,Stormwater,2025,8,17.1,24.8,False
MON-PIPE-0201-2025-09,PIPE-0201,Stormwater,2025,9,16.3,28.7,False
MON-PIPE-0201-2025-10,PIPE-0201,Stormwater,2025,10,24.0,35.5,False
MON-PIPE-0201-2025-11,PIPE-0201,Stormwater,2025,11,21.6,26.2,False
MON-PIPE-0201-2025-12,PIPE-0201,Stormwater,2025,12,20.1,35.0,False
MON-PIPE-0136-2025-01,PIPE-0136,Sewer,2025,1,40.7,69.4,False
MON-PIPE-0136-2025-02,PIPE-0136,Sewer,2025,2,37.1,55.8,False
MON-PIPE-0136-2025-03,PIPE-0136,Sewer,2025,3,40.7,62.5,False
MON-PIPE-0136-2025-04,PIPE-0136,Sewer,2025,4,38.7,47.4,False
MON-PIPE-0136-2025-05,PIPE-0136,Sewer,2025,5,28.5,50.9,False
MON-PIPE-0136-2025-06,PIPE-0136,Sewer,2025,6,32.2,50.2,False
MON-PIPE-0136-2025-07,PIPE-0136,Sewer,2025,7,30.7,46.8,False
MON-PIPE-0136-2025-08,PIPE-0136,Sewer,2025,8,32.2,52.0,False
MON-PIPE-0136-2025-09,PIPE-0136,Sewer,2025,9,35.3,48.3,False
MON-PIPE-0136-2025-10,PIPE-0136,Sewer,2025,10,30.9,38.8,False
MON-PIPE-0136-2025-11,PIPE-0136,Sewer,2025,11,37.7,65.8,False
MON-PIPE-0136-2025-12,PIPE-0136,Sewer,2025,12,40.7,58.1,False
MON-PIPE-0216-2025-01,PIPE-0216,Stormwater,2025,1,23.9,36.4,False
MON-PIPE-0216-2025-02,PIPE-0216,Stormwater,2025,2,27.6,42.4,False
MON-PIPE-0216-2025-03,PIPE-0216,Stormwater,2025,3,33.7,56.6,False
MON-PIPE-0216-2025-04,PIPE-0216,Stormwater,2025,4,32.6,52.0,False
MON-PIPE-0216-2025-05,PIPE-0216,Stormwater,2025,5,31.2,49.7,False
MON-PIPE-0216-2025-06,PIPE-0216,Stormwater,2025,6,23.4,42.0,False
MON-PIPE-0216-2025-07,PIPE-0216,Stormwater,2025,7,29.6,47.5,False
MON-PIPE-0216-2025-08,PIPE-0216,Stormwater,2025,8,24.4,29.5,False
MON-PIPE-0216-2025-09,PIPE-0216,Stormwater,2025,9,25.0,43.6,False
MON-PIPE-0216-2025-10,PIPE-0216,Stormwater,2025,10,37.2,55.3,False
MON-PIPE-0216-2025-11,PIPE-0216,Stormwater,2025,11,40.2,57.0,False
MON-PIPE-0216-2025-12,PIPE-0216,Stormwater,2025,12,25.4,37.8,False
MON-PIPE-0330-2025-01,PIPE-0330,Sewer,2025,1,118.7,150.0,True
MON-PIPE-0330-2025-02,PIPE-0330,Sewer,2025,2,120.0,150.0,True
MON-PIPE-0330-2025-03,PIPE-0330,Sewer,2025,3,111.7,143.3,True
MON-PIPE-0330-2025-04,PIPE-0330,Sewer,2025,4,104.2,137.3,True
MON-PIPE-0330-2025-05,PIPE-0330,Sewer,2025,5,92.4,114.4,True
MON-PIPE-0330-2025-06,PIPE-0330,Sewer,2025,6,86.7,107.9,True
MON-PIPE-0330-2025-07,PIPE-0330,Sewer,2025,7,91.1,127.8,True
MON-PIPE-0330-2025-08,PIPE-0330,Sewer,2025,8,82.7,112.8,False
MON-PIPE-0330-2025-09,PIPE-0330,Sewer,2025,9,104.6,150.0,True
MON-PIPE-0330-2025-10,PIPE-0330,Sewer,2025,10,96.6,139.6,True
MON-PIPE-0330-2025-11,PIPE-0330,Sewer,2025,11,117.9,150.0,True
MON-PIPE-0330-2025-12,PIPE-0330,Sewer,2025,12,104.7,150.0,True
MON-PIPE-0346-2025-01,PIPE-0346,Sewer,2025,1,54.0,64.9,False
MON-PIPE-0346-2025-02,PIPE-0346,Sewer,2025,2,50.9,61.5,False
MON-PIPE-0346-2025-03,PIPE-0346,Sewer,2025,3,57.1,71.0,False
MON-PIPE-0346-2025-04,PIPE-0346,Sewer,2025,4,50.6,61.2,False
MON-PIPE-0346-2025-05,PIPE-0346,Sewer,2025,5,45.3,76.5,False
MON-PIPE-0346-2025-06,PIPE-0346,Sewer,2025,6,50.4,60.7,False
MON-PIPE-0346-2025-07,PIPE-0346,Sewer,2025,7,49.5,74.8,False
MON-PIPE-0346-2025-08,PIPE-0346,Sewer,2025,8,38.8,68.2,False
MON-PIPE-0346-2025-09,PIPE-0346,Sewer,2025,9,40.8,54.7,False
MON-PIPE-0346-2025-10,PIPE-0346,Sewer,2025,10,48.5,65.1,False
MON-PIPE-0346-2025-11,PIPE-0346,Sewer,2025,11,58.4,83.1,False
MON-PIPE-0346-2025-12,PIPE-0346,Sewer,2025,12,49.2,74.7,False
MON-PIPE-0483-2025-01,PIPE-0483,Sewer,2025,1,100.4,150.0,True
MON-PIPE-0483-2025-02,PIPE-0483,Sewer,2025,2,92.9,150.0,True
MON-PIPE-0483-2025-03,PIPE-0483,Sewer,2025,3,94.5,146.7,True
MON-PIPE-0483-2025-04,PIPE-0483,Sewer,2025,4,73.4,97.6,False
MON-PIPE-0483-2025-05,PIPE-0483,Sewer,2025,5,69.8,88.7,False
MON-PIPE-0483-2025-06,PIPE-0483,Sewer,2025,6,69.3,116.7,False
MON-PIPE-0483-2025-07,PIPE-0483,Sewer,2025,7,69.7,84.8,False
MON-PIPE-0483-2025-08,PIPE-0483,Sewer,2025,8,73.9,89.7,False
MON-PIPE-0483-2025-09,PIPE-0483,Sewer,2025,9,75.1,97.2,False
MON-PIPE-0483-2025-10,PIPE-0483,Sewer,2025,10,78.3,138.3,False
MON-PIPE-0483-2025-11,PIPE-0483,Sewer,2025,11,98.2,150.0,True
MON-PIPE-0483-2025-12,PIPE-0483,Sewer,2025,12,100.5,142.7,True
MON-PIPE-0311-2025-01,PIPE-0311,Sewer,2025,1,69.6,107.5,False
MON-PIPE-0311-2025-02,PIPE-0311,Sewer,2025,2,68.0,121.1,False
MON-PIPE-0311-2025-03,PIPE-0311,Sewer,2025,3,51.3,80.7,False
MON-PIPE-0311-2025-04,PIPE-0311,Sewer,2025,4,56.7,69.5,False
MON-PIPE-0311-2025-05,PIPE-0311,Sewer,2025,5,58.5,86.5,False
MON-PIPE-0311-2025-06,PIPE-0311,Sewer,2025,6,56.6,100.1,False
MON-PIPE-0311-2025-07,PIPE-0311,Sewer,2025,7,55.8,89.1,False
MON-PIPE-0311-2025-08,PIPE-0311,Sewer,2025,8,46.6,63.6,False
MON-PIPE-0311-2025-09,PIPE-0311,Sewer,2025,9,54.8,97.1,False
MON-PIPE-0311-2025-10,PIPE-0311,Sewer,2025,10,48.4,66.4,False
MON-PIPE-0311-2025-11,PIPE-0311,Sewer,2025,11,60.5,94.6,False
MON-PIPE-0311-2025-12,PIPE-0311,Sewer,2025,12,65.5,115.0,False
MON-PIPE-0299-2025-01,PIPE-0299,Stormwater,2025,1,53.3,66.9,False
MON-PIPE-0299-2025-02,PIPE-0299,Stormwater,2025,2,59.1,93.3,False
MON-PIPE-0299-2025-03,PIPE-0299,Stormwater,2025,3,66.9,102.3,False
MON-PIPE-0299-2025-04,PIPE-0299,Stormwater,2025,4,73.0,115.2,False
MON-PIPE-0299-2025-05,PIPE-0299,Stormwater,2025,5,76.2,104.4,False
MON-PIPE-0299-2025-06,PIPE-0299,Stormwater,2025,6,64.0,87.7,False
MON-PIPE-0299-2025-07,PIPE-0299,Stormwater,2025,7,55.1,98.5,False
MON-PIPE-0299-2025-08,PIPE-0299,Stormwater,2025,8,52.1,67.8,False
MON-PIPE-0299-2025-09,PIPE-0299,Stormwater,2025,9,63.2,89.9,False
MON-PIPE-0299-2025-10,PIPE-0299,Stormwater,2025,10,67.0,105.2,False
MON-PIPE-0299-2025-11,PIPE-0299,Stormwater,2025,11,65.4,105.9,False
MON-PIPE-0299-2025-12,PIPE-0299,Stormwater,2025,12,56.0,75.1,False
MON-PIPE-0240-2025-01,PIPE-0240,Sewer,2025,1,43.8,55.3,False
MON-PIPE-0240-2025-02,PIPE-0240,Sewer,2025,2,38.6,49.6,False
MON-PIPE-0240-2025-03,PIPE-0240,Sewer,2025,3,38.4,46.8,False
MON-PIPE-0240-2025-04,PIPE-0240,Sewer,2025,4,30.5,44.8,False
MON-PIPE-0240-2025-05,PIPE-0240,Sewer,2025,5,35.1,58.1,False
MON-PIPE-0240-2025-06,PIPE-0240,Sewer,2025,6,35.9,51.8,False
MON-PIPE-0240-2025-07,PIPE-0240,Sewer,2025,7,28.0,39.5,False
MON-PIPE-0240-2025-08,PIPE-0240,Sewer,2025,8,36.8,52.2,False
MON-PIPE-0240-2025-09,PIPE-0240,Sewer,2025,9,32.3,40.1,False
MON-PIPE-0240-2025-10,PIPE-0240,Sewer,2025,10,40.7,65.5,False
MON-PIPE-0240-2025-11,PIPE-0240,Sewer,2025,11,33.0,44.2,False
MON-PIPE-0240-2025-12,PIPE-0240,Sewer,2025,12,42.2,74.7,False
MON-PIPE-0310-2025-01,PIPE-0310,Sewer,2025,1,95.4,150.0,True
MON-PIPE-0310-2025-02,PIPE-0310,Sewer,2025,2,90.9,112.0,True
MON-PIPE-0310-2025-03,PIPE-0310,Sewer,2025,3,93.2,143.8,True
MON-PIPE-0310-2025-04,PIPE-0310,Sewer,2025,4,83.9,109.7,False
MON-PIPE-0310-2025-05,PIPE-0310,Sewer,2025,5,77.1,102.2,False
MON-PIPE-0310-2025-06,PIPE-0310,Sewer,2025,6,80.3,111.2,False
MON-PIPE-0310-2025-07,PIPE-0310,Sewer,2025,7,78.3,96.6,False
MON-PIPE-0310-2025-08,PIPE-0310,Sewer,2025,8,75.2,102.2,False
MON-PIPE-0310-2025-09,PIPE-0310,Sewer,2025,9,88.0,116.9,True
MON-PIPE-0310-2025-10,PIPE-0310,Sewer,2025,10,91.9,127.9,True
MON-PIPE-0310-2025-11,PIPE-0310,Sewer,2025,11,104.6,150.0,True
MON-PIPE-0310-2025-12,PIPE-0310,Sewer,2025,12,98.7,137.4,True
MON-PIPE-0146-2025-01,PIPE-0146,Sewer,2025,1,34.0,52.5,False
MON-PIPE-0146-2025-02,PIPE-0146,Sewer,2025,2,36.3,60.1,False
MON-PIPE-0146-2025-03,PIPE-0146,Sewer,2025,3,36.8,58.2,False
MON-PIPE-0146-2025-04,PIPE-0146,Sewer,2025,4,31.0,45.3,False
MON-PIPE-0146-2025-05,PIPE-0146,Sewer,2025,5,31.0,42.8,False
MON-PIPE-0146-2025-06,PIPE-0146,Sewer,2025,6,29.3,45.4,False
MON-PIPE-0146-2025-07,PIPE-0146,Sewer,2025,7,26.4,37.8,False
MON-PIPE-0146-2025-08,PIPE-0146,Sewer,2025,8,24.4,32.7,False
MON-PIPE-0146-2025-09,PIPE-0146,Sewer,2025,9,32.2,52.4,False
MON-PIPE-0146-2025-10,PIPE-0146,Sewer,2025,10,30.7,48.4,False
MON-PIPE-0146-2025-11,PIPE-0146,Sewer,2025,11,33.1,47.6,False
MON-PIPE-0146-2025-12,PIPE-0146,Sewer,2025,12,38.5,54.8,False
MON-PIPE-0418-2025-01,PIPE-0418,Sewer,2025,1,71.3,118.6,False
MON-PIPE-0418-2025-02,PIPE-0418,Sewer,2025,2,81.0,145.5,False
MON-PIPE-0418-2025-03,PIPE-0418,Sewer,2025,3,72.1,123.2,False
MON-PIPE-0418-2025-04,PIPE-0418,Sewer,2025,4,70.1,87.9,False
MON-PIPE-0418-2025-05,PIPE-0418,Sewer,2025,5,56.2,96.3,False
MON-PIPE-0418-2025-06,PIPE-0418,Sewer,2025,6,62.9,79.3,False
MON-PIPE-0418-2025-07,PIPE-0418,Sewer,2025,7,51.2,62.2,False
MON-PIPE-0418-2025-08,PIPE-0418,Sewer,2025,8,55.2,82.4,False
MON-PIPE-0418-2025-09,PIPE-0418,Sewer,2025,9,55.3,94.6,False
MON-PIPE-0418-2025-10,PIPE-0418,Sewer,2025,10,57.4,93.2,False
MON-PIPE-0418-2025-11,PIPE-0418,Sewer,2025,11,72.2,95.9,False
MON-PIPE-0418-2025-12,PIPE-0418,Sewer,2025,12,74.9,99.3,False
MON-PIPE-0475-2025-01,PIPE-0475,Stormwater,2025,1,61.5,88.7,False
MON-PIPE-0475-2025-02,PIPE-0475,Stormwater,2025,2,49.6,65.1,False
MON-PIPE-0475-2025-03,PIPE-0475,Stormwater,2025,3,70.8,90.6,False
MON-PIPE-0475-2025-04,PIPE-0475,Stormwater,2025,4,64.1,83.2,False
MON-PIPE-0475-2025-05,PIPE-0475,Stormwater,2025,5,67.4,113.4,False
MON-PIPE-0475-2025-06,PIPE-0475,Stormwater,2025,6,60.9,86.8,False
MON-PIPE-0475-2025-07,PIPE-0475,Stormwater,2025,7,59.3,94.4,False
MON-PIPE-0475-2025-08,PIPE-0475,Stormwater,2025,8,49.6,72.6,False
MON-PIPE-0475-2025-09,PIPE-0475,Stormwater,2025,9,60.2,94.7,False
MON-PIPE-0475-2025-10,PIPE-0475,Stormwater,2025,10,73.9,98.6,False
MON-PIPE-0475-2025-11,PIPE-0475,Stormwater,2025,11,70.3,98.6,False
MON-PIPE-0475-2025-12,PIPE-0475,Stormwater,2025,12,47.7,61.2,False
MON-PIPE-0131-2025-01,PIPE-0131,Sewer,2025,1,105.5,128.0,True
MON-PIPE-0131-2025-02,PIPE-0131,Sewer,2025,2,86.5,139.5,True
MON-PIPE-0131-2025-03,PIPE-0131,Sewer,2025,3,80.4,116.9,False
MON-PIPE-0131-2025-04,PIPE-0131,Sewer,2025,4,80.9,134.0,False
MON-PIPE-0131-2025-05,PIPE-0131,Sewer,2025,5,75.7,103.5,False
MON-PIPE-0131-2025-06,PIPE-0131,Sewer,2025,6,71.3,126.7,False
MON-PIPE-0131-2025-07,PIPE-0131,Sewer,2025,7,78.4,97.4,False
MON-PIPE-0131-2025-08,PIPE-0131,Sewer,2025,8,82.1,105.9,False
MON-PIPE-0131-2025-09,PIPE-0131,Sewer,2025,9,86.6,145.5,True
MON-PIPE-0131-2025-10,PIPE-0131,Sewer,2025,10,88.8,150.0,True
MON-PIPE-0131-2025-11,PIPE-0131,Sewer,2025,11,104.8,146.4,True
MON-PIPE-0131-2025-12,PIPE-0131,Sewer,2025,12,91.6,128.7,True
MON-PIPE-0383-2025-01,PIPE-0383,Sewer,2025,1,35.5,43.8,False
MON-PIPE-0383-2025-02,PIPE-0383,Sewer,2025,2,35.2,49.1,False
MON-PIPE-0383-2025-03,PIPE-0383,Sewer,2025,3,30.6,47.9,False
MON-PIPE-0383-2025-04,PIPE-0383,Sewer,2025,4,24.6,37.7,False
MON-PIPE-0383-2025-05,PIPE-0383,Sewer,2025,5,24.4,29.7,False
MON-PIPE-0383-2025-06,PIPE-0383,Sewer,2025,6,27.0,38.8,False
MON-PIPE-0383-2025-07,PIPE-0383,Sewer,2025,7,23.3,31.4,False
MON-PIPE-0383-2025-08,PIPE-0383,Sewer,2025,8,26.7,35.0,False
MON-PIPE-0383-2025-09,PIPE-0383,Sewer,2025,9,28.7,51.5,False
MON-PIPE-0383-2025-10,PIPE-0383,Sewer,2025,10,30.2,39.0,False
MON-PIPE-0383-2025-11,PIPE-0383,Sewer,2025,11,26.7,39.2,False
MON-PIPE-0383-2025-12,PIPE-0383,Sewer,2025,12,30.9,40.9,False
MON-PIPE-0055-2025-01,PIPE-0055,Stormwater,2025,1,67.3,116.6,False
MON-PIPE-0055-2025-02,PIPE-0055,Stormwater,2025,2,77.2,137.1,False
MON-PIPE-0055-2025-03,PIPE-0055,Stormwater,2025,3,113.9,150.0,True
MON-PIPE-0055-2025-04,PIPE-0055,Stormwater,2025,4,94.2,140.1,True
MON-PIPE-0055-2025-05,PIPE-0055,Stormwater,2025,5,113.0,150.0,True
MON-PIPE-0055-2025-06,PIPE-0055,Stormwater,2025,6,70.3,99.6,False
MON-PIPE-0055-2025-07,PIPE-0055,Stormwater,2025,7,71.0,119.2,False
MON-PIPE-0055-2025-08,PIPE-0055,Stormwater,2025,8,73.3,101.7,False
MON-PIPE-0055-2025-09,PIPE-0055,Stormwater,2025,9,80.0,134.2,False
MON-PIPE-0055-2025-10,PIPE-0055,Stormwater,2025,10,89.3,122.6,True
MON-PIPE-0055-2025-11,PIPE-0055,Stormwater,2025,11,107.1,130.9,True
MON-PIPE-0055-2025-12,PIPE-0055,Stormwater,2025,12,76.5,124.3,False
MON-PIPE-0345-2025-01,PIPE-0345,Stormwater,2025,1,39.3,50.3,False
MON-PIPE-0345-2025-02,PIPE-0345,Stormwater,2025,2,36.8,44.6,False
MON-PIPE-0345-2025-03,PIPE-0345,Stormwater,2025,3,50.0,73.0,False
MON-PIPE-0345-2025-04,PIPE-0345,Stormwater,2025,4,51.9,73.7,False
MON-PIPE-0345-2025-05,PIPE-0345,Stormwater,2025,5,43.1,63.4,False
MON-PIPE-0345-2025-06,PIPE-0345,Stormwater,2025,6,32.8,50.6,False
MON-PIPE-0345-2025-07,PIPE-0345,Stormwater,2025,7,31.3,54.9,False
MON-PIPE-0345-2025-08,PIPE-0345,Stormwater,2025,8,40.4,48.8,False
MON-PIPE-0345-2025-09,PIPE-0345,Stormwater,2025,9,31.7,51.5,False
MON-PIPE-0345-2025-10,PIPE-0345,Stormwater,2025,10,43.4,65.3,False
MON-PIPE-0345-2025-11,PIPE-0345,Stormwater,2025,11,54.8,86.6,False
MON-PIPE-0345-2025-12,PIPE-0345,Stormwater,2025,12,40.0,70.7,False
MON-PIPE-0110-2025-01,PIPE-0110,Sewer,2025,1,120.0,150.0,True
MON-PIPE-0110-2025-02,PIPE-0110,Sewer,2025,2,120.0,150.0,True
MON-PIPE-0110-2025-03,PIPE-0110,Sewer,2025,3,99.1,145.5,True
MON-PIPE-0110-2025-04,PIPE-0110,Sewer,2025,4,94.5,140.9,True
MON-PIPE-0110-2025-05,PIPE-0110,Sewer,2025,5,96.4,121.7,True
MON-PIPE-0110-2025-06,PIPE-0110,Sewer,2025,6,101.0,150.0,True
MON-PIPE-0110-2025-07,PIPE-0110,Sewer,2025,7,93.3,143.9,True
MON-PIPE-0110-2025-08,PIPE-0110,Sewer,2025,8,89.2,137.8,True
MON-PIPE-0110-2025-09,PIPE-0110,Sewer,2025,9,95.2,130.1,True
MON-PIPE-0110-2025-10,PIPE-0110,Sewer,2025,10,114.9,150.0,True
MON-PIPE-0110-2025-11,PIPE-0110,Sewer,2025,11,98.3,150.0,True
MON-PIPE-0110-2025-12,PIPE-0110,Sewer,2025,12,110.6,135.0,True
MON-PIPE-0018-2025-01,PIPE-0018,Stormwater,2025,1,85.4,148.0,True
MON-PIPE-0018-2025-02,PIPE-0018,Stormwater,2025,2,87.2,105.4,True
MON-PIPE-0018-2025-03,PIPE-0018,Stormwater,2025,3,96.8,150.0,True
MON-PIPE-0018-2025-04,PIPE-0018,Stormwater,2025,4,108.6,139.6,True
MON-PIPE-0018-2025-05,PIPE-0018,Stormwater,2025,5,101.0,150.0,True
MON-PIPE-0018-2025-06,PIPE-0018,Stormwater,2025,6,74.8,95.5,False
MON-PIPE-0018-2025-07,PIPE-0018,Stormwater,2025,7,85.6,150.0,True
MON-PIPE-0018-2025-08,PIPE-0018,Stormwater,2025,8,73.9,105.6,False
MON-PIPE-0018-2025-09,PIPE-0018,Stormwater,2025,9,70.9,91.8,False
MON-PIPE-0018-2025-10,PIPE-0018,Stormwater,2025,10,105.1,150.0,True
MON-PIPE-0018-2025-11,PIPE-0018,Stormwater,2025,11,115.4,150.0,True
MON-PIPE-0018-2025-12,PIPE-0018,Stormwater,2025,12,69.5,119.6,False
MON-PIPE-0304-2025-01,PIPE-0304,Sewer,2025,1,42.0,65.9,False
MON-PIPE-0304-2025-02,PIPE-0304,Sewer,2025,2,47.9,67.2,False
MON-PIPE-0304-2025-03,PIPE-0304,Sewer,2025,3,41.8,50.3,False
MON-PIPE-0304-2025-04,PIPE-0304,Sewer,2025,4,37.1,59.8,False
MON-PIPE-0304-2025-05,PIPE-0304,Sewer,2025,5,39.3,63.6,False
MON-PIPE-0304-2025-06,PIPE-0304,Sewer,2025,6,43.0,55.8,False
MON-PIPE-0304-2025-07,PIPE-0304,Sewer,2025,7,42.1,71.1,False
MON-PIPE-0304-2025-08,PIPE-0304,Sewer,2025,8,43.6,70.7,False
MON-PIPE-0304-2025-09,PIPE-0304,Sewer,2025,9,37.7,56.5,False
MON-PIPE-0304-2025-10,PIPE-0304,Sewer,2025,10,38.4,66.6,False
MON-PIPE-0304-2025-11,PIPE-0304,Sewer,2025,11,47.0,66.0,False
MON-PIPE-0304-2025-12,PIPE-0304,Sewer,2025,12,50.1,82.6,False
MON-PIPE-0283-2025-01,PIPE-0283,Stormwater,2025,1,42.5,52.6,False
MON-PIPE-0283-2025-02,PIPE-0283,Stormwater,2025,2,40.3,60.5,False
MON-PIPE-0283-2025-03,PIPE-0283,Stormwater,2025,3,46.5,82.7,False
MON-PIPE-0283-2025-04,PIPE-0283,Stormwater,2025,4,47.5,72.0,False
MON-PIPE-0283-2025-05,PIPE-0283,Stormwater,2025,5,52.8,78.7,False
MON-PIPE-0283-2025-06,PIPE-0283,Stormwater,2025,6,38.1,58.2,False
MON-PIPE-0283-2025-07,PIPE-0283,Stormwater,2025,7,44.3,55.0,False
MON-PIPE-0283-2025-08,PIPE-0283,Stormwater,2025,8,40.4,57.8,False
MON-PIPE-0283-2025-09,PIPE-0283,Stormwater,2025,9,35.0,57.4,False
MON-PIPE-0283-2025-10,PIPE-0283,Stormwater,2025,10,55.2,74.7,False
MON-PIPE-0283-2025-11,PIPE-0283,Stormwater,2025,11,54.4,78.4,False
MON-PIPE-0283-2025-12,PIPE-0283,Stormwater,2025,12,39.7,71.0,False
MON-PIPE-0245-2025-01,PIPE-0245,Sewer,2025,1,115.3,150.0,True
MON-PIPE-0245-2025-02,PIPE-0245,Sewer,2025,2,120.0,150.0,True
MON-PIPE-0245-2025-03,PIPE-0245,Sewer,2025,3,114.0,150.0,True
MON-PIPE-0245-2025-04,PIPE-0245,Sewer,2025,4,97.9,143.6,True
MON-PIPE-0245-2025-05,PIPE-0245,Sewer,2025,5,87.5,145.7,True
MON-PIPE-0245-2025-06,PIPE-0245,Sewer,2025,6,86.6,149.8,True
MON-PIPE-0245-2025-07,PIPE-0245,Sewer,2025,7,89.1,150.0,True
MON-PIPE-0245-2025-08,PIPE-0245,Sewer,2025,8,99.2,150.0,True
MON-PIPE-0245-2025-09,PIPE-0245,Sewer,2025,9,92.4,122.0,True
MON-PIPE-0245-2025-10,PIPE-0245,Sewer,2025,10,109.1,134.2,True
MON-PIPE-0245-2025-11,PIPE-0245,Sewer,2025,11,107.4,150.0,True
MON-PIPE-0245-2025-12,PIPE-0245,Sewer,2025,12,98.5,123.1,True
MON-PIPE-0061-2025-01,PIPE-0061,Sewer,2025,1,97.0,116.8,True
MON-PIPE-0061-2025-02,PIPE-0061,Sewer,2025,2,96.2,136.0,True
MON-PIPE-0061-2025-03,PIPE-0061,Sewer,2025,3,89.5,131.5,True
MON-PIPE-0061-2025-04,PIPE-0061,Sewer,2025,4,89.5,150.0,True
MON-PIPE-0061-2025-05,PIPE-0061,Sewer,2025,5,79.7,127.5,False
MON-PIPE-0061-2025-06,PIPE-0061,Sewer,2025,6,80.6,116.0,False
MON-PIPE-0061-2025-07,PIPE-0061,Sewer,2025,7,74.5,123.3,False
MON-PIPE-0061-2025-08,PIPE-0061,Sewer,2025,8,89.3,126.0,True
MON-PIPE-0061-2025-09,PIPE-0061,Sewer,2025,9,96.3,125.5,True
MON-PIPE-0061-2025-10,PIPE-0061,Sewer,2025,10,88.5,120.8,True
MON-PIPE-0061-2025-11,PIPE-0061,Sewer,2025,11,80.7,115.6,False
MON-PIPE-0061-2025-12,PIPE-0061,Sewer,2025,12,97.0,146.7,True
MON-PIPE-0049-2025-01,PIPE-0049,Sewer,2025,1,115.7,150.0,True
MON-PIPE-0049-2025-02,PIPE-0049,Sewer,2025,2,115.5,150.0,True
MON-PIPE-0049-2025-03,PIPE-0049,Sewer,2025,3,86.9,108.0,True
MON-PIPE-0049-2025-04,PIPE-0049,Sewer,2025,4,91.2,123.4,True
MON-PIPE-0049-2025-05,PIPE-0049,Sewer,2025,5,78.3,102.2,False
MON-PIPE-0049-2025-06,PIPE-0049,Sewer,2025,6,78.5,108.4,False
MON-PIPE-0049-2025-07,PIPE-0049,Sewer,2025,7,72.4,109.1,False
MON-PIPE-0049-2025-08,PIPE-0049,Sewer,2025,8,87.5,150.0,True
MON-PIPE-0049-2025-09,PIPE-0049,Sewer,2025,9,75.6,127.1,False
MON-PIPE-0049-2025-10,PIPE-0049,Sewer,2025,10,103.9,137.2,True
MON-PIPE-0049-2025-11,PIPE-0049,Sewer,2025,11,97.4,148.1,True
MON-PIPE-0049-2025-12,PIPE-0049,Sewer,2025,12,102.0,150.0,True
MON-PIPE-0428-2025-01,PIPE-0428,Stormwater,2025,1,39.6,55.1,False
MON-PIPE-0428-2025-02,PIPE-0428,Stormwater,2025,2,42.6,52.2,False
MON-PIPE-0428-2025-03,PIPE-0428,Stormwater,2025,3,48.6,58.9,False
MON-PIPE-0428-2025-04,PIPE-0428,Stormwater,2025,4,51.6,67.9,False
MON-PIPE-0428-2025-05,PIPE-0428,Stormwater,2025,5,62.3,85.9,False
MON-PIPE-0428-2025-06,PIPE-0428,Stormwater,2025,6,48.6,62.8,False
MON-PIPE-0428-2025-07,PIPE-0428,Stormwater,2025,7,39.3,62.3,False
MON-PIPE-0428-2025-08,PIPE-0428,Stormwater,2025,8,37.3,45.8,False
MON-PIPE-0428-2025-09,PIPE-0428,Stormwater,2025,9,45.5,74.6,False
MON-PIPE-0428-2025-10,PIPE-0428,Stormwater,2025,10,56.6,92.9,False
MON-PIPE-0428-2025-11,PIPE-0428,Stormwater,2025,11,51.3,91.8,False
MON-PIPE-0428-2025-12,PIPE-0428,Stormwater,2025,12,46.6,63.7,False
MON-PIPE-0105-2025-01,PIPE-0105,Stormwater,2025,1,36.3,49.4,False
MON-PIPE-0105-2025-02,PIPE-0105,Stormwater,2025,2,42.7,66.2,False
MON-PIPE-0105-2025-03,PIPE-0105,Stormwater,2025,3,53.1,65.8,False
MON-PIPE-0105-2025-04,PIPE-0105,Stormwater,2025,4,56.0,87.2,False
MON-PIPE-0105-2025-05,PIPE-0105,Stormwater,2025,5,60.2,105.4,False
MON-PIPE-0105-2025-06,PIPE-0105,Stormwater,2025,6,46.6,80.5,False
MON-PIPE-0105-2025-07,PIPE-0105,Stormwater,2025,7,37.1,50.6,False
MON-PIPE-0105-2025-08,PIPE-0105,Stormwater,2025,8,47.8,73.3,False
MON-PIPE-0105-2025-09,PIPE-0105,Stormwater,2025,9,36.8,52.2,False
MON-PIPE-0105-2025-10,PIPE-0105,Stormwater,2025,10,56.0,84.9,False
MON-PIPE-0105-2025-11,PIPE-0105,Stormwater,2025,11,50.9,89.0,False
MON-PIPE-0105-2025-12,PIPE-0105,Stormwater,2025,12,41.3,58.3,False
MON-PIPE-0348-2025-01,PIPE-0348,Sewer,2025,1,51.9,85.7,False
MON-PIPE-0348-2025-02,PIPE-0348,Sewer,2025,2,47.2,84.6,False
MON-PIPE-0348-2025-03,PIPE-0348,Sewer,2025,3,51.9,62.7,False
MON-PIPE-0348-2025-04,PIPE-0348,Sewer,2025,4,40.6,64.3,False
MON-PIPE-0348-2025-05,PIPE-0348,Sewer,2025,5,45.8,70.7,False
MON-PIPE-0348-2025-06,PIPE-0348,Sewer,2025,6,40.5,70.2,False
MON-PIPE-0348-2025-07,PIPE-0348,Sewer,2025,7,38.7,61.0,False
MON-PIPE-0348-2025-08,PIPE-0348,Sewer,2025,8,39.0,50.1,False
MON-PIPE-0348-2025-09,PIPE-0348,Sewer,2025,9,46.2,55.5,False
MON-PIPE-0348-2025-10,PIPE-0348,Sewer,2025,10,45.7,61.7,False
MON-PIPE-0348-2025-11,PIPE-0348,Sewer,2025,11,40.7,70.1,False
MON-PIPE-0348-2025-12,PIPE-0348,Sewer,2025,12,52.4,88.1,False
MON-PIPE-0479-2025-01,PIPE-0479,Sewer,2025,1,118.2,150.0,True
MON-PIPE-0479-2025-02,PIPE-0479,Sewer,2025,2,103.0,150.0,True
MON-PIPE-0479-2025-03,PIPE-0479,Sewer,2025,3,87.5,132.3,True
MON-PIPE-0479-2025-04,PIPE-0479,Sewer,2025,4,95.6,150.0,True
MON-PIPE-0479-2025-05,PIPE-0479,Sewer,2025,5,86.1,146.9,True
MON-PIPE-0479-2025-06,PIPE-0479,Sewer,2025,6,74.3,99.3,False
MON-PIPE-0479-2025-07,PIPE-0479,Sewer,2025,7,83.0,121.5,False
MON-PIPE-0479-2025-08,PIPE-0479,Sewer,2025,8,81.9,112.3,False
MON-PIPE-0479-2025-09,PIPE-0479,Sewer,2025,9,85.3,120.9,True
MON-PIPE-0479-2025-10,PIPE-0479,Sewer,2025,10,88.8,150.0,True
MON-PIPE-0479-2025-11,PIPE-0479,Sewer,2025,11,102.6,127.2,True
MON-PIPE-0479-2025-12,PIPE-0479,Sewer,2025,12,114.3,150.0,True
MON-PIPE-0212-2025-01,PIPE-0212,Sewer,2025,1,43.2,69.6,False
MON-PIPE-0212-2025-02,PIPE-0212,Sewer,2025,2,39.6,52.3,False
MON-PIPE-0212-2025-03,PIPE-0212,Sewer,2025,3,35.6,58.8,False
MON-PIPE-0212-2025-04,PIPE-0212,Sewer,2025,4,29.9,46.8,False
MON-PIPE-0212-2025-05,PIPE-0212,Sewer,2025,5,34.3,51.9,False
MON-PIPE-0212-2025-06,PIPE-0212,Sewer,2025,6,29.2,44.1,False
MON-PIPE-0212-2025-07,PIPE-0212,Sewer,2025,7,33.4,42.2,False
MON-PIPE-0212-2025-08,PIPE-0212,Sewer,2025,8,29.4,39.6,False
MON-PIPE-0212-2025-09,PIPE-0212,Sewer,2025,9,34.1,44.4,False
MON-PIPE-0212-2025-10,PIPE-0212,Sewer,2025,10,37.5,45.7,False
MON-PIPE-0212-2025-11,PIPE-0212,Sewer,2025,11,37.1,60.6,False
MON-PIPE-0212-2025-12,PIPE-0212,Sewer,2025,12,35.7,56.2,False
MON-PIPE-0401-2025-01,PIPE-0401,Stormwater,2025,1,56.7,83.7,False
MON-PIPE-0401-2025-02,PIPE-0401,Stormwater,2025,2,66.9,92.0,False
MON-PIPE-0401-2025-03,PIPE-0401,Stormwater,2025,3,79.3,99.9,False
MON-PIPE-0401-2025-04,PIPE-0401,Stormwater,2025,4,90.3,118.8,True
MON-PIPE-0401-2025-05,PIPE-0401,Stormwater,2025,5,67.1,96.7,False
MON-PIPE-0401-2025-06,PIPE-0401,Stormwater,2025,6,67.0,89.0,False
MON-PIPE-0401-2025-07,PIPE-0401,Stormwater,2025,7,69.2,121.0,False
MON-PIPE-0401-2025-08,PIPE-0401,Stormwater,2025,8,53.2,66.8,False
MON-PIPE-0401-2025-09,PIPE-0401,Stormwater,2025,9,66.4,116.5,False
MON-PIPE-0401-2025-10,PIPE-0401,Stormwater,2025,10,86.0,107.9,True
MON-PIPE-0401-2025-11,PIPE-0401,Stormwater,2025,11,79.9,103.1,False
MON-PIPE-0401-2025-12,PIPE-0401,Stormwater,2025,12,65.8,114.0,False
MON-PIPE-0451-2025-01,PIPE-0451,Sewer,2025,1,56.9,96.3,False
MON-PIPE-0451-2025-02,PIPE-0451,Sewer,2025,2,52.1,75.5,False
MON-PIPE-0451-2025-03,PIPE-0451,Sewer,2025,3,49.8,84.7,False
MON-PIPE-0451-2025-04,PIPE-0451,Sewer,2025,4,52.3,91.9,False
MON-PIPE-0451-2025-05,PIPE-0451,Sewer,2025,5,40.1,59.2,False
MON-PIPE-0451-2025-06,PIPE-0451,Sewer,2025,6,37.1,59.1,False
MON-PIPE-0451-2025-07,PIPE-0451,Sewer,2025,7,36.1,56.9,False
MON-PIPE-0451-2025-08,PIPE-0451,Sewer,2025,8,47.0,57.2,False
MON-PIPE-0451-2025-09,PIPE-0451,Sewer,2025,9,39.0,50.8,False
MON-PIPE-0451-2025-10,PIPE-0451,Sewer,2025,10,45.9,77.9,False
MON-PIPE-0451-2025-11,PIPE-0451,Sewer,2025,11,42.5,69.1,False
MON-PIPE-0451-2025-12,PIPE-0451,Sewer,2025,12,55.7,99.5,False
MON-PIPE-0335-2025-01,PIPE-0335,Sewer,2025,1,63.3,86.3,False
MON-PIPE-0335-2025-02,PIPE-0335,Sewer,2025,2,71.9,109.7,False
MON-PIPE-0335-2025-03,PIPE-0335,Sewer,2025,3,66.0,81.4,False
MON-PIPE-0335-2025-04,PIPE-0335,Sewer,2025,4,66.8,91.4,False
MON-PIPE-0335-2025-05,PIPE-0335,Sewer,2025,5,55.6,81.6,False
MON-PIPE-0335-2025-06,PIPE-0335,Sewer,2025,6,50.7,68.7,False
MON-PIPE-0335-2025-07,PIPE-0335,Sewer,2025,7,54.6,80.1,False
MON-PIPE-0335-2025-08,PIPE-0335,Sewer,2025,8,53.5,74.3,False
MON-PIPE-0335-2025-09,PIPE-0335,Sewer,2025,9,57.8,72.0,False
MON-PIPE-0335-2025-10,PIPE-0335,Sewer,2025,10,65.5,112.6,False
MON-PIPE-0335-2025-11,PIPE-0335,Sewer,2025,11,64.2,103.4,False
MON-PIPE-0335-2025-12,PIPE-0335,Sewer,2025,12,72.8,120.1,False
MON-PIPE-0265-2025-01,PIPE-0265,Sewer,2025,1,90.9,112.7,True
MON-PIPE-0265-2025-02,PIPE-0265,Sewer,2025,2,92.9,129.3,True
MON-PIPE-0265-2025-03,PIPE-0265,Sewer,2025,3,89.7,137.7,True
MON-PIPE-0265-2025-04,PIPE-0265,Sewer,2025,4,77.2,116.3,False
MON-PIPE-0265-2025-05,PIPE-0265,Sewer,2025,5,79.7,129.7,False
MON-PIPE-0265-2025-06,PIPE-0265,Sewer,2025,6,71.2,102.7,False
MON-PIPE-0265-2025-07,PIPE-0265,Sewer,2025,7,73.3,110.2,False
MON-PIPE-0265-2025-08,PIPE-0265,Sewer,2025,8,74.7,109.5,False
MON-PIPE-0265-2025-09,PIPE-0265,Sewer,2025,9,70.4,85.4,False
MON-PIPE-0265-2025-10,PIPE-0265,Sewer,2025,10,73.6,89.1,False
MON-PIPE-0265-2025-11,PIPE-0265,Sewer,2025,11,86.5,107.9,True
MON-PIPE-0265-2025-12,PIPE-0265,Sewer,2025,12,83.5,120.2,False
MON-PIPE-0377-2025-01,PIPE-0377,Stormwater,2025,1,76.2,96.7,False
MON-PIPE-0377-2025-02,PIPE-0377,Stormwater,2025,2,89.7,143.6,True
MON-PIPE-0377-2025-03,PIPE-0377,Stormwater,2025,3,96.3,150.0,True
MON-PIPE-0377-2025-04,PIPE-0377,Stormwater,2025,4,120.0,150.0,True
MON-PIPE-0377-2025-05,PIPE-0377,Stormwater,2025,5,120.0,150.0,True
MON-PIPE-0377-2025-06,PIPE-0377,Stormwater,2025,6,97.4,150.0,True
MON-PIPE-0377-2025-07,PIPE-0377,Stormwater,2025,7,87.3,138.5,True
MON-PIPE-0377-2025-08,PIPE-0377,Stormwater,2025,8,95.3,150.0,True
MON-PIPE-0377-2025-09,PIPE-0377,Stormwater,2025,9,75.9,126.0,False
MON-PIPE-0377-2025-10,PIPE-0377,Stormwater,2025,10,120.0,149.3,True
MON-PIPE-0377-2025-11,PIPE-0377,Stormwater,2025,11,120.0,148.4,True
MON-PIPE-0377-2025-12,PIPE-0377,Stormwater,2025,12,83.8,136.5,False
MON-PIPE-0139-2025-01,PIPE-0139,Sewer,2025,1,120.0,150.0,True
MON-PIPE-0139-2025-02,PIPE-0139,Sewer,2025,2,120.0,148.6,True
MON-PIPE-0139-2025-03,PIPE-0139,Sewer,2025,3,107.2,142.8,True
MON-PIPE-0139-2025-04,PIPE-0139,Sewer,2025,4,106.9,150.0,True
MON-PIPE-0139-2025-05,PIPE-0139,Sewer,2025,5,82.8,126.8,False
MON-PIPE-0139-2025-06,PIPE-0139,Sewer,2025,6,98.8,131.8,True
MON-PIPE-0139-2025-07,PIPE-0139,Sewer,2025,7,97.3,146.6,True
MON-PIPE-0139-2025-08,PIPE-0139,Sewer,2025,8,99.7,145.8,True
MON-PIPE-0139-2025-09,PIPE-0139,Sewer,2025,9,87.2,150.0,True
MON-PIPE-0139-2025-10,PIPE-0139,Sewer,2025,10,111.1,149.5,True
MON-PIPE-0139-2025-11,PIPE-0139,Sewer,2025,11,98.8,143.5,True
MON-PIPE-0139-2025-12,PIPE-0139,Sewer,2025,12,103.2,150.0,True
MON-PIPE-0121-2025-01,PIPE-0121,Stormwater,2025,1,44.8,67.7,False
MON-PIPE-0121-2025-02,PIPE-0121,Stormwater,2025,2,49.2,65.7,False
MON-PIPE-0121-2025-03,PIPE-0121,Stormwater,2025,3,68.3,95.8,False
MON-PIPE-0121-2025-04,PIPE-0121,Stormwater,2025,4,63.2,76.3,False
MON-PIPE-0121-2025-05,PIPE-0121,Stormwater,2025,5,59.6,80.0,False
MON-PIPE-0121-2025-06,PIPE-0121,Stormwater,2025,6,40.5,52.8,False
MON-PIPE-0121-2025-07,PIPE-0121,Stormwater,2025,7,50.2,87.3,False
MON-PIPE-0121-2025-08,PIPE-0121,Stormwater,2025,8,42.1,58.7,False
MON-PIPE-0121-2025-09,PIPE-0121,Stormwater,2025,9,43.8,53.7,False
MON-PIPE-0121-2025-10,PIPE-0121,Stormwater,2025,10,66.0,91.8,False
MON-PIPE-0121-2025-11,PIPE-0121,Stormwater,2025,11,63.0,76.8,False
MON-PIPE-0121-2025-12,PIPE-0121,Stormwater,2025,12,40.9,51.4,False
MON-PIPE-0498-2025-01,PIPE-0498,Stormwater,2025,1,87.0,135.9,True
MON-PIPE-0498-2025-02,PIPE-0498,Stormwater,2025,2,97.5,130.0,True
MON-PIPE-0498-2025-03,PIPE-0498,Stormwater,2025,3,106.2,150.0,True
MON-PIPE-0498-2025-04,PIPE-0498,Stormwater,2025,4,105.8,146.7,True
MON-PIPE-0498-2025-05,PIPE-0498,Stormwater,2025,5,120.0,150.0,True
MON-PIPE-0498-2025-06,PIPE-0498,Stormwater,2025,6,77.2,96.2,False
MON-PIPE-0498-2025-07,PIPE-0498,Stormwater,2025,7,76.1,131.9,False
MON-PIPE-0498-2025-08,PIPE-0498,Stormwater,2025,8,99.5,150.0,True
MON-PIPE-0498-2025-09,PIPE-0498,Stormwater,2025,9,92.9,150.0,True
MON-PIPE-0498-2025-10,PIPE-0498,Stormwater,2025,10,120.0,150.0,True
MON-PIPE-0498-2025-11,PIPE-0498,Stormwater,2025,11,120.0,150.0,True
MON-PIPE-0498-2025-12,PIPE-0498,Stormwater,2025,12,79.7,121.3,False
MON-PIPE-0470-2025-01,PIPE-0470,Stormwater,2025,1,64.9,90.5,False
MON-PIPE-0470-2025-02,PIPE-0470,Stormwater,2025,2,71.0,120.1,False
MON-PIPE-0470-2025-03,PIPE-0470,Stormwater,2025,3,92.9,145.0,True
MON-PIPE-0470-2025-04,PIPE-0470,Stormwater,2025,4,92.1,142.7,True
MON-PIPE-0470-2025-05,PIPE-0470,Stormwater,2025,5,84.2,145.1,False
MON-PIPE-0470-2025-06,PIPE-0470,Stormwater,2025,6,68.3,104.0,False
MON-PIPE-0470-2025-07,PIPE-0470,Stormwater,2025,7,73.4,94.3,False
MON-PIPE-0470-2025-08,PIPE-0470,Stormwater,2025,8,68.7,94.9,False
MON-PIPE-0470-2025-09,PIPE-0470,Stormwater,2025,9,71.5,97.3,False
MON-PIPE-0470-2025-10,PIPE-0470,Stormwater,2025,10,83.9,115.4,False
MON-PIPE-0470-2025-11,PIPE-0470,Stormwater,2025,11,83.5,123.9,False
MON-PIPE-0470-2025-12,PIPE-0470,Stormwater,2025,12,72.1,87.6,False
