segment_id,system_type,corridor_name,district,pipe_role,pipe_material,diameter_inches,length_ft,depth_ft,install_year,asset_age_years,condition_score,breaks_last_5yr,supply_temp_f,return_temp_f,capacity_utilization_pct,criticality_class,estimated_replacement_cost_usd,last_inspection_date,inspection_method,lat,lon
GEO-0001,Geothermal,8th St,Downtown,lateral,Transite,4,357,4.7,1970,56,31,4,156.9,89.0,80.4,Low,193512,2024-09-16,Visual,43.6,-116.198773
GEO-0002,Geothermal,Jefferson St,Downtown,lateral,Transite,6,664,3.1,1965,61,19,2,148.8,108.5,53.8,Low,276233,2025-01-03,Visual,43.614184,-116.22
GEO-0003,Geothermal,Julia Davis Dr,Downtown,return_main,Steel,10,630,7.3,1992,34,58,0,170.2,123.4,91.5,High,356959,2025-05-25,Visual,43.606354,-116.22
GEO-0004,Geothermal,Front St,Downtown,distribution,Transite,10,284,3.1,1988,38,44,1,160.5,97.4,70.5,High,140067,2024-02-26,Visual,43.608204,-116.185068
GEO-0005,Geothermal,Julia Davis Dr,Downtown,return_main,Steel,12,322,5.7,2019,7,85,0,171.6,116.4,54.3,Critical,259914,2025-07-08,Pressure Test,43.604141,-116.205625
GEO-0006,Geothermal,Avenue B,East Bench,lateral,Transite,6,571,4.0,1951,75,12,2,147.4,92.5,100.0,Low,147828,2025-11-07,Pressure Test,43.58,-116.175
GEO-0007,Geothermal,6th St,Downtown,lateral,Transite,16,392,6.8,1961,65,17,2,153.5,76.0,70.9,Low,367749,2024-06-29,Ultrasonic Thickness,43.608506,-116.191451
GEO-0008,Geothermal,Myrtle St,Downtown,distribution,Steel,8,342,5.4,1986,40,68,0,167.0,87.5,75.7,Medium,176132,2024-12-27,Pressure Test,43.609926,-116.192972
GEO-0009,Geothermal,Julia Davis Dr,Downtown,return_main,Steel,12,697,6.5,2001,25,73,0,170.3,108.3,75.5,High,479314,2024-01-28,Ultrasonic Thickness,43.606978,-116.175
GEO-0010,Geothermal,Idaho St,Downtown,distribution,Transite,12,472,6.8,1983,43,37,1,155.5,81.7,60.6,Medium,198146,2024-12-27,Thermal Imaging,43.615557,-116.203062
GEO-0011,Geothermal,Capitol Blvd,Downtown,supply_main,Steel,12,492,7.8,1995,31,62,1,165.2,119.0,42.2,High,339054,2024-10-11,Visual,43.6,-116.203928
GEO-0012,Geothermal,8th St,Downtown,lateral,Transite,10,702,5.8,1963,63,15,2,154.5,109.6,70.2,Low,553026,2025-10-18,Ultrasonic Thickness,43.614425,-116.197315
GEO-0013,Geothermal,Lincoln Ave,Downtown,lateral,Pre-insulated Steel,10,719,4.9,2002,24,82,0,173.0,109.0,93.1,Medium,550821,2024-06-19,Pressure Test,43.601039,-116.22
GEO-0014,Geothermal,Campus Ln,Downtown,lateral,Steel,16,172,6.7,1999,27,77,0,166.9,111.7,78.2,Low,47411,2025-05-27,Ultrasonic Thickness,43.626,-116.199902
GEO-0015,Geothermal,Julia Davis Dr,Downtown,return_main,Steel,12,607,5.1,2013,13,66,0,168.6,96.8,97.5,Critical,221368,2024-11-12,Visual,43.601635,-116.22
GEO-0016,Geothermal,Brady St,Downtown,lateral,Steel,6,280,6.1,2016,10,100,0,175.9,123.3,27.7,Medium,62852,2025-01-10,Pressure Test,43.602207,-116.183498
GEO-0017,Geothermal,University Dr,Downtown,distribution,Steel,12,729,7.8,2023,3,91,0,176.1,112.8,68.1,Medium,447391,2024-06-19,Ultrasonic Thickness,43.604762,-116.22
GEO-0018,Geothermal,Warm Springs Ave,East Bench,supply_main,Transite,10,193,6.0,1958,68,19,6,155.0,79.6,62.2,High,63501,2024-10-19,Thermal Imaging,43.605022,-116.175
GEO-0019,Geothermal,Main St,Downtown,distribution,Transite,12,130,5.5,1981,45,38,1,156.5,96.2,46.9,Medium,53781,2025-05-02,Ultrasonic Thickness,43.614002,-116.195332
GEO-0020,Geothermal,Crescent Rim Dr,East Bench,lateral,Transite,8,303,5.5,1932,94,5,10,150.2,103.2,99.0,Low,150733,2025-04-29,Pressure Test,43.606153,-116.157883
GEO-0021,Geothermal,Avenue B,East Bench,lateral,Transite,8,177,4.2,1962,64,14,3,147.4,80.0,88.7,Low,130120,2025-03-31,Thermal Imaging,43.610344,-116.175
GEO-0022,Geothermal,Lincoln Ave,Downtown,lateral,Pre-insulated Steel,16,683,5.6,2020,6,77,0,170.4,91.7,54.7,Medium,606084,2025-08-04,Thermal Imaging,43.600977,-116.175
GEO-0023,Geothermal,University Dr,Downtown,distribution,Steel,8,638,6.0,1992,34,74,0,168.3,94.4,58.4,Medium,400689,2025-04-13,Thermal Imaging,43.602835,-116.200988
GEO-0024,Geothermal,Walnut St,East Bench,lateral,Transite,4,495,3.0,1935,91,5,2,149.3,95.0,63.5,Low,97445,2025-04-29,Thermal Imaging,43.607151,-116.175
GEO-0025,Geothermal,Crescent Rim Dr,East Bench,lateral,Transite,8,601,4.5,1929,97,5,3,147.8,86.7,78.1,Medium,373792,2024-07-15,Visual,43.603687,-116.154904
GEO-0026,Geothermal,Julia Davis Dr,Downtown,return_main,Steel,12,194,3.8,2024,2,97,0,179.4,104.5,51.2,Critical,100976,2025-03-10,Thermal Imaging,43.604198,-116.186117
GEO-0027,Geothermal,Bannock St,Downtown,lateral,Transite,12,233,5.8,1977,49,49,2,161.9,87.3,36.9,Medium,145912,2024-04-23,Visual,43.611005,-116.208301
GEO-0028,Geothermal,Main St,Downtown,distribution,Transite,8,119,4.6,1961,65,13,1,153.0,94.6,70.1,Medium,39900,2025-06-12,Pressure Test,43.615953,-116.22
GEO-0029,Geothermal,Myrtle St,Downtown,distribution,Steel,12,118,3.9,1989,37,64,1,163.4,120.4,65.6,Medium,97231,2024-05-08,Thermal Imaging,43.607975,-116.175
GEO-0030,Geothermal,Campus Ln,Downtown,lateral,Pre-insulated Steel,4,105,6.1,2009,17,85,0,170.8,127.8,72.5,Low,21998,2025-04-05,Ultrasonic Thickness,43.626,-116.201337
GEO-0031,Geothermal,Warm Springs Ave (W),Downtown,supply_main,Transite,12,246,4.4,1954,72,10,3,146.9,71.1,88.2,High,65387,2024-05-17,Thermal Imaging,43.60594,-116.175
GEO-0032,Geothermal,Jefferson St,Downtown,lateral,Transite,16,459,3.6,1968,58,25,2,156.8,107.7,31.9,Medium,267405,2024-09-27,Pressure Test,43.618764,-116.212006
GEO-0033,Geothermal,Idaho St,Downtown,distribution,Transite,8,419,3.6,1959,67,20,6,154.1,80.4,61.1,Medium,145205,2024-01-21,Thermal Imaging,43.614457,-116.211771
GEO-0034,Geothermal,Idaho St,Downtown,distribution,Transite,8,326,4.0,1961,65,15,1,155.2,88.9,84.7,Medium,234384,2025-07-02,Visual,43.611176,-116.210336
GEO-0035,Geothermal,Warm Springs Ave,East Bench,supply_main,Transite,12,195,4.7,1955,71,10,1,150.1,96.6,60.9,Critical,77337,2024-11-04,Pressure Test,43.608791,-116.171431
GEO-0036,Geothermal,Julia Davis Dr,Downtown,return_main,Steel,10,384,7.4,2013,13,80,0,169.8,121.8,78.8,Critical,87779,2024-05-16,Visual,43.60463,-116.187956
GEO-0037,Geothermal,Walnut St,East Bench,lateral,Transite,8,245,6.6,1950,76,5,2,147.4,80.1,43.3,Medium,112287,2024-02-08,Thermal Imaging,43.605929,-116.175
GEO-0038,Geothermal,8th St,Downtown,lateral,Transite,6,471,4.3,1980,46,16,1,149.5,70.9,73.2,Low,251271,2024-11-28,Visual,43.626,-116.198649
GEO-0039,Geothermal,Bannock St,Downtown,lateral,Transite,6,758,6.2,1973,53,24,1,151.7,105.2,56.4,Medium,389603,2025-04-28,Pressure Test,43.610586,-116.22
GEO-0040,Geothermal,Warm Springs Ave,East Bench,supply_main,Transite,12,456,3.0,1931,95,5,7,149.8,105.6,51.4,High,341960,2025-08-10,Ultrasonic Thickness,43.608134,-116.130495
GEO-0041,Geothermal,Front St,Downtown,distribution,Transite,10,451,3.8,1957,69,17,5,150.2,105.4,100.0,Medium,335526,2024-08-05,Visual,43.608899,-116.19873
GEO-0042,Geothermal,Warm Springs Ave,East Bench,supply_main,Transite,12,196,6.4,1942,84,5,5,150.2,74.8,49.0,High,169266,2025-02-15,Pressure Test,43.608885,-116.15205
GEO-0043,Geothermal,Campus Ln,Downtown,lateral,Steel,12,454,5.8,2017,9,82,0,170.7,113.7,69.9,Low,345045,2025-06-17,Thermal Imaging,43.626,-116.197778
GEO-0044,Geothermal,Crescent Rim Dr,East Bench,lateral,Transite,6,363,3.4,1925,101,5,7,146.5,72.7,97.1,Medium,72778,2024-11-05,Visual,43.606674,-116.136674
GEO-0045,Geothermal,Main St,Downtown,distribution,Transite,10,485,3.7,1973,53,27,2,156.4,86.3,100.0,Medium,407670,2024-08-09,Thermal Imaging,43.61253,-116.216682
GEO-0046,Geothermal,Lincoln Ave,Downtown,lateral,Steel,6,402,5.9,2018,8,76,0,171.7,118.2,60.8,Low,152772,2025-10-11,Thermal Imaging,43.6,-116.210273
GEO-0047,Geothermal,Crescent Rim Dr,East Bench,lateral,Transite,4,732,4.8,1965,61,28,2,154.5,78.6,60.4,Low,296545,2024-09-24,Visual,43.60688,-116.157488
GEO-0048,Geothermal,Crescent Rim Dr,East Bench,lateral,Transite,10,242,3.2,1953,73,9,4,150.6,86.9,69.2,Medium,175109,2024-05-02,Pressure Test,43.602219,-116.164665
GEO-0049,Geothermal,8th St,Downtown,lateral,Transite,12,158,6.3,1975,51,35,2,154.7,88.9,41.5,Medium,85256,2025-05-14,Ultrasonic Thickness,43.6,-116.195741
GEO-0050,Geothermal,Warm Springs Ave,East Bench,supply_main,Transite,12,215,3.9,1953,73,19,3,151.5,91.8,53.3,Critical,75288,2025-05-09,Thermal Imaging,43.609706,-116.175
GEO-0051,Geothermal,Myrtle St,Downtown,distribution,Transite,12,195,3.1,1971,55,30,3,153.4,95.4,77.5,Medium,123414,2025-09-23,Ultrasonic Thickness,43.605119,-116.22
GEO-0052,Geothermal,Front St,Downtown,distribution,Transite,12,132,6.1,1972,54,30,1,156.2,112.4,57.8,Medium,62870,2025-03-03,Pressure Test,43.604484,-116.175
GEO-0053,Geothermal,University Dr,Downtown,distribution,Steel,10,292,6.7,1997,29,75,0,171.0,106.5,90.3,High,180090,2025-11-06,Pressure Test,43.601268,-116.175
GEO-0054,Geothermal,Lincoln Ave,Downtown,lateral,Steel,4,767,3.7,2017,9,72,0,167.5,101.1,73.7,Low,152400,2025-02-14,Ultrasonic Thickness,43.601124,-116.175
GEO-0055,Geothermal,8th St,Downtown,lateral,Transite,12,591,4.9,1981,45,49,2,164.9,109.9,77.4,Medium,273220,2024-05-13,Visual,43.610083,-116.1951
GEO-0056,Geothermal,Front St,Downtown,distribution,Transite,12,796,4.5,1958,68,29,1,154.6,111.5,44.9,Medium,624723,2024-04-17,Pressure Test,43.608202,-116.175
GEO-0057,Geothermal,Front St,Downtown,distribution,Transite,8,694,3.0,1984,42,38,5,162.0,98.8,100.0,Medium,355730,2024-12-25,Thermal Imaging,43.604024,-116.210446
GEO-0058,Geothermal,8th St,Downtown,lateral,Transite,4,641,3.7,1970,56,36,1,160.1,93.1,87.3,Low,187198,2024-05-27,Ultrasonic Thickness,43.6,-116.195899
GEO-0059,Geothermal,Idaho St,Downtown,distribution,Steel,8,649,7.0,1991,35,79,0,169.1,98.6,50.2,Medium,335830,2025-05-26,Pressure Test,43.611733,-116.175
GEO-0060,Geothermal,Campus Ln,Downtown,lateral,Steel,8,446,7.4,1992,34,64,0,164.3,116.5,83.6,Low,285605,2025-04-16,Thermal Imaging,43.626,-116.200066
GEO-0061,Geothermal,Main St,Downtown,distribution,Transite,12,396,5.3,1990,36,43,2,157.7,117.0,71.3,High,202627,2025-09-27,Thermal Imaging,43.616426,-116.189012
GEO-0062,Geothermal,Warm Springs Ave,East Bench,supply_main,Transite,10,601,4.8,1946,80,14,9,151.7,76.5,74.2,High,318712,2025-01-23,Visual,43.608472,-116.175
GEO-0063,Geothermal,8th St,Downtown,lateral,Transite,6,546,4.5,1956,70,21,1,151.1,87.5,73.5,Low,254124,2024-08-07,Pressure Test,43.626,-116.199302
GEO-0064,Geothermal,University Dr,Downtown,distribution,Steel,8,219,7.0,2009,17,73,0,170.4,99.5,81.2,Medium,98088,2024-03-20,Visual,43.605555,-116.212606
GEO-0065,Geothermal,Campus Ln,Downtown,lateral,Steel,4,739,4.1,2019,7,97,0,177.2,130.7,83.7,Medium,390829,2025-06-14,Visual,43.6,-116.198579
GEO-0066,Geothermal,Main St,Downtown,distribution,Transite,8,295,6.3,1986,40,40,1,157.3,90.2,49.6,Medium,66131,2024-10-13,Visual,43.615808,-116.22
GEO-0067,Geothermal,Walnut St,East Bench,lateral,Transite,6,164,5.2,1941,85,22,3,153.2,85.8,61.3,Medium,77102,2025-07-02,Ultrasonic Thickness,43.604849,-116.175
GEO-0068,Geothermal,Bannock St,Downtown,lateral,Steel,8,187,4.8,1990,36,69,0,169.2,103.6,44.8,Medium,118293,2024-04-14,Thermal Imaging,43.614491,-116.22
GEO-0069,Geothermal,Capitol Mall,Downtown,supply_main,Transite,10,797,4.2,1955,71,25,4,153.6,102.9,55.5,High,301448,2024-08-16,Pressure Test,43.626,-116.200433
GEO-0070,Geothermal,University Dr,Downtown,distribution,Transite,8,323,4.4,1992,34,64,2,165.2,86.4,76.5,Medium,101120,2024-07-27,Thermal Imaging,43.603153,-116.216977
GEO-0071,Geothermal,Jefferson St,Downtown,lateral,Steel,6,246,4.4,1990,36,79,0,170.4,113.8,71.1,Medium,97102,2025-11-07,Ultrasonic Thickness,43.613392,-116.181764
GEO-0072,Geothermal,Myrtle St,Downtown,distribution,Transite,10,651,4.7,1971,55,20,5,155.1,95.8,60.1,Medium,191677,2024-12-10,Ultrasonic Thickness,43.608747,-116.22
GEO-0073,Geothermal,6th St,Downtown,lateral,Transite,4,298,5.7,1983,43,50,2,162.7,120.1,48.0,Low,139045,2024-10-16,Pressure Test,43.6,-116.194621
GEO-0074,Geothermal,Capitol Mall,Downtown,supply_main,Transite,16,119,6.0,1995,31,41,3,158.3,117.7,80.9,Critical,52489,2025-07-28,Visual,43.626,-116.199864
GEO-0075,Geothermal,University Dr,Downtown,distribution,Steel,10,619,7.5,2013,13,95,0,178.1,108.7,45.8,Medium,137624,2025-10-15,Visual,43.60534,-116.205632
GEO-0076,Geothermal,Avenue B,East Bench,lateral,Transite,8,800,4.4,1957,69,8,3,149.2,84.4,56.1,Low,615041,2025-05-27,Pressure Test,43.626,-116.175
GEO-0077,Geothermal,Jefferson St,Downtown,lateral,Transite,12,578,7.7,1959,67,13,1,151.3,103.1,87.3,Medium,353386,2024-09-14,Pressure Test,43.617155,-116.22
GEO-0078,Geothermal,Avenue B,East Bench,lateral,Transite,8,677,5.3,1941,85,5,3,149.4,101.6,76.4,Medium,189707,2024-04-08,Pressure Test,43.58,-116.175
GEO-0079,Geothermal,Julia Davis Dr,Downtown,return_main,Steel,10,447,6.2,1990,36,65,0,164.6,124.3,76.2,Critical,324544,2024-04-30,Thermal Imaging,43.602375,-116.175
GEO-0080,Geothermal,Brady St,Downtown,lateral,Steel,6,511,6.6,1995,31,77,0,169.3,117.9,51.7,Low,149758,2024-10-12,Thermal Imaging,43.604475,-116.18355
GEO-0081,Geothermal,Myrtle St,Downtown,distribution,Transite,12,586,5.4,1969,57,17,3,153.7,87.7,68.0,Medium,419652,2025-08-19,Thermal Imaging,43.609328,-116.22
GEO-0082,Geothermal,Front St,Downtown,distribution,Transite,8,774,4.2,1977,49,48,1,161.8,98.6,95.8,High,587864,2025-05-12,Ultrasonic Thickness,43.60519,-116.204692
GEO-0083,Geothermal,Capitol Mall,Downtown,supply_main,Transite,12,152,7.6,1959,67,7,4,149.1,83.0,68.4,High,85362,2024-10-15,Thermal Imaging,43.6,-116.201135
GEO-0084,Geothermal,Crescent Rim Dr,East Bench,lateral,Transite,6,604,7.6,1957,69,13,2,150.5,86.6,100.0,Low,339757,2024-06-29,Thermal Imaging,43.601086,-116.175
GEO-0085,Geothermal,Warm Springs Ave,East Bench,supply_main,Transite,16,131,3.4,1946,80,5,2,148.8,98.9,68.0,High,89685,2024-09-04,Pressure Test,43.605528,-116.166538
GEO-0086,Geothermal,Campus Ln,Downtown,lateral,Steel,6,436,8.0,2024,2,100,0,174.6,98.4,93.7,Medium,267248,2025-05-28,Ultrasonic Thickness,43.606386,-116.197349
GEO-0087,Geothermal,Brady St,Downtown,lateral,Pre-insulated Steel,8,198,4.6,2023,3,100,0,178.2,127.2,28.4,Low,137911,2024-04-07,Pressure Test,43.605433,-116.210006
GEO-0088,Geothermal,Main St,Downtown,distribution,Transite,8,549,3.5,1966,60,10,1,148.4,101.7,81.2,Medium,333501,2024-09-16,Pressure Test,43.613803,-116.199066
GEO-0089,Geothermal,Main St,Downtown,distribution,Transite,12,498,4.4,1958,68,15,1,153.6,93.7,95.8,High,285794,2025-02-22,Thermal Imaging,43.612176,-116.185666
GEO-0090,Geothermal,Crescent Rim Dr,East Bench,lateral,Transite,4,100,7.4,1960,66,9,5,148.4,98.2,70.9,Low,24786,2025-05-10,Ultrasonic Thickness,43.603625,-116.135649
GEO-0091,Geothermal,Crescent Rim Dr,East Bench,lateral,Transite,6,661,4.1,1943,83,5,3,145.8,87.9,49.8,Low,285332,2024-05-12,Ultrasonic Thickness,43.604023,-116.175
GEO-0092,Geothermal,Avenue B,East Bench,lateral,Transite,12,326,7.8,1955,71,19,2,151.0,78.9,61.7,Low,81380,2025-05-24,Visual,43.580395,-116.175
GEO-0093,Geothermal,Brady St,Downtown,lateral,Steel,6,345,5.1,1994,32,66,0,165.7,109.4,52.8,Low,210614,2025-09-17,Ultrasonic Thickness,43.605414,-116.18343
GEO-0094,Geothermal,Lincoln Ave,Downtown,lateral,Steel,4,759,6.5,2006,20,87,0,166.9,118.1,56.0,Low,385898,2024-11-17,Ultrasonic Thickness,43.604326,-116.201627
GEO-0095,Geothermal,Avenue B,East Bench,lateral,Transite,8,378,6.6,1957,69,11,2,152.9,98.8,84.4,Low,277269,2024-05-05,Pressure Test,43.597412,-116.175
GEO-0096,Geothermal,Campus Ln,Downtown,lateral,Pre-insulated Steel,12,447,6.4,2007,19,84,0,170.4,110.2,65.1,Low,354045,2025-05-20,Ultrasonic Thickness,43.6,-116.199786
GEO-0097,Geothermal,6th St,Downtown,lateral,Transite,6,654,6.1,1974,52,31,2,156.0,81.0,92.0,Medium,477544,2025-02-17,Pressure Test,43.626,-116.195859
GEO-0098,Geothermal,8th St,Downtown,lateral,Transite,4,432,5.5,1972,54,27,2,153.3,113.1,94.0,Medium,86127,2024-07-30,Pressure Test,43.601113,-116.194917
GEO-0099,Geothermal,Campus Ln,Downtown,lateral,Steel,16,701,6.8,2011,15,89,0,171.3,109.1,70.7,Medium,586625,2024-09-10,Ultrasonic Thickness,43.626,-116.197521
GEO-0100,Geothermal,Myrtle St,Downtown,distribution,Transite,12,398,7.1,1965,61,17,2,152.7,112.6,61.4,Medium,357408,2025-04-27,Ultrasonic Thickness,43.609004,-116.199366
GEO-0101,Geothermal,8th St,Downtown,lateral,Transite,6,740,7.7,1960,66,10,2,151.7,105.4,52.7,Low,345509,2025-01-10,Visual,43.621876,-116.195068
GEO-0102,Geothermal,Walnut St,East Bench,lateral,Transite,6,636,6.0,1925,101,5,4,148.6,92.1,57.6,Medium,439287,2024-07-13,Pressure Test,43.608119,-116.160822
GEO-0103,Geothermal,Campus Ln,Downtown,lateral,Steel,10,794,3.8,2003,23,80,0,171.6,128.4,70.0,Low,413812,2024-04-09,Visual,43.6,-116.201176
GEO-0104,Geothermal,Capitol Blvd,Downtown,supply_main,Transite,10,167,4.8,1977,49,49,1,159.3,83.8,80.3,High,87450,2025-04-29,Pressure Test,43.603283,-116.20131
GEO-0105,Geothermal,University Dr,Downtown,distribution,Steel,8,782,4.7,1994,32,42,0,157.2,97.4,53.5,Medium,184232,2025-01-14,Ultrasonic Thickness,43.604489,-116.22
GEO-0106,Geothermal,Myrtle St,Downtown,distribution,Steel,12,740,5.9,1988,38,78,0,168.0,97.5,87.7,High,175094,2024-09-17,Ultrasonic Thickness,43.609029,-116.22
GEO-0107,Geothermal,Walnut St,East Bench,lateral,Transite,6,790,3.4,1951,75,21,4,149.8,75.3,67.2,Medium,310401,2025-06-17,Visual,43.60696,-116.175
GEO-0108,Geothermal,6th St,Downtown,lateral,Transite,6,485,3.4,1978,48,26,2,156.2,92.2,62.8,Low,146243,2024-11-01,Ultrasonic Thickness,43.626,-116.196452
GEO-0109,Geothermal,Idaho St,Downtown,distribution,Steel,10,470,4.0,1984,42,68,0,168.5,118.0,79.0,High,337499,2024-10-01,Thermal Imaging,43.615712,-116.21124
GEO-0110,Geothermal,Front St,Downtown,distribution,Transite,8,637,6.5,1967,59,16,1,149.9,88.0,32.2,Medium,491483,2024-10-19,Ultrasonic Thickness,43.607877,-116.22
GEO-0111,Geothermal,Warm Springs Ave (W),Downtown,supply_main,Transite,16,218,3.2,1959,67,11,5,152.7,92.1,26.9,High,76195,2025-05-19,Ultrasonic Thickness,43.609547,-116.183598
GEO-0112,Geothermal,Main St,Downtown,distribution,Transite,12,555,5.0,1974,52,38,3,158.1,107.7,41.4,High,479434,2024-08-29,Thermal Imaging,43.612632,-116.17584
GEO-0113,Geothermal,Capitol Blvd,Downtown,supply_main,Transite,16,721,4.5,1965,61,16,2,149.2,100.9,74.6,High,313372,2025-06-18,Thermal Imaging,43.6,-116.200121
GEO-0114,Geothermal,Myrtle St,Downtown,distribution,Transite,12,431,7.6,1972,54,15,2,149.9,76.6,70.1,Medium,242619,2024-10-18,Ultrasonic Thickness,43.60764,-116.192275
GEO-0115,Geothermal,University Dr,Downtown,distribution,Steel,8,355,4.7,2021,5,65,0,172.4,130.1,45.9,High,254929,2024-09-06,Thermal Imaging,43.603844,-116.175
GEO-0116,Geothermal,Brady St,Downtown,lateral,Steel,8,211,5.0,2013,13,96,0,177.3,98.7,42.7,Low,99857,2024-07-22,Visual,43.602316,-116.22
GEO-0117,Geothermal,Lincoln Ave,Downtown,lateral,Steel,10,231,4.9,2002,24,79,0,171.6,102.8,85.3,Medium,82546,2024-04-08,Ultrasonic Thickness,43.6,-116.175
GEO-0118,Geothermal,Capitol Mall,Downtown,supply_main,Transite,12,562,7.2,1975,51,27,1,154.7,91.4,80.9,Critical,249974,2025-11-08,Pressure Test,43.6,-116.202207
GEO-0119,Geothermal,University Dr,Downtown,distribution,Steel,10,308,7.2,2007,19,68,1,169.0,106.6,40.6,Medium,155716,2025-02-20,Thermal Imaging,43.604421,-116.22
GEO-0120,Geothermal,Main St,Downtown,distribution,Transite,10,598,5.5,1979,47,45,3,160.9,110.1,78.5,Medium,512861,2024-03-26,Thermal Imaging,43.615275,-116.205885
GEO-0121,Geothermal,Julia Davis Dr,Downtown,return_main,Pre-insulated Steel,12,534,4.5,2020,6,85,0,173.8,124.5,70.4,Critical,324300,2024-04-13,Thermal Imaging,43.606477,-116.175
GEO-0122,Geothermal,Campus Ln,Downtown,lateral,Steel,4,724,5.3,2008,18,73,2,170.2,128.1,85.1,Medium,189596,2024-08-26,Pressure Test,43.6,-116.201254
GEO-0123,Geothermal,Front St,Downtown,distribution,Transite,10,451,3.3,1974,52,32,4,157.6,88.5,38.7,Medium,195040,2024-02-07,Pressure Test,43.605883,-116.212043
GEO-0124,Geothermal,University Dr,Downtown,distribution,Steel,10,156,4.2,2020,6,97,0,176.6,118.3,100.0,Medium,46221,2024-11-07,Thermal Imaging,43.605881,-116.175
GEO-0125,Geothermal,Main St,Downtown,distribution,Steel,12,272,4.6,1983,43,67,0,167.6,88.3,69.5,Medium,162150,2024-03-19,Thermal Imaging,43.617644,-116.22
GEO-0126,Geothermal,Warm Springs Ave,East Bench,supply_main,Transite,16,762,7.5,1960,66,24,4,152.9,98.0,19.5,Critical,484628,2025-05-21,Pressure Test,43.607969,-116.168276
GEO-0127,Geothermal,Campus Ln,Downtown,lateral,Steel,6,430,7.7,2001,25,82,0,170.4,114.7,54.3,Low,316436,2025-01-25,Ultrasonic Thickness,43.626,-116.197975
GEO-0128,Geothermal,Main St,Downtown,distribution,Transite,10,593,6.7,1960,66,13,4,150.9,108.2,65.4,Medium,410453,2024-10-07,Thermal Imaging,43.61442,-116.207493
GEO-0129,Geothermal,Bannock St,Downtown,lateral,Transite,4,331,3.6,1969,57,24,2,151.9,81.3,50.0,Medium,57334,2025-07-10,Ultrasonic Thickness,43.612354,-116.17671
GEO-0130,Geothermal,Crescent Rim Dr,East Bench,lateral,Transite,6,729,5.0,1944,82,22,5,149.5,88.9,77.3,Low,281524,2024-05-01,Ultrasonic Thickness,43.602819,-116.166197
GEO-0131,Geothermal,9th St,Downtown,lateral,Transite,10,420,7.0,1956,70,17,4,154.8,105.8,50.3,Low,313108,2024-02-06,Visual,43.6,-116.196217
GEO-0132,Geothermal,6th St,Downtown,lateral,Transite,16,235,7.5,1961,65,6,4,150.8,106.4,68.2,Medium,183418,2025-06-05,Pressure Test,43.610206,-116.195978
GEO-0133,Geothermal,8th St,Downtown,lateral,Steel,8,267,5.9,1987,39,62,0,163.5,102.2,81.2,Low,185215,2025-03-25,Ultrasonic Thickness,43.626,-116.195261
GEO-0134,Geothermal,Idaho St,Downtown,distribution,Transite,10,748,3.2,1956,70,8,2,149.5,93.5,78.2,Medium,611076,2025-06-12,Pressure Test,43.613558,-116.208499
GEO-0135,Geothermal,Myrtle St,Downtown,distribution,Transite,10,236,7.8,1960,66,8,2,150.6,78.4,57.3,Medium,192870,2024-08-22,Visual,43.604087,-116.218209
GEO-0136,Geothermal,Julia Davis Dr,Downtown,return_main,Steel,12,248,3.5,2007,19,71,0,166.2,107.7,78.3,High,197485,2024-04-27,Pressure Test,43.604104,-116.175
GEO-0137,Geothermal,Main St,Downtown,distribution,Transite,8,436,3.8,1969,57,31,1,157.1,99.7,26.7,Medium,111706,2025-03-15,Visual,43.617049,-116.215143
GEO-0138,Geothermal,9th St,Downtown,lateral,Transite,6,487,7.7,1980,46,47,2,157.1,113.7,59.8,Low,327311,2024-11-25,Thermal Imaging,43.626,-116.197696
GEO-0139,Geothermal,Jefferson St,Downtown,lateral,Transite,16,166,6.2,1973,53,20,2,150.3,109.7,39.7,Low,167127,2025-03-26,Pressure Test,43.613467,-116.216446
GEO-0140,Geothermal,Brady St,Downtown,lateral,Pre-insulated Steel,6,477,5.1,2016,10,100,0,177.2,104.1,100.0,Low,272381,2025-02-17,Ultrasonic Thickness,43.603272,-116.179237
GEO-0141,Geothermal,Avenue B,East Bench,lateral,Transite,10,774,4.4,1933,93,5,2,148.3,76.3,47.3,Low,658114,2024-01-11,Pressure Test,43.587631,-116.175
GEO-0142,Geothermal,Jefferson St,Downtown,lateral,Transite,12,409,7.1,1971,55,38,2,158.1,91.1,41.3,Medium,240924,2024-06-28,Thermal Imaging,43.613457,-116.192841
GEO-0143,Geothermal,6th St,Downtown,lateral,Transite,12,441,4.3,1968,58,26,5,152.2,72.9,65.9,Low,157611,2024-09-18,Pressure Test,43.600172,-116.192108
GEO-0144,Geothermal,University Dr,Downtown,distribution,Pre-insulated Steel,12,762,7.2,2017,9,100,0,180.0,139.9,65.6,Medium,308342,2025-02-15,Ultrasonic Thickness,43.604161,-116.197105
GEO-0145,Geothermal,Idaho St,Downtown,distribution,Transite,8,363,3.4,1959,67,24,1,155.2,84.2,82.1,Medium,261964,2025-11-14,Visual,43.613779,-116.22
GEO-0146,Geothermal,University Dr,Downtown,distribution,Steel,12,366,6.8,1998,28,77,1,172.7,130.6,60.3,Medium,191307,2025-09-14,Pressure Test,43.602075,-116.175
GEO-0147,Geothermal,Warm Springs Ave (W),Downtown,supply_main,Transite,16,123,6.1,1950,76,15,2,152.2,85.7,83.2,Critical,108676,2024-04-05,Ultrasonic Thickness,43.608868,-116.216308
GEO-0148,Geothermal,Myrtle St,Downtown,distribution,Steel,10,259,4.6,1995,31,75,1,170.9,117.8,67.5,Medium,101740,2025-04-13,Visual,43.608744,-116.22
GEO-0149,Geothermal,8th St,Downtown,lateral,Transite,12,660,3.3,1963,63,20,2,155.6,114.9,100.0,Low,607805,2025-05-01,Thermal Imaging,43.6,-116.195963
GEO-0150,Geothermal,Lincoln Ave,Downtown,lateral,Steel,16,148,7.4,2012,14,84,0,167.0,88.8,86.4,Medium,79191,2024-04-16,Thermal Imaging,43.602361,-116.214565
GEO-0151,Geothermal,Warm Springs Ave (W),Downtown,supply_main,Transite,12,749,6.7,1940,86,5,3,145.7,76.5,69.0,Critical,256685,2025-11-07,Visual,43.608795,-116.175
GEO-0152,Geothermal,Front St,Downtown,distribution,Transite,12,454,3.7,1978,48,19,1,153.2,75.6,52.1,Medium,264896,2024-07-11,Visual,43.607349,-116.214394
GEO-0153,Geothermal,Bannock St,Downtown,lateral,Transite,4,553,4.1,1977,49,24,1,155.5,93.6,75.4,Low,160616,2025-02-09,Pressure Test,43.611318,-116.175
GEO-0154,Geothermal,Avenue B,East Bench,lateral,Transite,6,692,5.5,1926,100,5,2,149.9,82.6,69.4,Low,418346,2024-09-08,Pressure Test,43.58,-116.175
GEO-0155,Geothermal,Julia Davis Dr,Downtown,return_main,Steel,12,679,5.5,1990,36,77,0,173.3,119.7,36.4,High,442968,2025-11-20,Thermal Imaging,43.602081,-116.175
GEO-0156,Geothermal,University Dr,Downtown,distribution,Steel,10,746,4.5,2017,9,89,0,173.0,107.3,83.0,Medium,526530,2025-11-14,Ultrasonic Thickness,43.605143,-116.183567
GEO-0157,Geothermal,6th St,Downtown,lateral,Transite,6,529,6.2,1976,50,38,2,155.9,109.6,84.2,Medium,98370,2025-06-25,Ultrasonic Thickness,43.6,-116.192521
GEO-0158,Geothermal,Walnut St,East Bench,lateral,Transite,10,754,4.6,1959,67,27,3,154.3,94.0,63.3,Low,551133,2025-10-31,Pressure Test,43.60514,-116.17384
GEO-0159,Geothermal,Warm Springs Ave (W),Downtown,supply_main,Transite,12,778,7.5,1956,70,19,5,154.5,78.2,64.7,High,673905,2025-02-11,Pressure Test,43.605274,-116.192969
GEO-0160,Geothermal,Lincoln Ave,Downtown,lateral,Steel,10,747,5.4,1991,35,51,0,161.4,105.4,49.0,Low,400926,2025-06-14,Thermal Imaging,43.600558,-116.191363
GEO-0161,Geothermal,Crescent Rim Dr,East Bench,lateral,Transite,8,744,3.1,1944,82,5,4,151.1,79.3,34.9,Low,362029,2025-08-21,Ultrasonic Thickness,43.605948,-116.152677
GEO-0162,Geothermal,Avenue B,East Bench,lateral,Transite,6,768,3.9,1959,67,24,1,149.5,84.5,55.5,Low,462354,2024-07-20,Pressure Test,43.623813,-116.175
GEO-0163,Geothermal,Campus Ln,Downtown,lateral,Steel,6,504,7.5,1994,32,60,0,164.6,99.9,91.8,Low,115703,2024-10-27,Ultrasonic Thickness,43.611416,-116.197433
GEO-0164,Geothermal,Jefferson St,Downtown,lateral,Transite,4,595,4.1,1972,54,35,0,157.6,114.9,52.0,Low,154823,2024-09-28,Visual,43.613175,-116.18545
GEO-0165,Geothermal,Crescent Rim Dr,East Bench,lateral,Transite,8,656,6.8,1926,100,5,3,147.7,97.8,61.3,Low,207076,2025-11-27,Thermal Imaging,43.606722,-116.142913
GEO-0166,Geothermal,Bannock St,Downtown,lateral,Transite,8,750,3.8,1960,66,18,1,151.5,76.9,47.4,Medium,405933,2025-10-03,Ultrasonic Thickness,43.611327,-116.22
GEO-0167,Geothermal,6th St,Downtown,lateral,Transite,8,492,7.7,1959,67,14,1,152.1,77.0,66.7,Medium,260712,2025-02-02,Pressure Test,43.626,-116.195393
GEO-0168,Geothermal,University Dr,Downtown,distribution,Steel,8,507,4.5,2005,21,83,0,170.7,111.1,58.0,Medium,355947,2025-02-18,Ultrasonic Thickness,43.601274,-116.175
GEO-0169,Geothermal,Walnut St,East Bench,lateral,Transite,8,489,7.8,1927,99,5,4,148.0,106.1,90.8,Low,167305,2024-06-09,Pressure Test,43.605361,-116.175
GEO-0170,Geothermal,Avenue B,East Bench,lateral,Transite,8,225,7.0,1941,85,5,4,145.7,84.0,53.8,Low,48432,2025-03-14,Ultrasonic Thickness,43.58,-116.175
GEO-0171,Geothermal,Campus Ln,Downtown,lateral,Pre-insulated Steel,6,147,6.7,2024,2,100,0,178.7,109.6,47.0,Low,89317,2024-08-13,Ultrasonic Thickness,43.613424,-116.200263
GEO-0172,Geothermal,Idaho St,Downtown,distribution,Steel,12,479,7.4,1989,37,73,0,169.3,111.1,62.8,High,379687,2024-10-20,Ultrasonic Thickness,43.613188,-116.194595
GEO-0173,Geothermal,Idaho St,Downtown,distribution,Steel,12,386,7.2,1995,31,59,0,164.2,93.5,70.2,Medium,95121,2024-03-10,Pressure Test,43.61659,-116.175
GEO-0174,Geothermal,Capitol Mall,Downtown,supply_main,Transite,12,652,6.9,1988,38,33,1,153.0,84.4,82.6,Critical,395425,2025-04-27,Pressure Test,43.610177,-116.202027
GEO-0175,Geothermal,8th St,Downtown,lateral,Transite,12,125,6.9,1968,58,22,3,148.9,98.4,71.9,Medium,102833,2025-11-08,Pressure Test,43.626,-116.198955
GEO-0176,Geothermal,Bannock St,Downtown,lateral,Steel,4,457,6.5,1984,42,72,1,167.0,113.5,47.1,Low,218672,2025-09-02,Ultrasonic Thickness,43.61268,-116.22
GEO-0177,Geothermal,Myrtle St,Downtown,distribution,Steel,8,449,7.1,1988,38,50,1,161.7,118.5,36.0,High,260776,2025-05-19,Visual,43.606827,-116.175
GEO-0178,Geothermal,Julia Davis Dr,Downtown,return_main,Steel,8,586,4.1,2000,26,75,0,168.0,95.9,88.1,Critical,204465,2025-10-09,Visual,43.602052,-116.203937
GEO-0179,Geothermal,University Dr,Downtown,distribution,Steel,12,627,3.8,1990,36,70,1,168.2,99.7,82.6,High,305766,2025-01-27,Visual,43.605283,-116.22
GEO-0180,Geothermal,Main St,Downtown,distribution,Transite,10,426,5.2,1958,68,13,2,151.7,74.8,56.4,Medium,285903,2025-08-16,Thermal Imaging,43.612761,-116.22
GEO-0181,Geothermal,Lincoln Ave,Downtown,lateral,Pre-insulated Steel,10,197,8.0,2023,3,100,0,177.9,99.3,56.8,Medium,157480,2024-11-21,Pressure Test,43.604106,-116.175
GEO-0182,Geothermal,Avenue B,East Bench,lateral,Transite,6,255,5.3,1946,80,5,3,148.5,71.2,59.3,Low,57152,2025-11-26,Ultrasonic Thickness,43.60872,-116.175
GEO-0183,Geothermal,University Dr,Downtown,distribution,Pre-insulated Steel,12,760,4.5,2016,10,100,0,175.5,118.2,48.6,High,330154,2024-12-09,Visual,43.602515,-116.178946
GEO-0184,Geothermal,Jefferson St,Downtown,lateral,Transite,8,682,3.9,1990,36,59,1,165.2,111.8,44.7,Low,206943,2024-09-04,Ultrasonic Thickness,43.616815,-116.217654
GEO-0185,Geothermal,University Dr,Downtown,distribution,Steel,12,593,4.9,2021,5,82,0,172.8,100.4,59.2,Medium,297726,2025-10-29,Pressure Test,43.601327,-116.175
GEO-0186,Geothermal,Capitol Blvd,Downtown,supply_main,Transite,16,591,6.6,1970,56,21,4,151.6,82.0,47.7,Critical,568791,2024-02-10,Thermal Imaging,43.6,-116.20241
GEO-0187,Geothermal,9th St,Downtown,lateral,Transite,8,459,7.7,1959,67,21,4,152.5,86.7,48.6,Low,292399,2025-04-19,Pressure Test,43.626,-116.198274
GEO-0188,Geothermal,Main St,Downtown,distribution,Transite,12,414,6.0,1958,68,23,3,153.6,94.1,53.2,High,117745,2024-11-27,Visual,43.614948,-116.213057
GEO-0189,Geothermal,Brady St,Downtown,lateral,Steel,10,335,5.0,2004,22,80,0,171.8,99.6,68.6,Low,272956,2024-04-18,Thermal Imaging,43.605031,-116.206703
GEO-0190,Geothermal,Jefferson St,Downtown,lateral,Transite,16,660,6.5,1966,60,24,1,155.0,85.6,79.6,Medium,387839,2024-01-25,Pressure Test,43.616053,-116.215327
GEO-0191,Geothermal,Warm Springs Ave,East Bench,supply_main,Transite,16,159,4.3,1961,65,23,5,153.5,99.4,46.0,High,67165,2025-05-07,Ultrasonic Thickness,43.605503,-116.163242
GEO-0192,Geothermal,Main St,Downtown,distribution,Transite,10,640,5.2,1975,51,27,2,156.4,114.0,69.2,High,399097,2025-02-14,Ultrasonic Thickness,43.617977,-116.198216
GEO-0193,Geothermal,Crescent Rim Dr,East Bench,lateral,Transite,8,366,3.5,1943,83,5,3,150.3,106.5,56.2,Low,191077,2025-02-08,Pressure Test,43.603546,-116.175
GEO-0194,Geothermal,Warm Springs Ave,East Bench,supply_main,Transite,12,392,3.7,1964,62,13,1,154.2,94.2,100.0,High,235072,2024-06-15,Ultrasonic Thickness,43.605783,-116.153778
GEO-0195,Geothermal,Warm Springs Ave,East Bench,supply_main,Transite,16,753,6.4,1963,63,25,3,154.5,107.6,87.8,High,532852,2024-05-12,Visual,43.610091,-116.175
GEO-0196,Geothermal,Front St,Downtown,distribution,Transite,12,258,4.1,1971,55,35,0,159.2,104.1,64.1,High,214563,2024-12-22,Thermal Imaging,43.605628,-116.175
GEO-0197,Geothermal,Crescent Rim Dr,East Bench,lateral,Transite,8,576,4.3,1960,66,13,3,151.2,95.5,47.8,Low,151241,2025-03-19,Visual,43.603415,-116.175
GEO-0198,Geothermal,9th St,Downtown,lateral,Transite,6,449,5.0,1982,44,51,2,162.8,94.2,69.6,Low,234015,2024-12-28,Thermal Imaging,43.626,-116.201226
GEO-0199,Geothermal,Jefferson St,Downtown,lateral,Steel,8,282,4.2,1992,34,66,0,166.9,124.2,66.1,Medium,172754,2024-02-27,Visual,43.615224,-116.20409
GEO-0200,Geothermal,Idaho St,Downtown,distribution,Transite,12,565,6.1,1971,55,30,1,156.4,115.2,57.3,Medium,270462,2025-03-11,Visual,43.614757,-116.215833
GEO-0201,Geothermal,Julia Davis Dr,Downtown,return_main,Steel,10,525,3.6,1992,34,70,1,166.1,109.3,48.6,Critical,299021,2025-06-02,Ultrasonic Thickness,43.604208,-116.193587
GEO-0202,Geothermal,Jefferson St,Downtown,lateral,Transite,16,607,4.4,1957,69,5,3,147.5,86.1,55.1,Medium,245080,2025-03-15,Visual,43.614409,-116.212988
GEO-0203,Geothermal,Crescent Rim Dr,East Bench,lateral,Transite,4,654,3.9,1943,83,5,3,150.7,89.2,91.8,Medium,230046,2025-01-20,Thermal Imaging,43.603321,-116.175
GEO-0204,Geothermal,Capitol Mall,Downtown,supply_main,Transite,16,461,3.5,1982,44,45,1,162.2,109.7,55.6,High,401245,2025-10-30,Thermal Imaging,43.6,-116.201428
GEO-0205,Geothermal,6th St,Downtown,lateral,Transite,6,327,6.1,1984,42,28,1,153.2,90.5,86.7,Low,209682,2024-02-04,Pressure Test,43.625837,-116.191679
GEO-0206,Geothermal,Idaho St,Downtown,distribution,Steel,10,388,3.5,1988,38,49,4,161.1,98.7,51.6,High,199132,2025-07-17,Ultrasonic Thickness,43.616371,-116.22
GEO-0207,Geothermal,Capitol Mall,Downtown,supply_main,Transite,12,494,7.2,1961,65,18,3,152.4,86.5,66.0,High,116153,2024-01-05,Ultrasonic Thickness,43.626,-116.201832
GEO-0208,Geothermal,6th St,Downtown,lateral,Transite,16,599,5.6,1972,54,33,3,157.1,94.3,75.8,Medium,469830,2024-05-31,Pressure Test,43.626,-116.196916
GEO-0209,Geothermal,Capitol Blvd,Downtown,supply_main,Steel,16,145,6.1,1991,35,64,2,168.2,93.7,69.9,High,82959,2025-02-03,Thermal Imaging,43.6,-116.203419
GEO-0210,Geothermal,Crescent Rim Dr,East Bench,lateral,Transite,4,350,5.1,1961,65,36,3,160.9,102.3,69.5,Low,115069,2025-07-23,Thermal Imaging,43.602511,-116.175
GEO-0211,Geothermal,Capitol Blvd,Downtown,supply_main,Transite,16,494,7.9,1970,56,31,1,155.3,102.5,73.8,Critical,347333,2024-05-25,Thermal Imaging,43.6,-116.201516
GEO-0212,Geothermal,Walnut St,East Bench,lateral,Transite,12,664,3.0,1958,68,5,2,147.2,86.7,56.9,Low,582798,2024-05-31,Pressure Test,43.603042,-116.175
GEO-0213,Geothermal,University Dr,Downtown,distribution,Steel,12,590,6.1,2015,11,69,0,169.0,103.8,54.4,High,157870,2025-11-22,Ultrasonic Thickness,43.604716,-116.185548
GEO-0214,Geothermal,Avenue B,East Bench,lateral,Transite,6,655,3.9,1928,98,5,2,148.2,105.7,25.0,Low,180648,2024-04-07,Ultrasonic Thickness,43.626,-116.175
GEO-0215,Geothermal,Bannock St,Downtown,lateral,Transite,6,271,7.9,1980,46,24,0,152.0,107.5,51.2,Low,60000,2024-05-07,Thermal Imaging,43.611615,-116.212128
GEO-0216,Geothermal,9th St,Downtown,lateral,Transite,8,795,6.3,1955,71,6,2,151.6,75.8,84.5,Low,555778,2024-04-03,Visual,43.609347,-116.201195
GEO-0217,Geothermal,Crescent Rim Dr,East Bench,lateral,Transite,8,518,4.5,1960,66,18,3,154.1,105.4,52.8,Low,155657,2025-05-11,Ultrasonic Thickness,43.604228,-116.146842
GEO-0218,Geothermal,Brady St,Downtown,lateral,Steel,8,730,3.7,2007,19,75,0,171.1,118.1,70.5,Medium,484953,2025-04-01,Visual,43.605654,-116.22
GEO-0219,Geothermal,Front St,Downtown,distribution,Steel,12,456,6.2,1988,38,67,1,166.6,108.4,99.2,Medium,189117,2025-04-26,Thermal Imaging,43.608798,-116.175
GEO-0220,Geothermal,Jefferson St,Downtown,lateral,Transite,8,778,5.8,1960,66,8,4,148.1,84.1,80.3,Medium,326298,2024-02-20,Pressure Test,43.615101,-116.175
GEO-0221,Geothermal,Lincoln Ave,Downtown,lateral,Steel,16,188,3.3,2016,10,63,0,165.0,114.1,73.4,Low,167184,2024-03-18,Visual,43.602511,-116.180461
GEO-0222,Geothermal,Avenue B,East Bench,lateral,Transite,8,579,3.2,1952,74,5,3,146.7,84.0,84.3,Low,277063,2024-03-13,Thermal Imaging,43.620177,-116.175
GEO-0223,Geothermal,8th St,Downtown,lateral,Transite,6,369,7.8,1976,50,14,4,151.4,74.5,100.0,Low,263110,2024-03-01,Pressure Test,43.6,-116.199574
GEO-0224,Geothermal,Julia Davis Dr,Downtown,return_main,Steel,10,628,4.3,2007,19,91,1,174.7,122.7,84.0,High,478159,2025-06-07,Ultrasonic Thickness,43.605432,-116.213364
GEO-0225,Geothermal,Capitol Blvd,Downtown,supply_main,Transite,16,507,7.4,1990,36,49,2,160.5,106.6,66.1,High,397576,2025-10-06,Thermal Imaging,43.614205,-116.203867
GEO-0226,Geothermal,Front St,Downtown,distribution,Steel,8,182,7.8,1984,42,52,0,161.9,99.1,68.8,Medium,108209,2024-09-01,Visual,43.605986,-116.175875
GEO-0227,Geothermal,Crescent Rim Dr,East Bench,lateral,Transite,8,231,6.8,1964,62,11,2,152.0,98.8,67.1,Low,167231,2024-07-08,Thermal Imaging,43.606967,-116.142629
GEO-0228,Geothermal,University Dr,Downtown,distribution,Steel,10,714,6.3,2007,19,69,0,167.8,98.6,55.8,High,205682,2024-11-08,Pressure Test,43.600009,-116.210843
GEO-0229,Geothermal,8th St,Downtown,lateral,Transite,8,400,5.4,1966,60,24,5,152.1,87.3,100.0,Medium,88920,2024-12-14,Thermal Imaging,43.626,-116.198287
GEO-0230,Geothermal,Lincoln Ave,Downtown,lateral,Transite,6,502,6.5,1992,34,41,2,156.3,80.4,60.0,Medium,308814,2024-03-06,Visual,43.601691,-116.22
GEO-0231,Geothermal,Capitol Mall,Downtown,supply_main,Transite,10,394,4.2,1986,40,62,0,161.8,100.5,31.3,Critical,314350,2024-06-06,Pressure Test,43.616752,-116.200252
GEO-0232,Geothermal,Idaho St,Downtown,distribution,Steel,8,785,7.3,1983,43,62,0,167.3,105.8,60.3,High,474605,2024-10-01,Pressure Test,43.611178,-116.192562
GEO-0233,Geothermal,8th St,Downtown,lateral,Steel,4,414,7.1,1984,42,66,0,167.8,102.7,66.8,Medium,255125,2025-10-17,Pressure Test,43.626,-116.196971
GEO-0234,Geothermal,Capitol Blvd,Downtown,supply_main,Transite,10,423,5.3,1967,59,39,1,157.8,86.6,73.5,High,150245,2024-09-15,Pressure Test,43.616094,-116.198746
GEO-0235,Geothermal,Julia Davis Dr,Downtown,return_main,Steel,10,452,3.7,2020,6,90,0,172.2,93.9,100.0,High,246693,2024-11-04,Visual,43.60316,-116.206422
GEO-0236,Geothermal,Warm Springs Ave,East Bench,supply_main,Transite,12,373,6.3,1952,74,15,3,151.0,71.6,42.1,High,166983,2024-08-05,Thermal Imaging,43.608006,-116.162989
GEO-0237,Geothermal,Main St,Downtown,distribution,Transite,8,155,4.3,1957,69,20,3,155.2,108.2,61.8,High,109911,2025-02-13,Ultrasonic Thickness,43.614114,-116.207583
GEO-0238,Geothermal,Campus Ln,Downtown,lateral,Steel,10,457,5.5,2022,4,91,0,170.3,124.9,47.3,Medium,183948,2025-02-12,Thermal Imaging,43.6,-116.19924
GEO-0239,Geothermal,6th St,Downtown,lateral,Transite,6,136,4.0,1978,48,38,0,158.8,105.6,83.4,Low,28054,2024-12-25,Thermal Imaging,43.626,-116.195728
GEO-0240,Geothermal,Avenue B,East Bench,lateral,Transite,4,206,6.2,1958,68,18,4,152.8,89.2,46.9,Low,123429,2024-02-01,Visual,43.621867,-116.175
GEO-0241,Geothermal,Idaho St,Downtown,distribution,Steel,10,267,4.0,1991,35,70,1,166.9,119.8,63.0,Medium,210705,2025-06-30,Visual,43.614147,-116.22
GEO-0242,Geothermal,Avenue B,East Bench,lateral,Transite,12,783,6.6,1964,62,22,5,157.5,92.9,84.4,Medium,225787,2025-08-14,Ultrasonic Thickness,43.626,-116.175
GEO-0243,Geothermal,9th St,Downtown,lateral,Steel,10,401,4.3,1984,42,63,0,165.5,87.9,87.8,Medium,248688,2024-04-04,Visual,43.6,-116.20169
GEO-0244,Geothermal,Campus Ln,Downtown,lateral,Steel,8,549,5.9,1999,27,72,0,167.0,123.0,76.7,Low,199167,2024-03-24,Pressure Test,43.6,-116.198893
GEO-0245,Geothermal,Brady St,Downtown,lateral,Steel,8,591,4.1,2009,17,89,0,174.6,119.0,64.0,Medium,297501,2024-10-28,Thermal Imaging,43.607691,-116.187343
GEO-0246,Geothermal,Julia Davis Dr,Downtown,return_main,Steel,10,492,3.3,2020,6,77,0,173.3,121.0,74.9,Critical,199657,2024-03-09,Ultrasonic Thickness,43.605363,-116.19312
GEO-0247,Geothermal,Brady St,Downtown,lateral,Steel,16,266,5.8,2010,16,77,0,170.3,101.3,67.9,Medium,77867,2025-01-08,Pressure Test,43.607431,-116.194238
GEO-0248,Geothermal,Avenue B,East Bench,lateral,Transite,12,529,4.5,1933,93,5,3,149.5,108.7,46.3,Low,174252,2024-06-06,Visual,43.595484,-116.175
GEO-0249,Geothermal,Idaho St,Downtown,distribution,Transite,10,650,4.6,1994,32,61,1,163.7,93.2,75.7,High,378495,2024-02-16,Pressure Test,43.616655,-116.208123
GEO-0250,Geothermal,Jefferson St,Downtown,lateral,Steel,6,192,7.3,1988,38,61,1,165.6,116.5,64.4,Low,46900,2025-03-30,Visual,43.615976,-116.22
GEO-0251,Geothermal,Lincoln Ave,Downtown,lateral,Steel,6,211,4.3,2009,17,74,0,171.0,124.2,99.3,Medium,106727,2025-05-10,Pressure Test,43.600416,-116.175
GEO-0252,Geothermal,Front St,Downtown,distribution,Steel,8,285,7.6,1988,38,59,0,162.2,110.6,50.1,High,187961,2024-08-13,Visual,43.604916,-116.205005
GEO-0253,Geothermal,Myrtle St,Downtown,distribution,Transite,8,389,3.7,1976,50,38,1,155.3,91.4,49.9,High,241374,2025-05-06,Thermal Imaging,43.607086,-116.207068
GEO-0254,Geothermal,9th St,Downtown,lateral,Transite,8,749,3.4,1971,55,22,1,154.0,77.9,65.9,Medium,582253,2024-02-25,Ultrasonic Thickness,43.6,-116.198852
GEO-0255,Geothermal,Bannock St,Downtown,lateral,Transite,4,403,3.0,1969,57,38,0,158.3,107.3,44.8,Low,199635,2024-11-13,Pressure Test,43.611246,-116.185622
GEO-0256,Geothermal,Main St,Downtown,distribution,Transite,10,384,7.0,1978,48,31,0,155.5,112.5,65.4,Medium,248160,2025-10-25,Pressure Test,43.614421,-116.22
GEO-0257,Geothermal,Idaho St,Downtown,distribution,Transite,8,468,6.2,1964,62,18,1,155.9,87.1,42.8,Medium,297890,2025-08-27,Ultrasonic Thickness,43.616255,-116.22
GEO-0258,Geothermal,Crescent Rim Dr,East Bench,lateral,Transite,10,784,6.7,1937,89,5,2,149.6,94.3,100.0,Low,572865,2024-06-02,Visual,43.604044,-116.175
GEO-0259,Geothermal,Capitol Blvd,Downtown,supply_main,Transite,10,748,4.2,1979,47,28,5,158.9,83.6,67.2,High,300825,2025-06-13,Visual,43.6,-116.199665
GEO-0260,Geothermal,Warm Springs Ave (W),Downtown,supply_main,Transite,16,468,5.0,1945,81,5,5,148.3,76.2,62.9,Critical,152040,2025-04-15,Thermal Imaging,43.61038,-116.22
GEO-0261,Geothermal,Warm Springs Ave,East Bench,supply_main,Transite,12,771,7.2,1942,84,5,2,152.0,90.8,65.7,Critical,267483,2024-07-02,Ultrasonic Thickness,43.608626,-116.167138
GEO-0262,Geothermal,Warm Springs Ave (W),Downtown,supply_main,Transite,12,675,4.1,1948,78,26,2,156.9,85.1,69.5,Critical,328538,2025-04-01,Visual,43.610881,-116.175
GEO-0263,Geothermal,Lincoln Ave,Downtown,lateral,Steel,4,638,6.1,1994,32,75,0,170.4,99.6,43.2,Low,357322,2024-06-08,Ultrasonic Thickness,43.602339,-116.175
GEO-0264,Geothermal,Lincoln Ave,Downtown,lateral,Steel,8,144,7.8,1992,34,64,2,168.0,93.0,62.0,Medium,100133,2024-06-13,Thermal Imaging,43.603299,-116.194934
GEO-0265,Geothermal,9th St,Downtown,lateral,Steel,4,228,4.4,1994,32,61,0,168.2,112.0,41.0,Low,73235,2024-11-18,Thermal Imaging,43.604065,-116.198532
GEO-0266,Geothermal,Walnut St,East Bench,lateral,Transite,8,422,4.7,1954,72,23,3,151.5,110.9,74.4,Low,166244,2024-03-16,Thermal Imaging,43.605474,-116.142898
GEO-0267,Geothermal,Brady St,Downtown,lateral,Steel,6,430,7.3,2015,11,93,0,179.3,117.9,78.4,Low,256837,2025-07-19,Pressure Test,43.604381,-116.18274
GEO-0268,Geothermal,Myrtle St,Downtown,distribution,Transite,10,286,4.2,1965,61,23,0,157.4,115.7,33.8,High,73650,2025-10-25,Ultrasonic Thickness,43.605441,-116.22
GEO-0269,Geothermal,Lincoln Ave,Downtown,lateral,Steel,4,203,4.7,2020,6,100,0,178.8,109.2,40.4,Low,42138,2025-08-31,Visual,43.600477,-116.175
GEO-0270,Geothermal,Crescent Rim Dr,East Bench,lateral,Transite,12,257,4.1,1928,98,5,5,149.6,87.7,79.8,Low,158678,2025-08-01,Visual,43.601653,-116.149742
GEO-0271,Geothermal,Warm Springs Ave,East Bench,supply_main,Transite,16,394,6.7,1933,93,5,1,148.9,71.7,68.4,Critical,152757,2025-11-10,Pressure Test,43.606788,-116.175
GEO-0272,Geothermal,Main St,Downtown,distribution,Transite,12,157,5.6,1963,63,28,4,154.6,114.0,62.7,Medium,102380,2024-01-27,Pressure Test,43.612579,-116.22
GEO-0273,Geothermal,8th St,Downtown,lateral,Transite,4,440,3.5,1970,56,31,2,157.1,114.6,91.1,Low,280605,2025-04-11,Pressure Test,43.619884,-116.19707
GEO-0274,Geothermal,Campus Ln,Downtown,lateral,Steel,10,489,3.9,2010,16,88,1,173.3,128.6,75.8,Low,194562,2024-06-19,Visual,43.626,-116.197015
GEO-0275,Geothermal,Jefferson St,Downtown,lateral,Steel,6,484,7.8,1986,40,52,0,160.7,109.3,60.6,Low,318933,2024-08-20,Visual,43.618398,-116.198012
GEO-0276,Geothermal,Myrtle St,Downtown,distribution,Transite,8,381,3.2,1979,47,40,3,154.7,114.6,35.9,High,88488,2025-04-03,Ultrasonic Thickness,43.605135,-116.188645
GEO-0277,Geothermal,Warm Springs Ave (W),Downtown,supply_main,Transite,12,292,5.3,1933,93,5,3,146.5,70.1,51.4,High,214890,2024-07-19,Pressure Test,43.609328,-116.198251
GEO-0278,Geothermal,Jefferson St,Downtown,lateral,Transite,4,701,5.7,1966,60,5,2,147.6,101.8,41.9,Low,284065,2024-08-24,Pressure Test,43.614928,-116.193143
GEO-0279,Geothermal,University Dr,Downtown,distribution,Pre-insulated Steel,12,407,5.2,2001,25,92,0,174.8,127.0,75.7,High,262689,2025-05-26,Pressure Test,43.603015,-116.22
GEO-0280,Geothermal,Julia Davis Dr,Downtown,return_main,Steel,8,634,7.6,2004,22,55,0,163.0,94.2,58.5,Critical,193979,2024-12-22,Thermal Imaging,43.601496,-116.194992
GEO-0281,Geothermal,Bannock St,Downtown,lateral,Transite,4,596,4.5,1964,62,12,3,148.5,81.2,53.0,Medium,396540,2025-08-26,Visual,43.614628,-116.175
GEO-0282,Geothermal,6th St,Downtown,lateral,Transite,6,275,7.9,1959,67,22,6,153.9,101.4,94.6,Low,88798,2024-10-31,Ultrasonic Thickness,43.626,-116.195887
GEO-0283,Geothermal,Warm Springs Ave,East Bench,supply_main,Transite,16,760,7.4,1958,68,30,4,156.5,93.8,47.9,Critical,588344,2024-10-04,Pressure Test,43.608452,-116.175
GEO-0284,Geothermal,Campus Ln,Downtown,lateral,Steel,8,301,7.6,2002,24,78,1,170.5,104.8,91.1,Low,215347,2025-04-07,Pressure Test,43.6,-116.202322
GEO-0285,Geothermal,Julia Davis Dr,Downtown,return_main,Pre-insulated Steel,12,759,6.7,2018,8,97,0,177.0,99.3,44.0,High,602201,2024-12-19,Pressure Test,43.603191,-116.185069
GEO-0286,Geothermal,Warm Springs Ave (W),Downtown,supply_main,Transite,16,374,3.3,1962,64,11,2,151.0,97.4,78.5,Critical,305878,2024-08-01,Pressure Test,43.607893,-116.179369
GEO-0287,Geothermal,Main St,Downtown,distribution,Transite,12,797,7.4,1966,60,9,1,148.2,107.6,48.6,Medium,223755,2024-03-25,Visual,43.614892,-116.195235
GEO-0288,Geothermal,Julia Davis Dr,Downtown,return_main,Steel,10,797,4.8,2009,17,67,0,166.1,107.8,62.4,Critical,555958,2024-05-21,Pressure Test,43.603798,-116.184591
GEO-0289,Geothermal,Front St,Downtown,distribution,Transite,10,142,6.3,1979,47,41,4,160.3,98.1,78.8,Medium,43498,2025-12-02,Pressure Test,43.607627,-116.19929
GEO-0290,Geothermal,Idaho St,Downtown,distribution,Transite,12,799,4.3,1963,63,19,5,153.9,99.1,77.6,High,533433,2024-01-19,Thermal Imaging,43.615811,-116.188561
GEO-0291,Geothermal,Front St,Downtown,distribution,Transite,12,520,5.1,1977,49,36,0,160.7,113.6,80.4,Medium,268360,2024-02-11,Thermal Imaging,43.60482,-116.22
GEO-0292,Geothermal,Brady St,Downtown,lateral,Steel,10,150,3.2,2006,20,76,0,165.6,96.0,64.9,Low,51876,2025-06-11,Visual,43.605411,-116.205823
GEO-0293,Geothermal,Idaho St,Downtown,distribution,Transite,12,259,6.7,1967,59,28,1,155.9,115.0,64.8,Medium,85366,2024-02-22,Thermal Imaging,43.612921,-116.175
GEO-0294,Geothermal,6th St,Downtown,lateral,Transite,8,405,7.2,1969,57,15,4,153.8,79.1,80.5,Medium,322756,2024-07-31,Thermal Imaging,43.626,-116.191566
GEO-0295,Geothermal,Front St,Downtown,distribution,Transite,12,372,4.7,1964,62,11,2,149.3,101.7,65.0,Medium,304647,2024-06-04,Pressure Test,43.603719,-116.196304
GEO-0296,Geothermal,Brady St,Downtown,lateral,Transite,4,733,7.8,1991,35,51,3,167.4,90.9,57.1,Medium,151970,2025-06-18,Visual,43.606423,-116.210738
GEO-0297,Geothermal,Capitol Blvd,Downtown,supply_main,Transite,12,700,5.2,1980,46,26,4,155.5,97.7,57.3,High,479336,2025-02-08,Visual,43.606042,-116.201219
GEO-0298,Geothermal,Capitol Blvd,Downtown,supply_main,Transite,12,742,6.3,1987,39,63,1,163.6,86.1,86.2,High,187591,2025-10-23,Thermal Imaging,43.6,-116.2012
GEO-0299,Geothermal,Warm Springs Ave (W),Downtown,supply_main,Transite,10,401,3.0,1931,95,5,3,150.8,70.8,100.0,High,188405,2025-07-24,Thermal Imaging,43.61082,-116.183103
GEO-0300,Geothermal,Walnut St,East Bench,lateral,Transite,6,593,4.4,1957,69,8,2,148.1,95.8,25.2,Medium,300332,2024-01-29,Thermal Imaging,43.606518,-116.175
GEO-0301,Geothermal,9th St,Downtown,lateral,Transite,6,296,7.6,1965,61,17,3,151.1,83.6,63.0,Medium,82728,2025-02-15,Pressure Test,43.626,-116.197166
GEO-0302,Geothermal,Warm Springs Ave,East Bench,supply_main,Transite,12,157,5.3,1951,75,13,3,150.7,75.2,24.0,Critical,109772,2025-05-05,Thermal Imaging,43.605514,-116.175
GEO-0303,Geothermal,Warm Springs Ave,East Bench,supply_main,Transite,12,109,5.3,1947,79,17,1,156.2,107.5,95.1,Critical,49298,2025-11-17,Ultrasonic Thickness,43.607187,-116.163224
GEO-0304,Geothermal,9th St,Downtown,lateral,Transite,6,763,4.7,1977,49,48,1,160.8,116.2,99.3,Low,170705,2025-11-11,Visual,43.6,-116.198866
GEO-0305,Geothermal,Walnut St,East Bench,lateral,Transite,4,234,3.3,1942,84,5,3,148.1,70.8,52.2,Low,131117,2024-10-31,Thermal Imaging,43.605845,-116.155176
GEO-0306,Geothermal,Walnut St,East Bench,lateral,Transite,8,225,7.3,1946,80,6,6,150.7,106.0,91.2,Medium,108569,2025-03-15,Pressure Test,43.608443,-116.175
GEO-0307,Geothermal,Front St,Downtown,distribution,Transite,8,369,5.1,1994,32,49,0,160.7,116.2,62.6,Medium,145891,2025-03-17,Ultrasonic Thickness,43.605357,-116.193227
GEO-0308,Geothermal,Capitol Blvd,Downtown,supply_main,Transite,12,320,5.5,1975,51,36,1,159.3,114.4,32.8,Critical,90806,2024-09-09,Pressure Test,43.626,-116.201019
GEO-0309,Geothermal,Idaho St,Downtown,distribution,Transite,12,763,3.9,1957,69,9,4,151.8,72.3,63.6,Medium,668981,2024-06-21,Ultrasonic Thickness,43.612925,-116.184031
GEO-0310,Geothermal,Warm Springs Ave (W),Downtown,supply_main,Transite,12,790,5.0,1964,62,17,1,153.9,101.2,83.8,Critical,237788,2024-04-15,Pressure Test,43.610672,-116.175
GEO-0311,Geothermal,Avenue B,East Bench,lateral,Transite,6,200,3.3,1962,64,36,2,159.0,81.2,60.6,Low,126371,2024-01-03,Thermal Imaging,43.626,-116.175
GEO-0312,Geothermal,Capitol Blvd,Downtown,supply_main,Transite,12,213,7.2,1994,32,62,1,166.7,86.9,50.6,High,144722,2024-08-31,Visual,43.617979,-116.200029
GEO-0313,Geothermal,Avenue B,East Bench,lateral,Transite,8,705,4.8,1946,80,5,2,143.4,68.9,48.6,Low,409995,2024-12-29,Thermal Imaging,43.590552,-116.175
GEO-0314,Geothermal,Crescent Rim Dr,East Bench,lateral,Transite,8,536,7.7,1950,76,5,2,148.9,98.5,52.7,Low,246611,2024-10-25,Ultrasonic Thickness,43.602042,-116.175
GEO-0315,Geothermal,8th St,Downtown,lateral,Steel,12,164,6.8,1990,36,64,1,167.8,92.7,56.6,Low,102599,2025-07-17,Ultrasonic Thickness,43.6,-116.19958
GEO-0316,Geothermal,Crescent Rim Dr,East Bench,lateral,Transite,6,293,6.1,1942,84,5,4,148.5,107.7,57.2,Low,91690,2024-08-23,Ultrasonic Thickness,43.603556,-116.175
GEO-0317,Geothermal,Julia Davis Dr,Downtown,return_main,Steel,8,605,7.8,1994,32,56,1,163.9,123.8,64.2,High,303704,2024-02-23,Visual,43.605147,-116.22
GEO-0318,Geothermal,Avenue B,East Bench,lateral,Transite,16,295,5.9,1939,87,5,2,145.6,75.9,63.5,Medium,90674,2024-01-15,Pressure Test,43.58,-116.175
GEO-0319,Geothermal,Jefferson St,Downtown,lateral,Transite,8,185,3.4,1979,47,33,3,156.6,83.5,48.5,Medium,128715,2024-04-08,Visual,43.615324,-116.22
GEO-0320,Geothermal,Walnut St,East Bench,lateral,Transite,6,490,6.4,1933,93,5,6,152.9,87.1,67.7,Low,337981,2024-04-11,Ultrasonic Thickness,43.608243,-116.175
GEO-0321,Geothermal,Walnut St,East Bench,lateral,Transite,8,120,3.1,1930,96,5,1,148.2,86.0,65.4,Low,64895,2024-02-01,Ultrasonic Thickness,43.60301,-116.175
GEO-0322,Geothermal,Bannock St,Downtown,lateral,Steel,4,321,4.1,1985,41,63,1,164.3,94.0,62.0,Medium,184050,2024-04-14,Visual,43.610124,-116.197709
GEO-0323,Geothermal,Warm Springs Ave (W),Downtown,supply_main,Transite,12,514,6.6,1950,76,5,3,148.7,83.0,58.9,High,245968,2025-11-05,Thermal Imaging,43.607959,-116.22
GEO-0324,Geothermal,Idaho St,Downtown,distribution,Transite,12,723,6.1,1958,68,8,2,151.4,109.3,85.2,Medium,349246,2024-04-07,Thermal Imaging,43.612309,-116.208713
GEO-0325,Geothermal,Front St,Downtown,distribution,Transite,10,402,4.4,1978,48,42,4,158.7,106.2,46.2,High,104423,2025-03-10,Pressure Test,43.603467,-116.199087
GEO-0326,Geothermal,Jefferson St,Downtown,lateral,Transite,6,501,6.2,1959,67,5,3,146.1,104.2,100.0,Low,355607,2025-10-20,Ultrasonic Thickness,43.613077,-116.22
GEO-0327,Geothermal,Bannock St,Downtown,lateral,Transite,8,695,7.5,1960,66,8,2,150.9,106.2,63.1,Low,268476,2025-05-01,Ultrasonic Thickness,43.613782,-116.22
GEO-0328,Geothermal,Capitol Mall,Downtown,supply_main,Steel,12,724,5.2,1988,38,52,1,166.1,125.5,93.9,High,308599,2025-08-29,Thermal Imaging,43.6,-116.197327
GEO-0329,Geothermal,Capitol Mall,Downtown,supply_main,Transite,12,440,7.0,1982,44,37,1,160.0,105.1,54.4,High,187544,2024-12-20,Pressure Test,43.626,-116.197019
GEO-0330,Geothermal,Walnut St,East Bench,lateral,Transite,12,556,7.5,1946,80,5,3,150.0,95.8,36.6,Medium,369224,2024-05-30,Pressure Test,43.608638,-116.141226
GEO-0331,Geothermal,University Dr,Downtown,distribution,Steel,8,302,4.5,2015,11,73,0,169.4,91.5,58.7,Medium,138197,2024-10-23,Ultrasonic Thickness,43.600353,-116.20404
GEO-0332,Geothermal,Front St,Downtown,distribution,Transite,10,176,7.9,1968,58,18,3,150.2,74.7,51.7,High,94333,2024-03-30,Pressure Test,43.60449,-116.192089
GEO-0333,Geothermal,Capitol Mall,Downtown,supply_main,Transite,16,207,7.1,1955,71,8,4,149.1,102.3,34.4,High,58872,2025-09-02,Thermal Imaging,43.614656,-116.202731
GEO-0334,Geothermal,Walnut St,East Bench,lateral,Transite,10,355,3.8,1925,101,5,3,148.1,82.7,57.2,Medium,131736,2024-10-14,Thermal Imaging,43.607813,-116.175
GEO-0335,Geothermal,Campus Ln,Downtown,lateral,Steel,6,690,7.0,1991,35,78,0,169.4,110.8,72.8,Low,261619,2024-10-20,Thermal Imaging,43.600125,-116.199878
GEO-0336,Geothermal,Lincoln Ave,Downtown,lateral,Steel,4,610,6.0,1991,35,58,1,162.2,87.0,27.8,Low,188777,2025-02-10,Ultrasonic Thickness,43.600564,-116.212731
GEO-0337,Geothermal,Avenue B,East Bench,lateral,Transite,6,762,6.4,1952,74,5,3,150.7,105.0,48.6,Medium,511007,2024-09-17,Thermal Imaging,43.625157,-116.175
GEO-0338,Geothermal,Warm Springs Ave,East Bench,supply_main,Transite,12,763,4.9,1946,80,5,3,148.5,76.8,85.1,Critical,573000,2024-02-06,Visual,43.610679,-116.175
GEO-0339,Geothermal,Jefferson St,Downtown,lateral,Transite,12,439,5.9,1977,49,36,2,156.0,92.6,90.8,Low,218889,2024-10-18,Visual,43.618417,-116.184417
GEO-0340,Geothermal,Campus Ln,Downtown,lateral,Pre-insulated Steel,10,296,4.0,2003,23,100,0,176.6,109.9,83.6,Medium,180265,2024-06-05,Thermal Imaging,43.6,-116.201353
GEO-0341,Geothermal,Capitol Blvd,Downtown,supply_main,Transite,16,401,4.5,1969,57,27,1,153.2,90.9,45.2,High,186855,2025-04-17,Ultrasonic Thickness,43.60385,-116.199291
GEO-0342,Geothermal,Main St,Downtown,distribution,Transite,12,761,4.6,1979,47,36,4,154.2,112.7,65.5,Medium,356344,2024-08-10,Visual,43.617815,-116.22
GEO-0343,Geothermal,9th St,Downtown,lateral,Transite,12,321,3.9,1980,46,44,1,161.5,117.3,71.2,Medium,202361,2025-06-23,Visual,43.626,-116.198076
GEO-0344,Geothermal,Lincoln Ave,Downtown,lateral,Steel,8,757,7.2,2000,26,80,0,172.3,112.8,41.7,Low,285571,2024-01-28,Thermal Imaging,43.604621,-116.206649
GEO-0345,Geothermal,Idaho St,Downtown,distribution,Transite,8,214,3.0,1959,67,13,2,150.7,80.5,72.1,Medium,109958,2024-10-10,Thermal Imaging,43.613559,-116.209741
GEO-0346,Geothermal,Avenue B,East Bench,lateral,Transite,8,487,7.4,1926,100,5,3,143.4,65.6,54.8,Low,227656,2025-06-22,Visual,43.604176,-116.175
GEO-0347,Geothermal,Crescent Rim Dr,East Bench,lateral,Transite,8,531,5.8,1948,78,18,2,151.7,97.3,82.1,Low,211224,2024-02-18,Thermal Imaging,43.601785,-116.168869
GEO-0348,Geothermal,Brady St,Downtown,lateral,Steel,16,401,5.9,2009,17,65,0,165.3,100.3,86.3,Low,232710,2025-05-13,Visual,43.602107,-116.211395
GEO-0349,Geothermal,Bannock St,Downtown,lateral,Transite,8,717,4.5,1979,47,27,5,158.2,88.0,53.6,Medium,371861,2025-07-15,Ultrasonic Thickness,43.613139,-116.175
GEO-0350,Geothermal,Idaho St,Downtown,distribution,Transite,8,669,6.3,1969,57,37,4,159.0,90.6,60.3,Medium,214643,2025-11-15,Ultrasonic Thickness,43.612338,-116.22
