segment_id,system_type,subdivision,district,canal_source,pipe_material,diameter_inches,length_ft,depth_ft,install_year,asset_age_years,condition_score,breaks_last_5yr,capacity_utilization_pct,operating_pressure_psi,criticality_class,estimated_replacement_cost_usd,last_inspection_date,inspection_method,lat,lon
PI-0001,Pressurized Irrigation,Graystone #1,West Boise,Boise City Canal,PVC C900,10,834,3.0,2002,24,99,0,33.7,108.0,Low,102156,2023-10-09,Pressure Test,43.612009,-116.245563
PI-0002,Pressurized Irrigation,Steamboat,West Boise,Settlers Irrigation,PVC PR-SDR,4,1076,2.7,2009,17,87,0,58.7,97.0,Low,64435,2025-06-12,Flow Monitoring,43.643344,-116.252041
PI-0003,Pressurized Irrigation,Whidby,West Boise,Boise City Canal,PVC PR-SDR,6,1039,3.3,2004,22,86,0,64.1,102.0,Low,89075,2023-01-26,Visual,43.618753,-116.305603
PI-0004,Pressurized Irrigation,Palm Court,West Boise,Boise City Canal,PVC PR-SDR,6,645,2.7,2009,17,90,0,42.8,96.0,Medium,63225,2023-11-23,Valve Inspection,43.623665,-116.249269
PI-0005,Pressurized Irrigation,Graystone #1,West Boise,Boise City Canal,PVC PR-SDR,10,942,3.5,2000,26,99,0,60.6,89.0,Medium,45972,2025-06-09,Valve Inspection,43.613093,-116.244074
PI-0006,Pressurized Irrigation,Darien,West Boise,Boise City Canal,PVC PR-SDR,6,275,3.3,2002,24,87,0,38.7,112.0,Low,31467,2024-01-27,Valve Inspection,43.635203,-116.293589
PI-0007,Pressurized Irrigation,Chaucer,West Boise,Boise City Canal,PVC PR-SDR,10,660,3.7,2019,7,95,0,53.0,89.0,Low,61142,2025-03-03,Visual,43.622014,-116.312572
PI-0008,Pressurized Irrigation,Darien,West Boise,Boise City Canal,PVC PR-SDR,6,398,3.0,2005,21,91,0,68.3,107.0,Low,27852,2022-12-10,Visual,43.62653,-116.301168
PI-0009,Pressurized Irrigation,Bradford,West Boise,Boise City Canal,PVC PR-SDR,6,1033,3.1,2000,26,79,0,71.2,93.0,Low,117182,2024-12-01,Valve Inspection,43.642426,-116.315107
PI-0010,Pressurized Irrigation,Bradford,West Boise,Boise City Canal,PVC C900,6,848,3.1,2000,26,86,0,74.8,114.0,Medium,62365,2024-07-15,Valve Inspection,43.637787,-116.313865
PI-0011,Pressurized Irrigation,Bradford,West Boise,Boise City Canal,PVC PR-SDR,10,824,4.1,2000,26,93,0,70.0,82.0,Medium,48324,2024-06-14,Valve Inspection,43.63079,-116.307493
PI-0012,Pressurized Irrigation,Azure #1,West Boise,Settlers Irrigation,PVC PR-SDR,4,682,3.8,2003,23,91,0,87.0,101.0,Low,80446,2025-11-10,Pressure Test,43.649918,-116.281636
PI-0013,Pressurized Irrigation,Palm Court,West Boise,Boise City Canal,PVC PR-SDR,8,938,2.9,2010,16,100,0,58.0,110.0,Low,83566,2023-01-20,Flow Monitoring,43.62936,-116.244019
PI-0014,Pressurized Irrigation,Eronel,West Boise,Boise City Canal,PVC C900,10,1073,4.4,2018,8,88,0,51.0,103.0,Low,104024,2024-06-05,Visual,43.603004,-116.313984
PI-0015,Pressurized Irrigation,Azure #1,West Boise,Settlers Irrigation,PVC C900,4,1104,3.3,2005,21,87,0,57.2,108.0,Low,76987,2025-07-31,Visual,43.655,-116.284159
PI-0016,Pressurized Irrigation,Graystone #2,West Boise,Boise City Canal,PVC PR-SDR,8,165,3.8,2006,20,100,0,59.4,102.0,Medium,19352,2022-10-17,Pressure Test,43.618825,-116.253211
PI-0017,Pressurized Irrigation,Graystone #2,West Boise,Boise City Canal,PVC PR-SDR,10,970,3.1,2007,19,82,0,55.4,86.0,Low,108920,2023-06-17,Valve Inspection,43.61719,-116.245646
PI-0018,Pressurized Irrigation,Azure #2,West Boise,Settlers Irrigation,PVC C900,8,1062,4.5,2005,21,89,0,68.6,111.0,Low,105214,2025-03-26,Valve Inspection,43.648798,-116.282904
PI-0019,Pressurized Irrigation,Azure #2,West Boise,Settlers Irrigation,PVC C900,8,583,2.7,2006,20,95,0,31.3,97.0,Medium,70907,2025-07-26,Flow Monitoring,43.646049,-116.278421
PI-0020,Pressurized Irrigation,Azure #1,West Boise,Settlers Irrigation,PVC PR-SDR,8,304,3.5,2002,24,93,0,53.3,84.0,Medium,26050,2024-12-20,Flow Monitoring,43.651107,-116.274504
PI-0021,Pressurized Irrigation,Linshire,Southwest,Ridenbaugh Canal,PVC PR-SDR,6,1033,2.9,2007,19,97,0,66.6,85.0,Medium,125014,2024-03-03,Valve Inspection,43.579672,-116.273239
PI-0022,Pressurized Irrigation,Graystone #2,West Boise,Boise City Canal,PVC PR-SDR,6,407,4.9,2005,21,86,0,58.7,95.0,Low,57844,2023-05-14,Pressure Test,43.618122,-116.253523
PI-0023,Pressurized Irrigation,Bradford,West Boise,Boise City Canal,PVC PR-SDR,8,338,3.9,2001,25,100,0,49.7,92.0,Low,30632,2022-11-29,Flow Monitoring,43.637206,-116.309699
PI-0024,Pressurized Irrigation,Steamboat,West Boise,Settlers Irrigation,PVC PR-SDR,6,796,2.6,2007,19,100,0,30.1,87.0,Medium,119187,2025-07-12,Visual,43.655,-116.258438
PI-0025,Pressurized Irrigation,Whidby,West Boise,Boise City Canal,HDPE,10,664,3.2,2005,21,90,0,71.0,114.0,Low,87351,2023-12-25,Flow Monitoring,43.612458,-116.305943
PI-0026,Pressurized Irrigation,Graystone #1,West Boise,Boise City Canal,PVC PR-SDR,8,520,4.6,2001,25,100,1,49.8,83.0,Low,39861,2025-11-29,Valve Inspection,43.627178,-116.249082
PI-0027,Pressurized Irrigation,Chaucer,West Boise,Boise City Canal,PVC PR-SDR,10,1084,4.2,2019,7,99,0,65.7,87.0,Low,66900,2023-09-23,Flow Monitoring,43.619554,-116.321161
PI-0028,Pressurized Irrigation,Darien,West Boise,Boise City Canal,PVC C900,6,552,2.9,2006,20,100,0,75.8,110.0,Low,41655,2023-11-25,Visual,43.625091,-116.288765
PI-0029,Pressurized Irrigation,Azure #3,West Boise,Settlers Irrigation,PVC PR-SDR,12,331,4.9,2006,20,91,0,48.6,91.0,High,38658,2025-07-14,Flow Monitoring,43.644529,-116.287432
PI-0030,Pressurized Irrigation,Graystone #2,West Boise,Boise City Canal,PVC PR-SDR,10,883,4.4,2008,18,96,0,42.7,83.0,Low,81090,2023-03-25,Pressure Test,43.627585,-116.247793
PI-0031,Pressurized Irrigation,Bradford,West Boise,Boise City Canal,PVC PR-SDR,8,407,2.6,2002,24,95,0,54.4,92.0,Low,56526,2023-11-04,Valve Inspection,43.632915,-116.314861
PI-0032,Pressurized Irrigation,Whidby,West Boise,Boise City Canal,PVC PR-SDR,12,961,3.8,2005,21,100,0,68.1,95.0,Medium,123380,2023-06-29,Visual,43.620997,-116.298143
PI-0033,Pressurized Irrigation,Bradford,West Boise,Boise City Canal,PVC PR-SDR,4,788,3.8,2000,26,85,0,40.2,94.0,Medium,41667,2024-10-31,Visual,43.63851,-116.303636
PI-0034,Pressurized Irrigation,Whidby,West Boise,Boise City Canal,PVC PR-SDR,6,545,3.4,2007,19,98,0,60.9,90.0,Low,64346,2024-04-08,Visual,43.616033,-116.29786
PI-0035,Pressurized Irrigation,Graystone #2,West Boise,Boise City Canal,PVC PR-SDR,10,306,3.2,2005,21,93,0,80.6,102.0,Low,21080,2024-01-04,Pressure Test,43.615433,-116.246728
PI-0036,Pressurized Irrigation,Bradford,West Boise,Boise City Canal,PVC PR-SDR,8,497,3.0,2001,25,94,0,62.8,83.0,Low,46128,2025-10-26,Visual,43.627956,-116.308736
PI-0037,Pressurized Irrigation,Graystone #1,West Boise,Boise City Canal,PVC PR-SDR,10,1184,4.9,2004,22,96,1,69.9,84.0,Low,162012,2025-11-27,Flow Monitoring,43.615072,-116.245893
PI-0038,Pressurized Irrigation,Graystone #2,West Boise,Boise City Canal,PVC PR-SDR,6,1153,3.9,2006,20,100,0,56.8,102.0,Medium,141493,2023-09-29,Pressure Test,43.629748,-116.258742
PI-0039,Pressurized Irrigation,Palm Court,West Boise,Boise City Canal,PVC PR-SDR,10,785,2.5,2007,19,85,0,42.7,114.0,Medium,115368,2024-05-28,Valve Inspection,43.628638,-116.244321
PI-0040,Pressurized Irrigation,Graystone #1,West Boise,Boise City Canal,PVC PR-SDR,4,560,3.2,2000,26,100,0,68.9,80.0,Low,78927,2023-12-01,Valve Inspection,43.613896,-116.244093
PI-0041,Pressurized Irrigation,Darien,West Boise,Boise City Canal,PVC PR-SDR,12,359,4.8,2003,23,100,0,50.9,102.0,High,27945,2025-03-11,Pressure Test,43.633766,-116.301276
PI-0042,Pressurized Irrigation,Whidby,West Boise,Boise City Canal,PVC PR-SDR,4,370,5.0,2007,19,89,0,61.1,82.0,Medium,40097,2025-07-19,Visual,43.616541,-116.294521
PI-0043,Pressurized Irrigation,Bradford,West Boise,Boise City Canal,PVC PR-SDR,8,1153,4.2,1998,28,94,0,65.8,114.0,Low,62459,2024-03-23,Visual,43.637295,-116.312928
PI-0044,Pressurized Irrigation,Whidby,West Boise,Boise City Canal,PVC PR-SDR,8,205,3.6,2004,22,100,0,52.1,106.0,Low,19922,2024-01-06,Visual,43.621238,-116.292207
PI-0045,Pressurized Irrigation,Ashbrook,West Boise,Boise City Canal,PVC PR-SDR,6,186,4.0,2018,8,93,0,24.5,103.0,Low,14885,2023-02-27,Visual,43.613985,-116.321328
PI-0046,Pressurized Irrigation,Azure #2,West Boise,Settlers Irrigation,PVC C900,8,997,3.0,2003,23,92,0,42.5,114.0,Medium,61974,2025-10-04,Flow Monitoring,43.640534,-116.284135
PI-0047,Pressurized Irrigation,Azure #3,West Boise,Settlers Irrigation,PVC PR-SDR,6,1034,4.2,2007,19,94,1,54.1,106.0,Medium,154822,2022-10-09,Pressure Test,43.655,-116.275167
PI-0048,Pressurized Irrigation,Eronel,West Boise,Boise City Canal,PVC PR-SDR,10,1164,3.9,2019,7,100,0,34.2,92.0,Low,136314,2025-05-17,Valve Inspection,43.602691,-116.321411
PI-0049,Pressurized Irrigation,Graystone #2,West Boise,Boise City Canal,PVC PR-SDR,12,483,3.3,2005,21,95,0,71.9,106.0,High,59952,2024-04-19,Pressure Test,43.62548,-116.259495
PI-0050,Pressurized Irrigation,Azure #1,West Boise,Settlers Irrigation,HDPE,6,569,4.1,2005,21,89,0,67.8,107.0,Medium,37433,2025-07-05,Valve Inspection,43.647914,-116.278931
PI-0051,Pressurized Irrigation,Chaucer,West Boise,Boise City Canal,PVC PR-SDR,6,1169,4.7,2019,7,90,0,63.3,83.0,Low,173289,2023-01-28,Flow Monitoring,43.61905,-116.327575
PI-0052,Pressurized Irrigation,Steamboat,West Boise,Settlers Irrigation,PVC PR-SDR,10,237,4.0,2009,17,100,0,47.6,81.0,Low,13244,2023-01-13,Visual,43.644179,-116.252072
PI-0053,Pressurized Irrigation,Bradford,West Boise,Boise City Canal,PVC PR-SDR,8,814,4.0,2002,24,93,0,48.9,82.0,Medium,105883,2023-03-29,Pressure Test,43.634745,-116.305348
PI-0054,Pressurized Irrigation,Azure #3,West Boise,Settlers Irrigation,PVC PR-SDR,6,572,3.4,2008,18,100,0,42.4,94.0,Medium,57597,2024-03-16,Flow Monitoring,43.655,-116.287546
PI-0055,Pressurized Irrigation,Azure #3,West Boise,Settlers Irrigation,HDPE,4,1085,3.9,2005,21,94,0,44.5,114.0,Low,139331,2023-12-19,Pressure Test,43.648032,-116.28266
PI-0056,Pressurized Irrigation,Palm Court,West Boise,Boise City Canal,PVC C900,8,804,2.8,2007,19,78,0,52.1,94.0,Medium,94989,2023-02-24,Pressure Test,43.617917,-116.25685
PI-0057,Pressurized Irrigation,Azure #1,West Boise,Settlers Irrigation,PVC PR-SDR,4,882,4.3,2003,23,94,0,42.2,85.0,Medium,110078,2024-11-04,Flow Monitoring,43.646871,-116.277485
PI-0058,Pressurized Irrigation,Graystone #1,West Boise,Boise City Canal,PVC PR-SDR,6,167,4.2,2000,26,92,0,50.1,111.0,Low,9718,2023-10-06,Visual,43.625995,-116.248677
PI-0059,Pressurized Irrigation,Darien,West Boise,Boise City Canal,PVC PR-SDR,4,1033,4.8,2004,22,86,0,38.4,107.0,Medium,116675,2022-10-04,Valve Inspection,43.623253,-116.298697
PI-0060,Pressurized Irrigation,Azure #1,West Boise,Settlers Irrigation,PVC C900,6,540,2.9,2001,25,96,0,41.6,108.0,Low,36791,2025-04-22,Pressure Test,43.652581,-116.286061
PI-0061,Pressurized Irrigation,Azure #1,West Boise,Settlers Irrigation,PVC C900,4,629,2.6,2003,23,100,0,46.3,112.0,Low,53266,2025-02-28,Valve Inspection,43.644521,-116.275998
PI-0062,Pressurized Irrigation,Whidby,West Boise,Boise City Canal,PVC PR-SDR,8,402,5.0,2005,21,91,0,52.0,83.0,Medium,41001,2025-08-01,Pressure Test,43.613208,-116.295394
PI-0063,Pressurized Irrigation,Azure #1,West Boise,Settlers Irrigation,PVC PR-SDR,10,574,2.8,2002,24,98,0,62.3,92.0,Low,51673,2023-11-08,Valve Inspection,43.645508,-116.276864
PI-0064,Pressurized Irrigation,Steamboat,West Boise,Settlers Irrigation,PVC PR-SDR,6,532,4.5,2007,19,100,0,50.3,98.0,Low,78890,2025-05-13,Flow Monitoring,43.643542,-116.256368
PI-0065,Pressurized Irrigation,Azure #3,West Boise,Settlers Irrigation,PVC PR-SDR,8,955,3.8,2007,19,97,0,38.6,103.0,Low,116984,2025-08-10,Flow Monitoring,43.655,-116.287197
PI-0066,Pressurized Irrigation,Ashbrook,West Boise,Boise City Canal,PVC C900,8,177,2.5,2019,7,95,0,40.0,114.0,Medium,21941,2025-01-05,Pressure Test,43.609484,-116.31618
PI-0067,Pressurized Irrigation,Bradford,West Boise,Boise City Canal,PVC PR-SDR,10,963,3.7,1999,27,93,1,32.0,98.0,Medium,47607,2024-11-19,Valve Inspection,43.629438,-116.302758
PI-0068,Pressurized Irrigation,Darien,West Boise,Boise City Canal,PVC PR-SDR,4,253,2.7,2002,24,95,0,39.3,106.0,Low,36766,2023-01-25,Pressure Test,43.635323,-116.297037
PI-0069,Pressurized Irrigation,Bradford,West Boise,Boise City Canal,PVC PR-SDR,12,336,4.3,2000,26,97,0,24.7,102.0,Medium,42640,2024-06-26,Visual,43.635829,-116.308513
PI-0070,Pressurized Irrigation,Steamboat,West Boise,Settlers Irrigation,PVC PR-SDR,8,432,3.9,2007,19,99,0,51.0,97.0,Medium,24006,2024-12-16,Pressure Test,43.641536,-116.264828
PI-0071,Pressurized Irrigation,Steamboat,West Boise,Settlers Irrigation,PVC PR-SDR,8,467,3.6,2006,20,100,0,57.6,107.0,Low,27532,2024-07-21,Flow Monitoring,43.649875,-116.257703
PI-0072,Pressurized Irrigation,Azure #2,West Boise,Settlers Irrigation,PVC C900,6,837,2.8,2005,21,90,0,66.6,90.0,Low,124492,2023-10-17,Visual,43.653456,-116.277749
PI-0073,Pressurized Irrigation,Linshire,Southwest,Ridenbaugh Canal,PVC PR-SDR,4,274,3.2,2005,21,92,0,45.4,81.0,Low,12929,2025-04-15,Visual,43.575499,-116.273861
PI-0074,Pressurized Irrigation,Azure #1,West Boise,Settlers Irrigation,PVC PR-SDR,6,769,3.2,2004,22,91,0,34.5,98.0,Low,70092,2025-10-07,Flow Monitoring,43.655,-116.285041
PI-0075,Pressurized Irrigation,Bradford,West Boise,Boise City Canal,PVC PR-SDR,12,432,4.9,2002,24,100,0,40.5,95.0,Medium,18398,2024-03-16,Valve Inspection,43.638824,-116.303735
PI-0076,Pressurized Irrigation,Bradford,West Boise,Boise City Canal,PVC C900,6,1071,4.2,2001,25,92,0,65.8,83.0,Low,94209,2024-09-25,Flow Monitoring,43.638133,-116.312375
PI-0077,Pressurized Irrigation,Azure #1,West Boise,Settlers Irrigation,PVC PR-SDR,8,1039,3.5,2004,22,92,0,48.2,105.0,Low,60748,2024-11-08,Visual,43.65458,-116.27811
PI-0078,Pressurized Irrigation,Graystone #2,West Boise,Boise City Canal,PVC PR-SDR,8,203,4.8,2008,18,100,0,59.7,97.0,Low,21874,2025-08-27,Flow Monitoring,43.629129,-116.252914
PI-0079,Pressurized Irrigation,Steamboat,West Boise,Settlers Irrigation,PVC PR-SDR,4,243,4.6,2007,19,94,0,28.9,106.0,Low,31951,2025-02-14,Visual,43.641522,-116.265695
PI-0080,Pressurized Irrigation,Palm Court,West Boise,Boise City Canal,PVC PR-SDR,6,607,2.8,2009,17,87,0,77.4,108.0,Low,75289,2024-08-14,Visual,43.620768,-116.246516
PI-0081,Pressurized Irrigation,Azure #2,West Boise,Settlers Irrigation,PVC C900,12,1033,4.1,2003,23,94,0,21.8,104.0,High,116823,2023-08-09,Valve Inspection,43.655,-116.274182
PI-0082,Pressurized Irrigation,Azure #1,West Boise,Settlers Irrigation,PVC PR-SDR,8,379,4.3,2001,25,83,1,41.8,108.0,Low,28938,2025-04-05,Flow Monitoring,43.651658,-116.279567
PI-0083,Pressurized Irrigation,Graystone #1,West Boise,Boise City Canal,PVC PR-SDR,10,412,3.0,2003,23,100,0,54.5,93.0,Medium,21802,2023-01-11,Valve Inspection,43.615838,-116.25704
PI-0084,Pressurized Irrigation,Azure #1,West Boise,Settlers Irrigation,PVC PR-SDR,6,767,2.9,2004,22,81,0,60.0,108.0,Low,101595,2022-11-27,Flow Monitoring,43.644084,-116.281549
PI-0085,Pressurized Irrigation,Linshire,Southwest,Ridenbaugh Canal,HDPE,12,572,3.7,2008,18,100,0,59.2,110.0,High,57575,2023-01-04,Pressure Test,43.579136,-116.275001
PI-0086,Pressurized Irrigation,Bradford,West Boise,Boise City Canal,PVC PR-SDR,8,284,4.6,2001,25,95,0,69.9,91.0,Medium,27874,2025-08-24,Pressure Test,43.62808,-116.302402
PI-0087,Pressurized Irrigation,Azure #2,West Boise,Settlers Irrigation,PVC PR-SDR,6,683,2.9,2006,20,95,0,62.8,95.0,Low,50372,2024-10-09,Valve Inspection,43.652382,-116.276362
PI-0088,Pressurized Irrigation,Bradford,West Boise,Boise City Canal,PVC PR-SDR,6,736,4.5,1998,28,87,0,64.4,84.0,Low,88914,2022-12-25,Pressure Test,43.631953,-116.305907
PI-0089,Pressurized Irrigation,Bradford,West Boise,Boise City Canal,PVC PR-SDR,8,495,4.1,2002,24,90,0,65.8,96.0,Low,35908,2023-07-31,Valve Inspection,43.638837,-116.30653
PI-0090,Pressurized Irrigation,Ashbrook,West Boise,Boise City Canal,PVC PR-SDR,8,917,3.1,2017,9,100,0,24.8,102.0,Medium,136306,2025-05-07,Pressure Test,43.615204,-116.318595
PI-0091,Pressurized Irrigation,Darien,West Boise,Boise City Canal,PVC PR-SDR,8,819,3.0,2005,21,100,0,86.5,107.0,Medium,62951,2023-12-13,Flow Monitoring,43.635679,-116.301065
PI-0092,Pressurized Irrigation,Steamboat,West Boise,Settlers Irrigation,HDPE,12,1085,3.7,2010,16,85,0,35.5,97.0,Medium,136932,2023-06-11,Pressure Test,43.650188,-116.267522
PI-0093,Pressurized Irrigation,Chaucer,West Boise,Boise City Canal,PVC PR-SDR,6,840,2.5,2018,8,90,0,44.4,107.0,Low,78407,2024-06-14,Pressure Test,43.627499,-116.327571
PI-0094,Pressurized Irrigation,Azure #2,West Boise,Settlers Irrigation,PVC PR-SDR,6,869,3.0,2004,22,92,0,70.2,93.0,Low,94633,2025-03-17,Flow Monitoring,43.649404,-116.284265
PI-0095,Pressurized Irrigation,Azure #1,West Boise,Settlers Irrigation,PVC PR-SDR,6,850,2.9,2003,23,97,1,50.3,97.0,Low,113593,2024-04-20,Flow Monitoring,43.65461,-116.273358
PI-0096,Pressurized Irrigation,Bradford,West Boise,Boise City Canal,PVC PR-SDR,8,976,4.7,1999,27,86,0,59.8,91.0,Low,67990,2023-02-02,Visual,43.631929,-116.315509
PI-0097,Pressurized Irrigation,Whidby,West Boise,Boise City Canal,PVC PR-SDR,6,528,2.5,2004,22,95,0,66.7,94.0,Medium,38112,2023-05-10,Visual,43.609035,-116.303597
PI-0098,Pressurized Irrigation,Bradford,West Boise,Boise City Canal,PVC PR-SDR,8,276,2.8,1999,27,100,0,46.3,95.0,Low,19498,2023-08-13,Valve Inspection,43.642263,-116.303982
PI-0099,Pressurized Irrigation,Palm Court,West Boise,Boise City Canal,HDPE,8,498,3.1,2010,16,99,1,58.5,106.0,Low,28728,2024-01-01,Valve Inspection,43.622983,-116.257121
PI-0100,Pressurized Irrigation,Linshire,Southwest,Ridenbaugh Canal,PVC C900,6,549,4.3,2008,18,88,0,53.5,81.0,Low,47473,2022-09-26,Valve Inspection,43.584628,-116.287053
PI-0101,Pressurized Irrigation,Eronel,West Boise,Boise City Canal,PVC PR-SDR,8,837,3.2,2017,9,100,0,77.9,94.0,Low,65818,2024-06-09,Pressure Test,43.616644,-116.319683
PI-0102,Pressurized Irrigation,Azure #2,West Boise,Settlers Irrigation,PVC C900,8,218,2.6,2003,23,96,0,54.9,94.0,Low,22382,2025-09-24,Flow Monitoring,43.652716,-116.275161
PI-0103,Pressurized Irrigation,Azure #1,West Boise,Settlers Irrigation,PVC PR-SDR,8,444,4.6,2004,22,91,0,41.9,91.0,Low,23611,2023-10-24,Valve Inspection,43.645919,-116.285016
PI-0104,Pressurized Irrigation,Graystone #2,West Boise,Boise City Canal,PVC PR-SDR,8,985,3.4,2005,21,100,0,71.7,104.0,Low,48134,2024-09-25,Flow Monitoring,43.614439,-116.251632
PI-0105,Pressurized Irrigation,Eronel,West Boise,Boise City Canal,PVC C900,6,217,3.2,2018,8,100,0,68.8,82.0,Medium,10557,2023-05-15,Valve Inspection,43.609924,-116.327253
PI-0106,Pressurized Irrigation,Azure #2,West Boise,Settlers Irrigation,PVC C900,10,1105,4.0,2004,22,100,0,37.1,100.0,Medium,84612,2023-09-05,Valve Inspection,43.644061,-116.271101
PI-0107,Pressurized Irrigation,Palm Court,West Boise,Boise City Canal,PVC PR-SDR,10,964,3.5,2008,18,100,0,74.4,96.0,Medium,132586,2022-12-13,Valve Inspection,43.617528,-116.250222
PI-0108,Pressurized Irrigation,Palm Court,West Boise,Boise City Canal,PVC PR-SDR,6,267,3.0,2011,15,100,0,76.5,104.0,Low,29856,2025-01-28,Visual,43.618889,-116.25698
PI-0109,Pressurized Irrigation,Graystone #1,West Boise,Boise City Canal,PVC PR-SDR,8,486,3.3,2002,24,100,0,68.0,108.0,Medium,33861,2023-09-10,Visual,43.614367,-116.250553
PI-0110,Pressurized Irrigation,Steamboat,West Boise,Settlers Irrigation,PVC PR-SDR,6,720,3.9,2008,18,100,0,44.3,110.0,Low,61253,2024-12-21,Valve Inspection,43.648804,-116.258249
PI-0111,Pressurized Irrigation,Azure #2,West Boise,Settlers Irrigation,PVC PR-SDR,8,815,4.0,2005,21,100,0,67.0,100.0,Medium,50206,2025-08-10,Visual,43.650096,-116.283923
PI-0112,Pressurized Irrigation,Azure #2,West Boise,Settlers Irrigation,HDPE,6,930,4.6,2005,21,86,0,19.8,97.0,Low,114730,2023-10-16,Pressure Test,43.641238,-116.279832
PI-0113,Pressurized Irrigation,Azure #1,West Boise,Settlers Irrigation,PVC C900,10,1025,5.0,2005,21,79,1,44.8,101.0,Low,70713,2025-09-02,Flow Monitoring,43.652592,-116.277624
PI-0114,Pressurized Irrigation,Azure #3,West Boise,Settlers Irrigation,PVC PR-SDR,10,217,3.6,2008,18,92,0,36.9,80.0,Low,29654,2024-02-13,Valve Inspection,43.646671,-116.279436
PI-0115,Pressurized Irrigation,Whidby,West Boise,Boise City Canal,PVC PR-SDR,8,636,5.0,2005,21,89,0,21.8,89.0,Medium,44625,2024-02-05,Valve Inspection,43.622189,-116.29492
PI-0116,Pressurized Irrigation,Azure #1,West Boise,Settlers Irrigation,PVC C900,6,881,4.0,2005,21,85,0,43.3,106.0,Low,123565,2024-08-08,Visual,43.655,-116.28664
PI-0117,Pressurized Irrigation,Chaucer,West Boise,Boise City Canal,PVC PR-SDR,8,1143,2.7,2019,7,93,0,56.6,84.0,Low,107501,2023-12-22,Visual,43.621683,-116.315832
PI-0118,Pressurized Irrigation,Steamboat,West Boise,Settlers Irrigation,PVC PR-SDR,10,308,2.8,2007,19,100,1,49.6,85.0,Medium,17260,2023-12-20,Visual,43.646487,-116.263341
PI-0119,Pressurized Irrigation,Graystone #2,West Boise,Boise City Canal,PVC PR-SDR,8,1057,4.9,2004,22,85,0,51.3,94.0,Low,87655,2023-03-16,Visual,43.619286,-116.246223
PI-0120,Pressurized Irrigation,Azure #2,West Boise,Settlers Irrigation,PVC PR-SDR,4,895,3.8,2005,21,100,0,65.4,95.0,Low,120724,2025-11-04,Valve Inspection,43.65345,-116.27163
PI-0121,Pressurized Irrigation,Graystone #2,West Boise,Boise City Canal,PVC PR-SDR,4,631,3.8,2005,21,79,1,49.5,97.0,Low,76123,2024-09-12,Valve Inspection,43.629953,-116.255478
PI-0122,Pressurized Irrigation,Chaucer,West Boise,Boise City Canal,PVC PR-SDR,12,870,4.6,2016,10,96,0,43.3,93.0,High,74481,2023-01-07,Pressure Test,43.625331,-116.318779
PI-0123,Pressurized Irrigation,Graystone #2,West Boise,Boise City Canal,PVC PR-SDR,4,1135,3.1,2004,22,94,0,33.8,108.0,Low,48551,2023-03-16,Flow Monitoring,43.623421,-116.253327
PI-0124,Pressurized Irrigation,Azure #1,West Boise,Settlers Irrigation,PVC PR-SDR,10,987,3.7,2002,24,90,0,81.6,100.0,Low,40101,2024-08-09,Visual,43.652544,-116.287748
PI-0125,Pressurized Irrigation,Graystone #1,West Boise,Boise City Canal,PVC PR-SDR,6,692,4.5,2000,26,88,0,54.7,97.0,Low,49654,2022-09-25,Visual,43.614272,-116.256217
PI-0126,Pressurized Irrigation,Graystone #2,West Boise,Boise City Canal,PVC PR-SDR,12,984,4.1,2005,21,93,0,68.3,89.0,High,133965,2023-02-15,Valve Inspection,43.62983,-116.248746
PI-0127,Pressurized Irrigation,Linshire,Southwest,Ridenbaugh Canal,PVC PR-SDR,6,654,4.8,2005,21,100,0,81.6,87.0,Medium,78745,2024-03-09,Pressure Test,43.583663,-116.275826
PI-0128,Pressurized Irrigation,Steamboat,West Boise,Settlers Irrigation,PVC C900,10,325,3.4,2007,19,88,0,54.7,112.0,Medium,30958,2023-08-03,Pressure Test,43.652512,-116.258127
PI-0129,Pressurized Irrigation,Steamboat,West Boise,Settlers Irrigation,PVC PR-SDR,6,1186,3.8,2006,20,84,0,80.3,81.0,Low,141870,2024-10-03,Visual,43.653102,-116.267507
PI-0130,Pressurized Irrigation,Bradford,West Boise,Boise City Canal,PVC PR-SDR,8,1046,3.3,1999,27,98,0,76.7,97.0,Low,137231,2024-06-20,Visual,43.629345,-116.313701
PI-0131,Pressurized Irrigation,Bradford,West Boise,Boise City Canal,PVC PR-SDR,6,424,3.7,1999,27,82,0,47.3,84.0,Low,25605,2024-02-26,Flow Monitoring,43.638032,-116.306626
PI-0132,Pressurized Irrigation,Azure #3,West Boise,Settlers Irrigation,PVC PR-SDR,10,252,4.7,2007,19,91,0,59.8,100.0,Low,15280,2023-06-10,Flow Monitoring,43.655,-116.283722
PI-0133,Pressurized Irrigation,Bradford,West Boise,Boise City Canal,PVC C900,6,958,4.5,1998,28,95,0,66.9,99.0,Low,45538,2024-12-12,Flow Monitoring,43.632412,-116.306763
PI-0134,Pressurized Irrigation,Chaucer,West Boise,Boise City Canal,PVC PR-SDR,10,367,3.6,2018,8,100,0,52.4,113.0,Medium,43808,2023-04-27,Flow Monitoring,43.615596,-116.318703
PI-0135,Pressurized Irrigation,Chaucer,West Boise,Boise City Canal,PVC PR-SDR,6,981,4.9,2020,6,95,0,52.5,83.0,Medium,46329,2025-06-10,Visual,43.618322,-116.323123
PI-0136,Pressurized Irrigation,Eronel,West Boise,Boise City Canal,PVC PR-SDR,6,157,3.9,2018,8,100,0,49.2,99.0,Low,16347,2023-09-06,Flow Monitoring,43.609256,-116.324907
PI-0137,Pressurized Irrigation,Palm Court,West Boise,Boise City Canal,HDPE,10,991,4.2,2007,19,90,0,49.0,115.0,Low,133140,2025-07-26,Valve Inspection,43.631996,-116.251078
PI-0138,Pressurized Irrigation,Graystone #1,West Boise,Boise City Canal,PVC PR-SDR,6,888,4.4,2003,23,96,0,40.5,93.0,Medium,42868,2023-08-11,Valve Inspection,43.617683,-116.248101
PI-0139,Pressurized Irrigation,Bradford,West Boise,Boise City Canal,PVC PR-SDR,4,432,3.3,1999,27,96,0,84.1,104.0,Low,50983,2024-04-19,Visual,43.630157,-116.313604
PI-0140,Pressurized Irrigation,Graystone #1,West Boise,Boise City Canal,PVC PR-SDR,6,700,4.9,2000,26,98,0,68.2,110.0,Low,50850,2025-01-18,Valve Inspection,43.615154,-116.247122
PI-0141,Pressurized Irrigation,Azure #3,West Boise,Settlers Irrigation,PVC PR-SDR,4,1108,4.8,2008,18,97,0,63.0,83.0,Low,62347,2024-11-17,Flow Monitoring,43.65151,-116.285655
PI-0142,Pressurized Irrigation,Azure #2,West Boise,Settlers Irrigation,PVC C900,6,1132,4.2,2003,23,94,0,55.5,100.0,Medium,154094,2024-08-13,Flow Monitoring,43.643069,-116.277789
PI-0143,Pressurized Irrigation,Graystone #1,West Boise,Boise City Canal,PVC PR-SDR,10,1079,2.9,2000,26,95,0,47.9,88.0,Medium,153317,2022-10-14,Flow Monitoring,43.617227,-116.2575
PI-0144,Pressurized Irrigation,Azure #1,West Boise,Settlers Irrigation,PVC PR-SDR,10,631,3.2,2002,24,88,0,73.4,83.0,Low,39626,2024-09-13,Flow Monitoring,43.644693,-116.286382
PI-0145,Pressurized Irrigation,Steamboat,West Boise,Settlers Irrigation,PVC PR-SDR,10,753,3.6,2007,19,100,0,75.5,114.0,Medium,36568,2025-07-23,Valve Inspection,43.655,-116.266953
PI-0146,Pressurized Irrigation,Azure #3,West Boise,Settlers Irrigation,PVC C900,10,863,4.3,2006,20,100,0,95.0,89.0,Low,117264,2023-01-31,Visual,43.648179,-116.279949
PI-0147,Pressurized Irrigation,Darien,West Boise,Boise City Canal,PVC PR-SDR,10,1142,4.9,2002,24,94,0,72.5,81.0,Low,132274,2022-11-24,Visual,43.634813,-116.294288
PI-0148,Pressurized Irrigation,Graystone #2,West Boise,Boise City Canal,PVC C900,6,671,2.6,2008,18,100,0,40.5,92.0,Low,95427,2025-04-04,Valve Inspection,43.619456,-116.251183
PI-0149,Pressurized Irrigation,Graystone #2,West Boise,Boise City Canal,PVC PR-SDR,6,324,4.9,2004,22,89,0,38.1,84.0,Low,34234,2024-03-23,Flow Monitoring,43.620836,-116.257184
PI-0150,Pressurized Irrigation,Azure #3,West Boise,Settlers Irrigation,PVC PR-SDR,10,843,3.8,2008,18,85,0,65.3,94.0,Low,73929,2024-04-16,Valve Inspection,43.645597,-116.286528
PI-0151,Pressurized Irrigation,Azure #1,West Boise,Settlers Irrigation,PVC PR-SDR,6,1029,3.1,2001,25,100,0,46.4,97.0,Low,92398,2024-08-04,Valve Inspection,43.655,-116.282901
PI-0152,Pressurized Irrigation,Graystone #1,West Boise,Boise City Canal,PVC PR-SDR,4,1170,3.5,2001,25,89,0,69.6,114.0,Low,143697,2025-06-26,Visual,43.623213,-116.250258
PI-0153,Pressurized Irrigation,Azure #2,West Boise,Settlers Irrigation,PVC PR-SDR,6,769,3.5,2007,19,91,0,50.3,115.0,Low,95861,2023-07-14,Valve Inspection,43.6537,-116.275391
PI-0154,Pressurized Irrigation,Ashbrook,West Boise,Boise City Canal,PVC PR-SDR,8,708,4.0,2015,11,100,0,81.2,103.0,Low,33396,2023-06-08,Valve Inspection,43.605425,-116.319119
PI-0155,Pressurized Irrigation,Darien,West Boise,Boise City Canal,PVC C900,12,938,3.1,2006,20,97,0,33.5,101.0,Medium,129210,2025-02-11,Flow Monitoring,43.633044,-116.295138
PI-0156,Pressurized Irrigation,Bradford,West Boise,Boise City Canal,PVC PR-SDR,8,1077,2.5,1998,28,100,0,53.7,95.0,Low,89412,2024-04-07,Visual,43.642592,-116.312781
PI-0157,Pressurized Irrigation,Graystone #2,West Boise,Boise City Canal,PVC PR-SDR,10,250,2.8,2006,20,94,0,14.8,90.0,Low,20412,2023-06-15,Valve Inspection,43.617627,-116.246031
PI-0158,Pressurized Irrigation,Chaucer,West Boise,Boise City Canal,PVC PR-SDR,10,752,4.8,2016,10,99,0,54.8,92.0,Medium,92319,2024-10-26,Valve Inspection,43.613424,-116.325928
PI-0159,Pressurized Irrigation,Steamboat,West Boise,Settlers Irrigation,PVC PR-SDR,6,596,2.9,2006,20,96,0,62.2,87.0,Low,73385,2024-09-28,Visual,43.648151,-116.257659
PI-0160,Pressurized Irrigation,Graystone #2,West Boise,Boise City Canal,PVC C900,8,1145,4.6,2007,19,91,0,41.5,99.0,Low,71326,2023-11-16,Pressure Test,43.622188,-116.245695
PI-0161,Pressurized Irrigation,Eronel,West Boise,Boise City Canal,PVC PR-SDR,6,1104,3.8,2020,6,91,0,62.5,100.0,Medium,91741,2025-02-15,Flow Monitoring,43.608549,-116.319804
PI-0162,Pressurized Irrigation,Linshire,Southwest,Ridenbaugh Canal,PVC C900,8,614,3.6,2006,20,97,0,47.6,83.0,Low,36489,2023-05-02,Pressure Test,43.579804,-116.281488
PI-0163,Pressurized Irrigation,Ashbrook,West Boise,Boise City Canal,PVC PR-SDR,6,909,3.4,2018,8,97,0,50.7,114.0,Low,112090,2024-05-30,Flow Monitoring,43.617779,-116.310557
PI-0164,Pressurized Irrigation,Whidby,West Boise,Boise City Canal,PVC PR-SDR,10,839,4.0,2007,19,100,0,76.5,107.0,Low,83222,2025-07-30,Valve Inspection,43.615041,-116.297483
PI-0165,Pressurized Irrigation,Linshire,Southwest,Ridenbaugh Canal,PVC PR-SDR,4,833,2.8,2008,18,95,0,58.3,109.0,Medium,86500,2024-03-30,Visual,43.577204,-116.277954
PI-0166,Pressurized Irrigation,Azure #1,West Boise,Settlers Irrigation,PVC PR-SDR,6,393,3.4,2005,21,99,0,75.5,100.0,Low,29122,2023-04-30,Valve Inspection,43.646213,-116.273429
PI-0167,Pressurized Irrigation,Azure #2,West Boise,Settlers Irrigation,PVC PR-SDR,6,888,2.6,2004,22,96,0,32.4,106.0,Low,111516,2023-03-15,Valve Inspection,43.647914,-116.285472
PI-0168,Pressurized Irrigation,Ashbrook,West Boise,Boise City Canal,PVC PR-SDR,8,561,3.6,2015,11,100,0,59.0,82.0,Low,80072,2023-05-20,Valve Inspection,43.609891,-116.311266
PI-0169,Pressurized Irrigation,Graystone #2,West Boise,Boise City Canal,PVC C900,8,1150,2.5,2008,18,95,0,47.3,103.0,Medium,49562,2025-05-15,Flow Monitoring,43.619128,-116.249326
PI-0170,Pressurized Irrigation,Azure #1,West Boise,Settlers Irrigation,PVC PR-SDR,10,617,2.8,2002,24,100,0,55.7,84.0,Low,73980,2025-07-27,Valve Inspection,43.646488,-116.275124
PI-0171,Pressurized Irrigation,Azure #1,West Boise,Settlers Irrigation,PVC PR-SDR,6,460,4.6,2002,24,96,0,47.8,87.0,Medium,22854,2025-10-05,Pressure Test,43.644227,-116.278599
PI-0172,Pressurized Irrigation,Azure #2,West Boise,Settlers Irrigation,HDPE,6,241,3.3,2005,21,90,0,58.0,109.0,Medium,16445,2023-06-04,Visual,43.641024,-116.274223
PI-0173,Pressurized Irrigation,Graystone #2,West Boise,Boise City Canal,PVC PR-SDR,4,861,3.1,2004,22,85,0,42.1,102.0,Medium,82175,2024-07-03,Valve Inspection,43.629987,-116.254848
PI-0174,Pressurized Irrigation,Bradford,West Boise,Boise City Canal,PVC PR-SDR,10,791,3.2,2000,26,100,1,31.1,87.0,Low,103396,2024-07-17,Flow Monitoring,43.633028,-116.309293
PI-0175,Pressurized Irrigation,Eronel,West Boise,Boise City Canal,PVC PR-SDR,6,851,3.0,2020,6,98,0,64.2,108.0,Low,61276,2022-10-14,Visual,43.603059,-116.313297
PI-0176,Pressurized Irrigation,Darien,West Boise,Boise City Canal,PVC PR-SDR,4,234,3.5,2003,23,98,0,37.2,103.0,Low,29204,2024-06-12,Pressure Test,43.62388,-116.290286
PI-0177,Pressurized Irrigation,Azure #3,West Boise,Settlers Irrigation,PVC PR-SDR,6,647,4.8,2009,17,92,1,56.9,97.0,Medium,94572,2024-10-30,Visual,43.655,-116.285349
PI-0178,Pressurized Irrigation,Darien,West Boise,Boise City Canal,PVC PR-SDR,6,236,4.8,2003,23,90,0,65.7,105.0,Medium,21222,2025-01-25,Pressure Test,43.637314,-116.291743
PI-0179,Pressurized Irrigation,Steamboat,West Boise,Settlers Irrigation,PVC PR-SDR,4,476,2.5,2010,16,86,0,61.6,100.0,Low,41755,2024-09-08,Pressure Test,43.641472,-116.261874
PI-0180,Pressurized Irrigation,Graystone #1,West Boise,Boise City Canal,PVC PR-SDR,10,1094,2.8,2003,23,93,1,38.6,99.0,Low,53983,2025-07-31,Visual,43.627862,-116.247347
PI-0181,Pressurized Irrigation,Palm Court,West Boise,Boise City Canal,PVC PR-SDR,8,643,4.2,2008,18,94,0,66.8,85.0,Medium,90072,2023-12-05,Valve Inspection,43.631197,-116.242044
PI-0182,Pressurized Irrigation,Graystone #2,West Boise,Boise City Canal,PVC PR-SDR,4,641,3.2,2006,20,95,0,53.8,101.0,Low,30141,2024-11-10,Flow Monitoring,43.626517,-116.253231
PI-0183,Pressurized Irrigation,Darien,West Boise,Boise City Canal,PVC PR-SDR,8,528,4.9,2005,21,85,0,47.2,91.0,Low,61857,2025-10-29,Visual,43.630374,-116.299016
PI-0184,Pressurized Irrigation,Azure #3,West Boise,Settlers Irrigation,PVC PR-SDR,8,444,4.1,2007,19,92,1,52.2,91.0,Low,48189,2025-09-03,Pressure Test,43.644921,-116.288875
PI-0185,Pressurized Irrigation,Steamboat,West Boise,Settlers Irrigation,PVC PR-SDR,8,897,4.7,2010,16,100,0,63.5,92.0,Medium,96632,2025-06-02,Pressure Test,43.652274,-116.265785
PI-0186,Pressurized Irrigation,Bradford,West Boise,Boise City Canal,PVC C900,12,613,3.0,2001,25,89,0,46.5,109.0,High,50413,2024-04-06,Pressure Test,43.630523,-116.303285
PI-0187,Pressurized Irrigation,Chaucer,West Boise,Boise City Canal,PVC PR-SDR,12,947,4.3,2018,8,94,0,51.3,99.0,High,62408,2024-01-24,Visual,43.618259,-116.318148
PI-0188,Pressurized Irrigation,Azure #1,West Boise,Settlers Irrigation,PVC PR-SDR,8,379,4.8,2001,25,95,0,62.3,93.0,Medium,53710,2024-03-07,Flow Monitoring,43.655,-116.27681
PI-0189,Pressurized Irrigation,Whidby,West Boise,Boise City Canal,PVC PR-SDR,6,784,3.6,2008,18,100,0,39.2,108.0,Low,36270,2022-11-03,Valve Inspection,43.614861,-116.305741
PI-0190,Pressurized Irrigation,Azure #1,West Boise,Settlers Irrigation,PVC PR-SDR,4,425,3.6,2002,24,100,0,70.0,82.0,Medium,32343,2023-12-28,Flow Monitoring,43.644721,-116.276439
PI-0191,Pressurized Irrigation,Linshire,Southwest,Ridenbaugh Canal,PVC C900,8,643,5.0,2008,18,94,0,88.3,90.0,Medium,38164,2025-08-18,Visual,43.581187,-116.287583
PI-0192,Pressurized Irrigation,Steamboat,West Boise,Settlers Irrigation,PVC PR-SDR,6,1190,2.9,2007,19,100,0,51.9,96.0,Medium,146087,2024-01-03,Valve Inspection,43.652191,-116.267123
PI-0193,Pressurized Irrigation,Bradford,West Boise,Boise City Canal,PVC PR-SDR,12,384,2.6,2000,26,95,1,42.8,107.0,High,17716,2024-09-25,Visual,43.629492,-116.314566
PI-0194,Pressurized Irrigation,Linshire,Southwest,Ridenbaugh Canal,PVC C900,10,474,3.6,2005,21,86,0,64.6,101.0,Medium,62532,2025-04-05,Visual,43.577583,-116.280529
PI-0195,Pressurized Irrigation,Graystone #1,West Boise,Boise City Canal,PVC C900,8,478,3.3,2003,23,97,0,31.1,92.0,Medium,49464,2024-12-05,Flow Monitoring,43.613578,-116.254674
PI-0196,Pressurized Irrigation,Ashbrook,West Boise,Boise City Canal,PVC PR-SDR,10,964,2.9,2017,9,100,0,75.7,110.0,Low,137708,2025-09-26,Flow Monitoring,43.606554,-116.316719
PI-0197,Pressurized Irrigation,Eronel,West Boise,Boise City Canal,PVC PR-SDR,8,761,4.4,2017,9,83,0,69.1,106.0,Low,66233,2022-10-22,Visual,43.609975,-116.313303
PI-0198,Pressurized Irrigation,Bradford,West Boise,Boise City Canal,PVC PR-SDR,8,748,3.6,2001,25,94,0,72.8,95.0,Low,55569,2023-11-30,Flow Monitoring,43.639314,-116.312338
PI-0199,Pressurized Irrigation,Steamboat,West Boise,Settlers Irrigation,PVC PR-SDR,10,159,4.7,2009,17,100,0,47.4,94.0,Low,22819,2023-08-09,Flow Monitoring,43.645145,-116.259028
PI-0200,Pressurized Irrigation,Eronel,West Boise,Boise City Canal,PVC PR-SDR,6,353,3.3,2017,9,91,0,66.6,94.0,Low,19453,2023-05-13,Pressure Test,43.607985,-116.317741
PI-0201,Pressurized Irrigation,Darien,West Boise,Boise City Canal,PVC C900,8,1019,3.7,2003,23,98,0,31.7,99.0,Medium,80788,2024-03-29,Valve Inspection,43.626197,-116.287681
PI-0202,Pressurized Irrigation,Bradford,West Boise,Boise City Canal,PVC PR-SDR,10,948,4.5,1998,28,92,1,51.3,81.0,Low,57059,2024-04-06,Pressure Test,43.630526,-116.306734
PI-0203,Pressurized Irrigation,Bradford,West Boise,Boise City Canal,PVC C900,10,826,4.1,2001,25,93,0,43.1,86.0,Medium,35547,2024-01-17,Visual,43.627001,-116.305222
PI-0204,Pressurized Irrigation,Azure #2,West Boise,Settlers Irrigation,PVC C900,6,175,4.3,2004,22,87,0,53.0,114.0,Low,12109,2025-03-02,Valve Inspection,43.642793,-116.272928
PI-0205,Pressurized Irrigation,Bradford,West Boise,Boise City Canal,PVC PR-SDR,4,346,3.7,2000,26,96,0,43.4,102.0,Low,36299,2024-02-26,Pressure Test,43.64119,-116.313302
PI-0206,Pressurized Irrigation,Azure #2,West Boise,Settlers Irrigation,PVC PR-SDR,4,823,3.9,2007,19,100,0,81.4,91.0,Medium,54683,2024-08-25,Flow Monitoring,43.644413,-116.273939
PI-0207,Pressurized Irrigation,Graystone #1,West Boise,Boise City Canal,PVC PR-SDR,10,286,4.9,2002,24,99,0,56.4,103.0,Medium,40453,2024-01-07,Visual,43.618932,-116.252441
PI-0208,Pressurized Irrigation,Azure #2,West Boise,Settlers Irrigation,PVC C900,6,808,3.9,2006,20,100,0,51.8,83.0,Medium,36245,2024-03-24,Valve Inspection,43.641267,-116.270137
PI-0209,Pressurized Irrigation,Azure #3,West Boise,Settlers Irrigation,PVC PR-SDR,10,400,3.6,2005,21,98,0,77.3,100.0,Low,25237,2025-05-19,Pressure Test,43.645273,-116.275701
PI-0210,Pressurized Irrigation,Darien,West Boise,Boise City Canal,PVC PR-SDR,12,727,4.0,2002,24,100,0,47.2,102.0,Medium,60228,2023-05-21,Flow Monitoring,43.632761,-116.290978
PI-0211,Pressurized Irrigation,Azure #1,West Boise,Settlers Irrigation,PVC PR-SDR,6,1155,3.2,2003,23,85,0,72.2,93.0,Low,131626,2024-05-23,Visual,43.647872,-116.279683
PI-0212,Pressurized Irrigation,Azure #1,West Boise,Settlers Irrigation,PVC PR-SDR,6,483,3.2,2003,23,90,0,47.0,87.0,Medium,24091,2023-08-22,Flow Monitoring,43.642267,-116.279857
PI-0213,Pressurized Irrigation,Darien,West Boise,Boise City Canal,PVC PR-SDR,6,1102,3.3,2002,24,93,1,62.5,84.0,Low,129672,2025-03-30,Pressure Test,43.630755,-116.300215
PI-0214,Pressurized Irrigation,Graystone #2,West Boise,Boise City Canal,PVC PR-SDR,6,907,5.0,2007,19,100,0,73.5,109.0,Low,134284,2023-10-18,Pressure Test,43.627359,-116.247854
PI-0215,Pressurized Irrigation,Ashbrook,West Boise,Boise City Canal,PVC C900,8,339,3.2,2018,8,91,0,66.5,109.0,Low,21437,2024-12-16,Flow Monitoring,43.618531,-116.31922
PI-0216,Pressurized Irrigation,Whidby,West Boise,Boise City Canal,PVC C900,12,569,4.9,2008,18,98,0,52.5,99.0,High,71882,2025-01-09,Valve Inspection,43.613078,-116.298385
PI-0217,Pressurized Irrigation,Graystone #1,West Boise,Boise City Canal,PVC C900,10,988,4.7,2000,26,86,0,56.1,84.0,Medium,84715,2023-10-27,Valve Inspection,43.621328,-116.244455
PI-0218,Pressurized Irrigation,Graystone #2,West Boise,Boise City Canal,HDPE,6,208,3.8,2006,20,77,0,51.5,84.0,Low,12394,2025-11-10,Visual,43.620959,-116.259666
PI-0219,Pressurized Irrigation,Linshire,Southwest,Ridenbaugh Canal,PVC PR-SDR,6,307,4.1,2006,20,96,0,60.1,115.0,Low,41592,2023-10-09,Pressure Test,43.582528,-116.287566
PI-0220,Pressurized Irrigation,Bradford,West Boise,Boise City Canal,PVC PR-SDR,8,570,4.7,2001,25,88,0,77.1,103.0,Medium,58066,2024-10-18,Visual,43.638262,-116.308386
PI-0221,Pressurized Irrigation,Graystone #1,West Boise,Boise City Canal,PVC PR-SDR,6,1198,4.2,2004,22,83,0,42.5,106.0,Medium,79908,2022-12-16,Valve Inspection,43.62312,-116.253703
PI-0222,Pressurized Irrigation,Eronel,West Boise,Boise City Canal,PVC PR-SDR,10,331,4.6,2017,9,100,0,55.4,105.0,Low,38026,2024-08-11,Valve Inspection,43.612078,-116.317403
PI-0223,Pressurized Irrigation,Graystone #2,West Boise,Boise City Canal,PVC PR-SDR,8,576,2.9,2005,21,93,0,62.4,80.0,Low,28206,2023-04-25,Pressure Test,43.617233,-116.255745
PI-0224,Pressurized Irrigation,Azure #2,West Boise,Settlers Irrigation,PVC PR-SDR,6,1143,3.1,2007,19,100,0,55.1,103.0,Medium,109828,2023-01-18,Pressure Test,43.65235,-116.27934
PI-0225,Pressurized Irrigation,Azure #3,West Boise,Settlers Irrigation,PVC PR-SDR,6,503,4.8,2006,20,91,0,66.2,91.0,Low,30137,2023-01-04,Flow Monitoring,43.655,-116.276711
PI-0226,Pressurized Irrigation,Steamboat,West Boise,Settlers Irrigation,HDPE,4,801,4.4,2007,19,100,0,57.8,95.0,Low,100616,2024-06-27,Flow Monitoring,43.641795,-116.260147
PI-0227,Pressurized Irrigation,Graystone #1,West Boise,Boise City Canal,PVC PR-SDR,6,745,3.4,2000,26,100,0,47.9,81.0,Low,80785,2024-11-16,Flow Monitoring,43.627558,-116.247302
PI-0228,Pressurized Irrigation,Azure #2,West Boise,Settlers Irrigation,PVC PR-SDR,6,349,3.8,2005,21,83,0,64.5,110.0,Low,43949,2025-05-21,Visual,43.647977,-116.274696
PI-0229,Pressurized Irrigation,Graystone #1,West Boise,Boise City Canal,PVC PR-SDR,6,579,4.7,2002,24,100,0,53.8,106.0,Low,26935,2023-04-09,Visual,43.616119,-116.254413
PI-0230,Pressurized Irrigation,Bradford,West Boise,Boise City Canal,PVC PR-SDR,8,1169,3.4,1998,28,85,0,68.3,98.0,Low,61575,2025-01-04,Pressure Test,43.630572,-116.314065
PI-0231,Pressurized Irrigation,Azure #1,West Boise,Settlers Irrigation,PVC PR-SDR,4,469,3.7,2003,23,89,0,30.6,115.0,Low,40348,2023-08-28,Visual,43.651811,-116.273161
PI-0232,Pressurized Irrigation,Azure #1,West Boise,Settlers Irrigation,PVC PR-SDR,10,1075,2.9,2004,22,100,0,54.1,109.0,Low,103799,2024-06-02,Pressure Test,43.642139,-116.287143
PI-0233,Pressurized Irrigation,Graystone #1,West Boise,Boise City Canal,PVC PR-SDR,4,1036,3.3,2003,23,99,0,49.0,85.0,Low,134565,2025-03-16,Pressure Test,43.616552,-116.247813
PI-0234,Pressurized Irrigation,Linshire,Southwest,Ridenbaugh Canal,PVC PR-SDR,8,831,2.8,2005,21,94,0,42.7,93.0,Medium,57999,2024-02-03,Pressure Test,43.572701,-116.274341
PI-0235,Pressurized Irrigation,Graystone #2,West Boise,Boise City Canal,PVC PR-SDR,10,319,3.8,2008,18,90,0,84.5,89.0,Medium,33303,2024-05-25,Flow Monitoring,43.62747,-116.251574
PI-0236,Pressurized Irrigation,Linshire,Southwest,Ridenbaugh Canal,PVC C900,10,438,2.9,2007,19,90,0,41.2,90.0,Low,60847,2024-07-07,Flow Monitoring,43.577629,-116.280541
PI-0237,Pressurized Irrigation,Ashbrook,West Boise,Boise City Canal,PVC PR-SDR,4,1067,3.9,2015,11,98,0,47.8,108.0,Low,111552,2024-02-05,Pressure Test,43.617386,-116.319409
PI-0238,Pressurized Irrigation,Eronel,West Boise,Boise City Canal,PVC PR-SDR,8,679,3.4,2019,7,90,0,74.5,108.0,Low,50273,2024-02-20,Visual,43.606883,-116.3169
PI-0239,Pressurized Irrigation,Darien,West Boise,Boise City Canal,PVC PR-SDR,8,1196,3.2,2006,20,88,0,25.8,111.0,Low,89676,2024-08-20,Pressure Test,43.630546,-116.290245
PI-0240,Pressurized Irrigation,Azure #3,West Boise,Settlers Irrigation,PVC PR-SDR,8,1124,2.7,2005,21,92,0,54.3,88.0,Low,161074,2023-06-22,Valve Inspection,43.655,-116.2853
PI-0241,Pressurized Irrigation,Bradford,West Boise,Boise City Canal,PVC C900,10,598,3.7,2002,24,95,0,32.4,107.0,Medium,89661,2023-06-13,Pressure Test,43.636844,-116.310197
PI-0242,Pressurized Irrigation,Ashbrook,West Boise,Boise City Canal,PVC PR-SDR,6,460,5.0,2017,9,88,0,41.5,105.0,Low,67516,2022-12-19,Visual,43.606612,-116.324151
PI-0243,Pressurized Irrigation,Darien,West Boise,Boise City Canal,PVC PR-SDR,4,531,3.1,2002,24,95,0,50.8,112.0,Low,71761,2025-09-04,Valve Inspection,43.626608,-116.300801
PI-0244,Pressurized Irrigation,Darien,West Boise,Boise City Canal,PVC PR-SDR,6,1139,2.6,2002,24,88,1,69.1,88.0,Low,130104,2024-08-09,Valve Inspection,43.627529,-116.28983
PI-0245,Pressurized Irrigation,Palm Court,West Boise,Boise City Canal,PVC PR-SDR,10,613,5.0,2008,18,86,0,40.1,87.0,Medium,60323,2023-05-05,Flow Monitoring,43.632297,-116.255451
PI-0246,Pressurized Irrigation,Bradford,West Boise,Boise City Canal,PVC PR-SDR,6,517,2.9,2002,24,91,0,53.7,90.0,Medium,25662,2023-11-07,Pressure Test,43.642509,-116.302893
PI-0247,Pressurized Irrigation,Linshire,Southwest,Ridenbaugh Canal,PVC PR-SDR,6,859,4.2,2008,18,100,0,64.9,103.0,Medium,83106,2022-12-18,Pressure Test,43.584244,-116.278977
PI-0248,Pressurized Irrigation,Eronel,West Boise,Boise City Canal,PVC PR-SDR,10,703,4.5,2021,5,89,0,53.8,90.0,Low,83084,2025-11-28,Valve Inspection,43.604902,-116.326078
PI-0249,Pressurized Irrigation,Azure #3,West Boise,Settlers Irrigation,PVC PR-SDR,8,803,3.0,2006,20,95,0,65.5,96.0,Medium,57187,2025-05-14,Valve Inspection,43.64943,-116.277028
PI-0250,Pressurized Irrigation,Azure #2,West Boise,Settlers Irrigation,PVC C900,6,703,3.9,2003,23,84,0,55.1,90.0,Low,101076,2024-05-14,Visual,43.640808,-116.271191
PI-0251,Pressurized Irrigation,Chaucer,West Boise,Boise City Canal,PVC PR-SDR,6,200,4.4,2016,10,100,0,61.6,84.0,Low,24783,2024-11-03,Visual,43.621807,-116.326703
PI-0252,Pressurized Irrigation,Azure #2,West Boise,Settlers Irrigation,PVC PR-SDR,10,157,4.2,2004,22,96,0,81.8,91.0,Low,19489,2023-03-25,Visual,43.650523,-116.275515
PI-0253,Pressurized Irrigation,Chaucer,West Boise,Boise City Canal,PVC PR-SDR,6,1145,4.8,2016,10,100,0,39.9,102.0,Low,66835,2022-11-23,Valve Inspection,43.613901,-116.325834
PI-0254,Pressurized Irrigation,Palm Court,West Boise,Boise City Canal,HDPE,10,252,3.9,2007,19,100,1,68.6,86.0,Medium,24026,2025-01-03,Flow Monitoring,43.619344,-116.244377
PI-0255,Pressurized Irrigation,Darien,West Boise,Boise City Canal,PVC PR-SDR,12,887,3.5,2006,20,100,0,40.6,92.0,Medium,92354,2022-11-22,Visual,43.624824,-116.302403
PI-0256,Pressurized Irrigation,Azure #1,West Boise,Settlers Irrigation,PVC C900,4,1099,2.8,2005,21,96,1,83.5,113.0,Low,93003,2022-12-03,Pressure Test,43.649888,-116.27878
PI-0257,Pressurized Irrigation,Azure #1,West Boise,Settlers Irrigation,PVC PR-SDR,4,757,3.7,2003,23,95,0,69.5,103.0,Low,62743,2025-03-19,Visual,43.655,-116.275977
PI-0258,Pressurized Irrigation,Azure #1,West Boise,Settlers Irrigation,PVC PR-SDR,8,845,2.6,2002,24,82,0,41.5,94.0,Low,36925,2023-08-14,Flow Monitoring,43.655,-116.282114
PI-0259,Pressurized Irrigation,Graystone #1,West Boise,Boise City Canal,PVC PR-SDR,8,639,3.7,2002,24,88,0,69.6,89.0,Medium,70749,2023-05-24,Pressure Test,43.621369,-116.2431
PI-0260,Pressurized Irrigation,Linshire,Southwest,Ridenbaugh Canal,PVC PR-SDR,4,701,2.7,2008,18,100,0,60.8,112.0,Low,57990,2025-04-27,Visual,43.584831,-116.282142
PI-0261,Pressurized Irrigation,Graystone #2,West Boise,Boise City Canal,PVC PR-SDR,8,475,4.6,2004,22,98,0,35.3,109.0,Low,69793,2025-05-25,Visual,43.617072,-116.256901
PI-0262,Pressurized Irrigation,Graystone #2,West Boise,Boise City Canal,PVC PR-SDR,8,214,4.4,2008,18,97,0,67.1,93.0,Low,10594,2024-08-13,Valve Inspection,43.625903,-116.256711
PI-0263,Pressurized Irrigation,Azure #1,West Boise,Settlers Irrigation,PVC PR-SDR,10,935,3.9,2001,25,100,0,49.7,92.0,Medium,133326,2025-01-24,Visual,43.654517,-116.277226
PI-0264,Pressurized Irrigation,Bradford,West Boise,Boise City Canal,PVC PR-SDR,6,839,4.2,2001,25,88,1,56.9,108.0,Low,79180,2023-07-01,Pressure Test,43.64226,-116.305913
PI-0265,Pressurized Irrigation,Darien,West Boise,Boise City Canal,PVC PR-SDR,6,259,3.4,2004,22,100,0,60.6,86.0,Low,31666,2024-10-11,Valve Inspection,43.625301,-116.297587
PI-0266,Pressurized Irrigation,Azure #2,West Boise,Settlers Irrigation,HDPE,6,1044,4.4,2005,21,98,0,78.3,112.0,Low,56193,2023-03-22,Valve Inspection,43.646786,-116.272129
PI-0267,Pressurized Irrigation,Azure #1,West Boise,Settlers Irrigation,PVC PR-SDR,8,1051,3.4,2003,23,94,0,48.0,106.0,Low,128932,2024-04-09,Visual,43.651409,-116.28356
PI-0268,Pressurized Irrigation,Steamboat,West Boise,Settlers Irrigation,PVC PR-SDR,12,1024,3.4,2008,18,88,0,37.7,93.0,Medium,109027,2024-08-20,Valve Inspection,43.644172,-116.252199
PI-0269,Pressurized Irrigation,Azure #1,West Boise,Settlers Irrigation,PVC PR-SDR,12,231,4.6,2004,22,97,0,52.9,112.0,High,29659,2024-09-04,Pressure Test,43.653114,-116.284975
PI-0270,Pressurized Irrigation,Azure #2,West Boise,Settlers Irrigation,PVC PR-SDR,4,401,3.1,2003,23,98,0,44.8,93.0,Medium,55038,2025-05-28,Pressure Test,43.645568,-116.272466
PI-0271,Pressurized Irrigation,Whidby,West Boise,Boise City Canal,PVC PR-SDR,10,723,2.7,2006,20,96,0,50.7,89.0,Medium,30742,2023-04-25,Pressure Test,43.619988,-116.303919
PI-0272,Pressurized Irrigation,Linshire,Southwest,Ridenbaugh Canal,HDPE,6,204,3.3,2007,19,92,0,65.3,111.0,Low,24278,2023-02-07,Visual,43.5805,-116.279812
PI-0273,Pressurized Irrigation,Bradford,West Boise,Boise City Canal,PVC PR-SDR,8,688,4.4,2000,26,92,0,58.3,107.0,Medium,61496,2023-03-19,Flow Monitoring,43.637138,-116.310827
PI-0274,Pressurized Irrigation,Azure #2,West Boise,Settlers Irrigation,PVC PR-SDR,6,481,2.6,2005,21,100,0,52.9,87.0,Low,59909,2022-12-13,Visual,43.650113,-116.275632
PI-0275,Pressurized Irrigation,Whidby,West Boise,Boise City Canal,PVC PR-SDR,8,976,3.7,2006,20,95,0,55.6,82.0,Low,111174,2023-05-20,Valve Inspection,43.615242,-116.298637
PI-0276,Pressurized Irrigation,Eronel,West Boise,Boise City Canal,PVC PR-SDR,4,521,4.4,2020,6,98,0,39.2,80.0,Medium,26971,2023-08-28,Valve Inspection,43.614207,-116.324279
PI-0277,Pressurized Irrigation,Graystone #1,West Boise,Boise City Canal,PVC PR-SDR,8,685,4.9,2004,22,94,0,32.3,104.0,Low,72794,2025-01-11,Flow Monitoring,43.61797,-116.25628
PI-0278,Pressurized Irrigation,Bradford,West Boise,Boise City Canal,PVC C900,4,466,3.6,1998,28,88,0,45.6,105.0,Low,24047,2023-11-10,Valve Inspection,43.634427,-116.315263
PI-0279,Pressurized Irrigation,Azure #3,West Boise,Settlers Irrigation,PVC C900,6,1145,3.0,2005,21,87,0,52.4,105.0,Medium,68613,2023-10-24,Pressure Test,43.649614,-116.289111
PI-0280,Pressurized Irrigation,Azure #3,West Boise,Settlers Irrigation,PVC PR-SDR,4,283,3.2,2005,21,90,0,44.4,114.0,Medium,41364,2025-01-14,Flow Monitoring,43.648616,-116.277088
