segment_id,system_type,corridor_name,district,pipe_material,diameter_inches,length_ft,depth_ft,install_year,asset_age_years,condition_score,breaks_last_5yr,capacity_utilization_pct,criticality_class,estimated_replacement_cost_usd,last_inspection_date,inspection_method,lat,lon
PIPE-0001,Water,Chinden Blvd,West Boise,PVC,4,1326,3.4,1992,34,80,0,,High,241290,2025-10-09,Visual,43.651469,-116.338837
PIPE-0002,Water,Cole Rd,West Boise,PVC,20,1102,6.5,2019,7,94,0,,Medium,265241,2025-05-07,Acoustic Leak Detection,43.620937,-116.257331
PIPE-0003,Sewer,Overland Rd,Southeast,Concrete,18,1608,15.7,1961,65,41,0,69.8,Medium,608729,2023-11-23,Smoke Test,43.588622,-116.17043
PIPE-0004,Water,Cole Rd,West Boise,Ductile Iron,4,1133,6.4,1989,37,11,2,,High,174300,2024-06-04,Acoustic Leak Detection,43.646845,-116.253089
PIPE-0005,Sewer,Ustick Rd,West Boise,PVC,30,1202,17.8,1995,31,84,0,27.3,Critical,809182,2025-09-28,Manhole Inspection,43.63098,-116.309644
PIPE-0006,Sewer,Milwaukee St,Southeast,Vitrified Clay,8,1064,9.3,1972,54,5,2,39.3,High,334398,2022-10-10,Manhole Inspection,43.595,-116.2
PIPE-0007,Water,Fairview Ave,West Boise,HDPE,36,1835,3.6,2012,14,77,1,,Medium,986305,2025-07-25,Ultrasonic,43.615172,-116.255214
PIPE-0008,Water,Overland Rd,Southeast,Ductile Iron,30,1229,3.0,1984,42,41,0,,Critical,425814,2023-06-26,Visual,43.590826,-116.166138
PIPE-0009,Sewer,Five Mile Rd,Southwest,Vitrified Clay,48,1278,7.1,1955,71,53,6,73.3,High,805619,2025-01-06,CCTV,43.6,-116.293428
PIPE-0010,Water,Ustick Rd,West Boise,Ductile Iron,24,279,6.9,2005,21,55,0,,Medium,55032,2025-07-14,Visual,43.630671,-116.310962
PIPE-0011,Water,Jefferson St,Downtown,Cast Iron,30,876,4.7,1955,71,36,4,,Medium,373793,2023-10-30,Ultrasonic,43.61459,-116.175
PIPE-0012,Water,Orchard St,Southwest,PVC,6,1215,5.4,1983,43,61,0,,Low,98801,2024-01-26,Acoustic Leak Detection,43.562976,-116.232971
PIPE-0013,Water,Overland Rd,Southwest,Cast Iron,12,2188,6.7,1970,56,36,3,,High,638561,2023-07-04,Pressure Test,43.586285,-116.299415
PIPE-0014,Water,Eisenman Rd,Southeast,HDPE,24,421,3.4,2011,15,84,0,,High,179011,2023-07-22,Visual,43.563869,-116.167095
PIPE-0015,Water,Warm Springs Ave,East Bench,Cast Iron,10,508,5.2,1954,72,8,8,,Low,145990,2024-12-27,Ultrasonic,43.607659,-116.136092
PIPE-0016,Sewer,Cole Rd,Southwest,Concrete,12,1842,12.8,1985,41,32,1,34.5,Low,394371,2022-10-21,Flow Monitoring,43.6,-116.258012
PIPE-0017,Sewer,Fairview Ave,Downtown,Vitrified Clay,15,1091,20.0,1937,89,37,4,63.4,High,358112,2023-01-27,CCTV,43.618812,-116.193666
PIPE-0018,Stormwater,Warm Springs Ave,East Bench,Concrete,72,478,6.0,1929,97,37,4,79.7,High,186911,2022-12-28,Flow Monitoring,43.609051,-116.175
PIPE-0019,Stormwater,Broadway Ave,Southeast,Reinforced Concrete Box,36,1177,14.1,1968,58,63,1,52.9,Medium,360391,2025-05-12,CCTV,43.549249,-116.190215
PIPE-0020,Stormwater,Eagle Rd,West Boise,Reinforced Concrete Box,60,1286,6.4,1998,28,30,0,5.0,Medium,368627,2022-12-15,CCTV,43.6,-116.354906
PIPE-0021,Water,Eagle Rd,West Boise,PVC,12,624,3.5,2020,6,76,0,,High,95805,2024-06-10,Ultrasonic,43.655,-116.356194
PIPE-0022,Stormwater,Broadway Ave,Southeast,Corrugated Metal,15,1934,14.8,1958,68,54,6,63.1,Medium,409125,2025-04-17,CCTV,43.594348,-116.190735
PIPE-0023,Water,Ten Mile Rd,West Boise,PVC,30,347,3.6,1994,32,60,0,,Medium,172457,2024-09-28,Visual,43.641768,-116.315505
PIPE-0024,Stormwater,Fairview Ave,Downtown,Concrete,60,1864,5.0,1947,79,46,0,84.1,Critical,629173,2024-01-22,Dye Test,43.618843,-116.180042
PIPE-0025,Water,Eagle Rd,West Boise,PVC,12,852,6.5,2000,26,70,0,,Low,256007,2024-08-23,Visual,43.64799,-116.356351
PIPE-0026,Water,Capitol Blvd,Downtown,Cast Iron,20,1544,6.1,1937,89,43,5,,Critical,504428,2024-06-16,Visual,43.6,-116.203583
PIPE-0027,Water,Fairview Ave,West Boise,PVC,4,644,6.1,2001,25,49,0,,Critical,54437,2023-06-23,Acoustic Leak Detection,43.616579,-116.307345
PIPE-0028,Water,Orchard St,Southwest,Ductile Iron,10,1691,6.7,1989,37,60,0,,Low,180649,2024-02-03,Ultrasonic,43.579504,-116.229307
PIPE-0029,Sewer,Ten Mile Rd,West Boise,PVC,30,721,20.0,2003,23,52,1,25.9,High,291386,2024-09-28,Flow Monitoring,43.6,-116.31501
PIPE-0030,Stormwater,Cole Rd,West Boise,Reinforced Concrete Box,48,2009,12.6,2005,21,47,0,58.8,High,659969,2024-01-16,CCTV,43.620373,-116.257718
PIPE-0031,Sewer,Bogus Basin Rd,North End,Concrete,12,1015,17.2,1944,82,54,1,52.1,Low,461271,2023-10-08,Flow Monitoring,43.650894,-116.213151
PIPE-0032,Water,Milwaukee St,Southeast,Ductile Iron,8,222,6.5,1970,56,66,4,,Medium,58043,2025-03-29,Ultrasonic,43.595,-116.2
PIPE-0033,Water,Jefferson St,Downtown,Asbestos Cement,30,2489,6.6,1954,72,29,0,,Medium,829052,2023-04-05,Ultrasonic,43.616573,-116.175
PIPE-0034,Water,Eastman St,North End,Cast Iron,12,2335,4.8,1940,86,11,8,,High,398535,2023-10-10,Visual,43.640908,-116.22386
PIPE-0035,Sewer,Cole Rd,West Boise,PVC,8,1899,9.1,1998,28,67,0,26.4,Low,557538,2023-10-15,Flow Monitoring,43.617608,-116.255744
PIPE-0036,Water,Main St,Downtown,Galvanized Steel,12,1797,4.7,1947,79,36,7,,Medium,436452,2025-10-04,Ultrasonic,43.617121,-116.175
PIPE-0037,Water,Shaw Mountain Rd,East Bench,PVC,8,2114,5.1,1980,46,66,0,,Low,481841,2024-11-25,Acoustic Leak Detection,43.621782,-116.135771
PIPE-0038,Stormwater,Broadway Ave,Southeast,Reinforced Concrete Box,36,1066,14.4,1979,47,46,0,72.9,Low,273851,2025-08-18,Flow Monitoring,43.564376,-116.188975
PIPE-0039,Stormwater,Boise Ave,East Bench,Concrete,12,327,4.5,1959,67,41,2,74.0,Low,33162,2023-11-08,Visual,43.602698,-116.175
PIPE-0040,Water,Ustick Rd,West Boise,PVC,8,1474,4.2,1992,34,73,0,,Low,242686,2024-07-23,Acoustic Leak Detection,43.630649,-116.337946
PIPE-0041,Water,Ten Mile Rd,West Boise,PVC,36,695,3.2,2004,22,76,1,,High,117888,2023-03-05,Acoustic Leak Detection,43.638698,-116.315604
PIPE-0042,Sewer,Eisenman Rd,Southeast,Ductile Iron,42,2083,24.3,2008,18,66,1,59.2,High,1247740,2024-06-01,Manhole Inspection,43.566585,-116.170387
PIPE-0043,Water,Bogus Basin Rd,North End,Cast Iron,12,2046,5.4,1930,96,25,10,,Low,633763,2024-01-05,Pressure Test,43.654755,-116.196412
PIPE-0044,Sewer,Ustick Rd,West Boise,PVC,30,241,13.1,2002,24,74,0,7.8,High,107792,2025-10-28,CCTV,43.6331,-116.324715
PIPE-0045,Sewer,Federal Way,East Bench,Vitrified Clay,21,1196,15.6,1969,57,33,2,61.2,Medium,352870,2024-07-06,Smoke Test,43.595837,-116.151476
PIPE-0046,Sewer,9th St,Downtown,Vitrified Clay,18,689,8.8,1937,89,5,3,100.0,Medium,273040,2025-05-11,Smoke Test,43.626,-116.196295
PIPE-0047,Sewer,Federal Way,East Bench,Orangeburg,18,934,5.9,1969,57,37,4,46.1,Low,526412,2025-05-06,CCTV,43.595814,-116.141359
PIPE-0048,Water,Amity Rd,Southwest,Ductile Iron,24,2160,3.2,2003,23,77,0,,High,887070,2025-08-15,Visual,43.552643,-116.300251
PIPE-0049,Sewer,Fairview Ave,Downtown,Concrete,15,548,17.1,1961,65,29,4,94.5,Medium,184589,2023-07-08,Manhole Inspection,43.618964,-116.22
PIPE-0050,Water,Amity Rd,Southwest,Ductile Iron,36,606,3.8,1988,38,47,0,,High,132301,2023-04-15,Pressure Test,43.555686,-116.298377
PIPE-0051,Sewer,Front St,Downtown,Vitrified Clay,15,1358,23.5,1939,87,50,5,100.0,Medium,539500,2022-11-13,Smoke Test,43.607218,-116.208677
PIPE-0052,Sewer,State St,West Boise,Ductile Iron,15,782,20.0,1994,32,30,1,43.6,Low,127636,2024-05-24,Flow Monitoring,43.634428,-116.306726
PIPE-0053,Water,Victory Rd,Southeast,Cast Iron,36,363,5.4,1960,66,17,10,,Critical,163620,2024-05-30,Acoustic Leak Detection,43.572337,-116.176237
PIPE-0054,Water,Harrison Blvd,North End,Cast Iron,30,2011,5.3,1955,71,17,2,,Medium,324049,2025-01-07,Pressure Test,43.676286,-116.201911
PIPE-0055,Stormwater,Orchard St,Southwest,Concrete,30,1840,6.9,1986,40,53,0,77.1,Low,447066,2022-11-17,Dye Test,43.6,-116.231699
PIPE-0056,Stormwater,Orchard St,Southwest,Concrete,24,2323,5.4,1958,68,69,2,73.5,Low,452541,2025-03-29,CCTV,43.573942,-116.230461
PIPE-0057,Stormwater,Franklin Rd,West Boise,Concrete,18,1472,14.0,2000,26,61,0,28.0,Medium,378843,2024-04-14,Flow Monitoring,43.607305,-116.28582
PIPE-0058,Stormwater,Orchard St,Southwest,PVC,48,1198,12.0,1985,41,87,0,74.9,Medium,515333,2024-01-06,Flow Monitoring,43.581543,-116.234132
PIPE-0059,Water,Main St,Downtown,Galvanized Steel,12,2205,4.9,1943,83,35,5,,Low,400972,2024-07-31,Ultrasonic,43.617192,-116.204276
PIPE-0060,Stormwater,Boise Ave,East Bench,Corrugated Metal,12,1503,11.0,1981,45,34,5,57.7,Critical,231631,2023-02-08,Flow Monitoring,43.601468,-116.155582
PIPE-0061,Sewer,8th St,Downtown,Concrete,8,2354,22.4,1953,73,56,0,89.3,Medium,854730,2023-09-10,CCTV,43.626,-116.199908
PIPE-0062,Sewer,Shaw Mountain Rd,East Bench,PVC,21,1497,15.8,1989,37,38,1,91.9,High,710588,2025-05-31,Flow Monitoring,43.610072,-116.139502
PIPE-0063,Water,8th St,Downtown,Cast Iron,6,2017,3.1,1965,61,36,1,,Medium,292391,2024-11-29,Visual,43.6,-116.198203
PIPE-0064,Sewer,Harrison Blvd,North End,Vitrified Clay,36,1766,7.9,1930,96,41,6,65.1,Medium,613975,2024-04-22,Smoke Test,43.652577,-116.201555
PIPE-0065,Sewer,Idaho St,Downtown,Concrete,18,1425,21.9,1953,73,44,2,72.6,Medium,493155,2024-04-06,Manhole Inspection,43.614834,-116.208055
PIPE-0066,Sewer,Capitol Blvd,Downtown,Vitrified Clay,15,233,6.0,1950,76,24,4,76.0,Low,117248,2023-12-12,Smoke Test,43.616274,-116.199885
PIPE-0067,Water,Chinden Blvd,West Boise,PVC,36,1226,5.6,1997,29,76,0,,High,683054,2023-11-16,Visual,43.654067,-116.292326
PIPE-0068,Stormwater,Jefferson St,Downtown,Concrete,36,1901,9.4,1943,83,47,1,95.7,Low,355825,2023-03-22,Flow Monitoring,43.614054,-116.22
PIPE-0069,Sewer,Shaw Mountain Rd,East Bench,Orangeburg,24,508,19.5,1962,64,60,5,67.3,Low,291437,2025-11-04,Manhole Inspection,43.59063,-116.13634
PIPE-0070,Water,Curtis Rd,Southwest,Galvanized Steel,24,1709,5.3,1962,64,24,4,,Medium,253931,2022-10-10,Pressure Test,43.593826,-116.220966
PIPE-0071,Sewer,McMillan Rd,West Boise,PVC,42,458,18.0,1999,27,85,2,5.6,Critical,99972,2024-08-09,Smoke Test,43.643812,-116.312859
PIPE-0072,Stormwater,Cole Rd,Southwest,Concrete,36,2412,4.2,1984,42,56,0,36.2,Critical,998947,2023-11-05,Visual,43.56553,-116.254546
PIPE-0073,Stormwater,Amity Rd,Southwest,Reinforced Concrete Box,24,1685,7.3,2013,13,81,0,38.7,Low,190684,2023-05-16,CCTV,43.550596,-116.260146
PIPE-0074,Stormwater,Parkcenter Blvd,East Bench,Concrete,12,1566,12.2,1956,70,43,0,29.2,Medium,352729,2025-02-03,CCTV,43.58,-116.175
PIPE-0075,Stormwater,Overland Rd,Southeast,Concrete,18,2412,3.2,1964,62,68,2,58.0,High,345855,2025-08-17,Visual,43.586504,-116.2
PIPE-0076,Stormwater,Orchard St,Southwest,PVC,15,460,9.0,1988,38,69,2,51.9,Low,104698,2022-12-31,Flow Monitoring,43.5831,-116.230332
PIPE-0077,Sewer,Five Mile Rd,Southwest,Vitrified Clay,6,2161,19.2,1956,70,34,6,64.4,High,405517,2022-11-05,Manhole Inspection,43.6,-116.295442
PIPE-0078,Sewer,Overland Rd,Southeast,Concrete,15,2058,7.3,1988,38,81,2,55.5,Medium,719028,2024-08-22,Flow Monitoring,43.588033,-116.2
PIPE-0079,Water,Shaw Mountain Rd,East Bench,Ductile Iron,20,1903,4.3,1984,42,65,2,,Critical,626368,2023-07-02,Acoustic Leak Detection,43.614185,-116.162498
PIPE-0080,Water,Broadway Ave,Southeast,Cast Iron,30,445,4.3,1963,63,5,7,,Medium,177932,2024-04-22,Pressure Test,43.574917,-116.18763
PIPE-0081,Stormwater,Five Mile Rd,Southwest,Corrugated Metal,72,2278,13.1,1961,65,47,6,36.5,Medium,1078453,2022-10-11,CCTV,43.552019,-116.29406
PIPE-0082,Water,Ustick Rd,West Boise,Ductile Iron,4,938,6.7,2002,24,62,0,,Low,84603,2025-10-01,Acoustic Leak Detection,43.63164,-116.279007
PIPE-0083,Water,Orchard St,Southwest,Cast Iron,20,1919,4.2,1968,58,11,4,,Medium,573427,2025-08-23,Acoustic Leak Detection,43.581292,-116.234056
PIPE-0084,Water,Warm Springs Ave,East Bench,Cast Iron,20,2189,3.9,1953,73,32,3,,High,298417,2024-03-11,Acoustic Leak Detection,43.608642,-116.171865
PIPE-0085,Water,15th St,North End,Cast Iron,36,424,3.8,1950,76,16,5,,Critical,122951,2023-10-16,Visual,43.626,-116.209191
PIPE-0086,Stormwater,Chinden Blvd,West Boise,Reinforced Concrete Box,36,495,3.9,2020,6,36,0,55.3,Medium,116505,2024-04-19,CCTV,43.652382,-116.290637
PIPE-0087,Sewer,Milwaukee St,Southeast,Vitrified Clay,18,903,23.4,1956,70,16,5,75.3,Medium,210259,2023-09-14,Manhole Inspection,43.589106,-116.2
PIPE-0088,Stormwater,Victory Rd,Southeast,Concrete,36,888,12.3,1969,57,34,1,87.4,High,278948,2025-05-06,Visual,43.567458,-116.184342
PIPE-0089,Water,Eastman St,North End,Cast Iron,8,826,3.7,1937,89,5,3,,Low,206216,2022-10-03,Pressure Test,43.642561,-116.190559
PIPE-0090,Water,Chinden Blvd,West Boise,Ductile Iron,8,2001,4.2,2005,21,56,1,,Critical,382077,2024-04-24,Acoustic Leak Detection,43.65041,-116.314623
PIPE-0091,Sewer,State St,West Boise,PVC,36,2276,19.8,1990,36,84,0,67.4,High,1286622,2023-02-10,Smoke Test,43.636307,-116.273574
PIPE-0092,Sewer,Bannock St,Downtown,Vitrified Clay,8,1606,5.8,1953,73,32,7,66.3,Medium,437590,2024-05-02,Flow Monitoring,43.615894,-116.22
PIPE-0093,Water,Gowen Rd,Southeast,Ductile Iron,36,414,3.3,2006,20,45,0,,Medium,111596,2025-01-29,Pressure Test,43.544735,-116.146216
PIPE-0094,Stormwater,Jefferson St,Downtown,Corrugated Metal,18,1632,11.5,1962,64,5,6,90.3,Medium,350996,2025-03-16,CCTV,43.614861,-116.188516
PIPE-0095,Water,State St,West Boise,PVC,30,1682,6.8,2012,14,72,0,,High,341506,2025-05-09,Acoustic Leak Detection,43.634109,-116.295291
PIPE-0096,Water,Eagle Rd,West Boise,PVC,36,736,3.7,2006,20,82,0,,High,409799,2024-08-03,Ultrasonic,43.63278,-116.356074
PIPE-0097,Water,McMillan Rd,West Boise,Ductile Iron,24,1158,6.2,2003,23,28,0,,High,282402,2024-05-04,Ultrasonic,43.643204,-116.325243
PIPE-0098,Sewer,Overland Rd,Southwest,PVC,21,863,10.0,1988,38,71,0,58.8,Low,352713,2025-03-22,Manhole Inspection,43.589901,-116.245899
PIPE-0099,Sewer,Myrtle St,Downtown,Vitrified Clay,15,2040,23.9,1935,91,5,4,67.2,Critical,533294,2023-02-08,Manhole Inspection,43.609432,-116.22
PIPE-0100,Sewer,Bogus Basin Rd,North End,Concrete,8,1735,19.3,1949,77,58,2,88.4,Medium,176072,2025-02-21,Flow Monitoring,43.653982,-116.202253
PIPE-0101,Stormwater,Amity Rd,Southwest,Reinforced Concrete Box,15,277,9.3,1985,41,47,0,43.1,Critical,35391,2023-07-27,Dye Test,43.551536,-116.248203
PIPE-0102,Water,Idaho St,Downtown,Cast Iron,24,2395,4.0,1932,94,22,6,,Medium,801266,2025-06-10,Pressure Test,43.611099,-116.20077
PIPE-0103,Water,Idaho St,Downtown,Asbestos Cement,30,2278,3.1,1958,68,30,6,,High,647100,2025-07-17,Pressure Test,43.615718,-116.20139
PIPE-0104,Water,Bogus Basin Rd,North End,Ductile Iron,6,1561,4.4,1965,61,79,1,,High,339031,2025-03-01,Acoustic Leak Detection,43.650336,-116.200908
PIPE-0105,Stormwater,Fairview Ave,West Boise,Concrete,30,1025,9.2,1987,39,64,1,41.7,Low,170682,2024-11-06,Flow Monitoring,43.613263,-116.319042
PIPE-0106,Stormwater,Five Mile Rd,Southwest,Concrete,36,1319,13.7,1958,68,34,4,52.8,Medium,350008,2023-01-04,Flow Monitoring,43.544958,-116.295792
PIPE-0107,Water,Myrtle St,Downtown,Cast Iron,6,1963,5.2,1952,74,37,4,,Medium,416013,2023-06-07,Pressure Test,43.607615,-116.175
PIPE-0108,Stormwater,Amity Rd,Southwest,Corrugated Metal,36,1981,10.7,1987,39,18,2,32.0,Low,644283,2025-02-13,Dye Test,43.551647,-116.236598
PIPE-0109,Water,Front St,Downtown,Cast Iron,6,1166,4.5,1933,93,26,8,,Low,251791,2025-02-24,Pressure Test,43.607671,-116.215694
PIPE-0110,Sewer,Milwaukee St,Southeast,PVC,42,1341,15.0,1975,51,72,0,100.0,High,521582,2024-04-27,Flow Monitoring,43.544969,-116.2
PIPE-0111,Water,Fort St,North End,Cast Iron,8,503,4.8,1932,94,22,11,,Critical,136461,2022-11-18,Pressure Test,43.637712,-116.173106
PIPE-0112,Stormwater,Gowen Rd,Southeast,PVC,18,1680,12.5,1995,31,81,0,85.7,Low,257896,2022-10-30,Visual,43.543053,-116.188291
PIPE-0113,Water,McMillan Rd,West Boise,Ductile Iron,6,1466,4.9,1990,36,59,0,,Critical,282766,2023-04-23,Pressure Test,43.642389,-116.292645
PIPE-0114,Stormwater,I-184 Corridor,Downtown,Corrugated Metal,72,945,13.0,1990,36,16,3,30.2,Medium,240187,2024-08-28,Flow Monitoring,43.610607,-116.22
PIPE-0115,Sewer,Orchard St,Southwest,Concrete,8,1226,17.5,1973,53,45,0,32.9,Medium,384507,2024-12-17,Manhole Inspection,43.560704,-116.229262
PIPE-0116,Water,Amity Rd,Southwest,Ductile Iron,4,532,5.3,1987,39,62,0,,Medium,77822,2024-04-18,Pressure Test,43.550273,-116.263684
PIPE-0117,Sewer,Maple Grove Rd,Southwest,Concrete,42,1863,13.8,1970,56,46,0,41.7,Medium,1212928,2023-12-26,Flow Monitoring,43.558795,-116.278562
PIPE-0118,Stormwater,I-184 Corridor,Downtown,Corrugated Metal,60,2500,4.7,1978,48,37,3,47.8,High,1367565,2025-01-09,Flow Monitoring,43.606637,-116.22
PIPE-0119,Sewer,Amity Rd,Southwest,PVC,12,852,11.2,2005,21,73,1,86.3,High,257455,2023-12-11,CCTV,43.55299,-116.273822
PIPE-0120,Water,Bannock St,Downtown,Cast Iron,24,2127,3.4,1943,83,6,6,,Critical,517102,2022-10-09,Visual,43.611714,-116.22
PIPE-0121,Stormwater,Maple Grove Rd,Southwest,Reinforced Concrete Box,30,501,10.5,1990,36,30,1,46.0,Medium,60465,2024-01-08,Flow Monitoring,43.565908,-116.276298
PIPE-0122,Water,Fairview Ave,Downtown,Cast Iron,36,2285,3.2,1937,89,36,2,,Critical,865507,2024-02-19,Visual,43.615408,-116.22
PIPE-0123,Sewer,Milwaukee St,Southeast,Vitrified Clay,36,1577,16.3,1974,52,47,2,38.0,High,630631,2024-03-12,CCTV,43.565585,-116.2
PIPE-0124,Water,Ustick Rd,West Boise,PVC,12,1132,3.7,2015,11,82,0,,Critical,347654,2025-04-21,Visual,43.634328,-116.293318
PIPE-0125,Stormwater,Capitol Blvd,Downtown,Concrete,36,1915,14.0,1953,73,72,1,59.9,High,236604,2024-10-04,Flow Monitoring,43.6,-116.199857
PIPE-0126,Stormwater,Ustick Rd,West Boise,PVC,42,1485,11.1,2018,8,46,0,71.8,Medium,600116,2023-03-17,Visual,43.63574,-116.303227
PIPE-0127,Stormwater,Vista Ave,Southeast,Corrugated Metal,60,1422,5.5,1972,54,17,4,34.6,Medium,438125,2024-05-21,Flow Monitoring,43.552989,-116.2
PIPE-0128,Sewer,9th St,Downtown,Vitrified Clay,42,2424,24.1,1961,65,40,2,77.4,High,990444,2023-06-11,Manhole Inspection,43.603376,-116.196119
PIPE-0129,Water,Maple Grove Rd,Southwest,Ductile Iron,10,2406,4.1,1968,58,28,0,,High,327047,2024-08-13,Acoustic Leak Detection,43.556691,-116.275628
PIPE-0130,Stormwater,Fairview Ave,Downtown,Concrete,36,2134,14.1,1951,75,58,1,48.7,Medium,832816,2024-10-20,Flow Monitoring,43.613603,-116.178339
PIPE-0131,Sewer,Boise Ave,East Bench,Concrete,42,442,15.7,1973,53,57,1,89.2,Medium,390752,2024-12-07,CCTV,43.602448,-116.175
PIPE-0132,Sewer,Milwaukee St,Southeast,PVC,10,1385,7.1,1986,40,93,1,66.9,Medium,645273,2025-03-03,Flow Monitoring,43.595,-116.2
PIPE-0133,Water,Warm Springs Ave,East Bench,Cast Iron,6,1554,4.0,1937,89,5,5,,High,374010,2023-08-25,Ultrasonic,43.605975,-116.168287
PIPE-0134,Water,Overland Rd,Southwest,PVC,6,1841,3.6,1975,51,78,0,,Low,227065,2024-03-24,Acoustic Leak Detection,43.589016,-116.295218
PIPE-0135,Sewer,Eastman St,North End,Orangeburg,48,1167,13.1,1948,78,5,3,67.6,Critical,925850,2024-04-07,Manhole Inspection,43.638373,-116.23
PIPE-0136,Sewer,McMillan Rd,West Boise,PVC,12,747,12.5,1999,27,72,0,33.7,Low,300996,2024-07-14,CCTV,43.642869,-116.313602
PIPE-0137,Water,Orchard St,Southwest,PVC,30,1681,3.2,1983,43,73,0,,High,607394,2025-04-08,Visual,43.551248,-116.231615
PIPE-0138,Sewer,Cole Rd,West Boise,PVC,24,572,7.6,2022,4,82,0,29.9,Medium,251671,2025-10-19,Flow Monitoring,43.655,-116.256327
PIPE-0139,Sewer,Eastman St,North End,Vitrified Clay,48,1092,6.3,1925,101,5,6,98.6,Critical,289842,2023-08-18,Smoke Test,43.64147,-116.23
PIPE-0140,Stormwater,I-184 Corridor,Downtown,Concrete,36,1766,14.6,1981,45,58,2,79.5,High,678747,2022-11-28,Dye Test,43.608691,-116.180631
PIPE-0141,Sewer,Orchard St,Southwest,Vitrified Clay,48,1112,14.3,1963,63,38,2,62.4,High,582196,2025-01-19,Manhole Inspection,43.6,-116.230463
PIPE-0142,Stormwater,Federal Way,East Bench,Reinforced Concrete Box,12,1917,3.8,1962,64,47,3,72.3,Low,359791,2024-07-19,CCTV,43.59769,-116.123101
PIPE-0143,Water,Milwaukee St,Southeast,PVC,10,2410,3.2,1983,43,63,0,,Medium,680214,2024-02-15,Visual,43.542382,-116.2
PIPE-0144,Sewer,Parkcenter Blvd,East Bench,Vitrified Clay,42,2335,24.0,1964,62,22,3,48.3,High,1554537,2023-12-28,Flow Monitoring,43.58,-116.175
PIPE-0145,Sewer,Orchard St,Southwest,Ductile Iron,48,1905,15.8,1975,51,65,1,72.8,High,1755408,2025-08-06,Flow Monitoring,43.577661,-116.233201
PIPE-0146,Sewer,Gowen Rd,Southeast,HDPE,30,749,6.6,2020,6,72,0,30.7,Critical,362479,2023-10-22,CCTV,43.542331,-116.1776
PIPE-0147,Sewer,Idaho St,Downtown,Vitrified Clay,36,2489,11.1,1937,89,43,8,59.9,Medium,753510,2023-03-28,Smoke Test,43.612302,-116.22
PIPE-0148,Water,Ten Mile Rd,West Boise,Ductile Iron,20,1180,4.5,1998,28,36,0,,Critical,220389,2023-04-16,Pressure Test,43.619166,-116.314347
PIPE-0149,Stormwater,Parkcenter Blvd,East Bench,Concrete,36,1895,9.6,1978,48,73,0,42.0,High,378372,2024-08-18,Dye Test,43.58,-116.175
PIPE-0150,Stormwater,Ten Mile Rd,West Boise,HDPE,48,2455,14.6,2000,26,68,1,25.1,Medium,469606,2024-12-21,Visual,43.627369,-116.314891
PIPE-0151,Sewer,Franklin Rd,West Boise,PVC,24,953,6.2,2019,7,89,0,69.2,Low,619623,2023-08-11,Smoke Test,43.609501,-116.286629
PIPE-0152,Water,Chinden Blvd,West Boise,Ductile Iron,6,818,4.5,1999,27,42,1,,Critical,165315,2022-10-30,Ultrasonic,43.650055,-116.309541
PIPE-0153,Water,Main St,Downtown,Cast Iron,30,1325,5.0,1926,100,11,9,,High,680960,2024-07-27,Visual,43.615214,-116.217065
PIPE-0154,Water,McMillan Rd,West Boise,PVC,12,1651,4.5,2018,8,94,0,,Low,573496,2025-09-29,Acoustic Leak Detection,43.641604,-116.318248
PIPE-0155,Stormwater,Overland Rd,Southwest,Corrugated Metal,42,2463,13.1,1979,47,56,6,56.8,Low,1149767,2022-12-17,CCTV,43.587856,-116.25906
PIPE-0156,Water,15th St,North End,Cast Iron,36,2147,5.7,1938,88,10,5,,Critical,951606,2024-10-04,Visual,43.626688,-116.205455
PIPE-0157,Stormwater,Overland Rd,Southwest,Concrete,30,865,9.5,1959,67,85,2,50.4,Low,280000,2025-06-25,Flow Monitoring,43.588384,-116.264664
PIPE-0158,Sewer,Bannock St,Downtown,Vitrified Clay,21,1150,24.1,1931,95,24,12,83.5,Low,163357,2023-03-04,Smoke Test,43.615032,-116.212753
PIPE-0159,Stormwater,Five Mile Rd,Southwest,Corrugated Metal,42,1968,6.5,1990,36,49,3,45.3,Medium,414732,2025-01-21,Dye Test,43.549859,-116.294485
PIPE-0160,Water,Boise Ave,East Bench,Ductile Iron,6,574,4.4,1978,48,52,1,,Medium,61468,2025-10-10,Acoustic Leak Detection,43.597031,-116.175
PIPE-0161,Sewer,Vista Ave,Southeast,Concrete,8,1528,20.6,1990,36,51,1,64.5,Medium,668409,2023-10-15,Smoke Test,43.595,-116.2
PIPE-0162,Stormwater,I-184 Corridor,Downtown,Corrugated Metal,30,1299,8.8,1972,54,51,5,79.3,Medium,213753,2024-10-28,Dye Test,43.608959,-116.22
PIPE-0163,Water,8th St,Downtown,Cast Iron,12,227,5.5,1933,93,5,7,,Low,38675,2025-02-27,Pressure Test,43.626,-116.198007
PIPE-0164,Sewer,Boise Ave,East Bench,Vitrified Clay,24,1486,19.7,1967,59,50,5,58.8,Medium,834231,2023-09-20,Manhole Inspection,43.598066,-116.175
PIPE-0165,Water,9th St,Downtown,Asbestos Cement,10,2434,3.1,1961,65,10,3,,Critical,312546,2023-08-18,Ultrasonic,43.6,-116.197394
PIPE-0166,Stormwater,I-184 Corridor,Downtown,Corrugated Metal,24,1234,14.9,1974,52,39,5,59.2,Low,262235,2023-07-30,CCTV,43.609952,-116.196781
PIPE-0167,Stormwater,Maple Grove Rd,Southwest,Corrugated Metal,72,548,10.4,1989,37,34,1,37.5,Medium,280613,2024-01-23,Dye Test,43.54375,-116.277511
PIPE-0168,Stormwater,Fairview Ave,Downtown,Concrete,15,1259,5.7,1925,101,66,2,84.2,Low,259525,2025-01-28,Flow Monitoring,43.614332,-116.180252
PIPE-0169,Sewer,Capitol Blvd,Downtown,Concrete,8,1410,23.8,1955,71,54,2,100.0,Medium,350070,2023-04-02,CCTV,43.604278,-116.19823
PIPE-0170,Sewer,Victory Rd,Southeast,PVC,18,475,22.0,1983,43,77,0,47.8,High,92898,2024-12-10,Smoke Test,43.568802,-116.170185
PIPE-0171,Water,Shaw Mountain Rd,East Bench,Ductile Iron,20,2092,3.7,1990,36,78,0,,High,227972,2023-09-28,Acoustic Leak Detection,43.594274,-116.158798
PIPE-0172,Sewer,Cole Rd,West Boise,PVC,12,1340,7.0,1998,28,61,0,57.9,Medium,308727,2023-03-06,Manhole Inspection,43.645186,-116.254148
PIPE-0173,Water,Ustick Rd,West Boise,Ductile Iron,36,1807,6.4,2009,17,46,0,,Critical,841088,2025-03-03,Pressure Test,43.633522,-116.312166
PIPE-0174,Water,9th St,Downtown,Cast Iron,12,679,5.0,1940,86,5,4,,Low,124665,2024-12-13,Visual,43.6,-116.197839
PIPE-0175,Water,Cole Rd,Southwest,Asbestos Cement,8,966,3.2,1973,53,28,3,,Medium,99344,2023-02-23,Ultrasonic,43.557166,-116.256294
PIPE-0176,Water,Cloverdale Rd,West Boise,PVC,20,2018,3.1,2016,10,54,0,,High,385883,2023-02-22,Acoustic Leak Detection,43.619096,-116.338504
PIPE-0177,Water,Amity Rd,Southwest,Ductile Iron,12,2424,6.3,1992,34,48,0,,Low,551497,2024-07-14,Pressure Test,43.55494,-116.285651
PIPE-0178,Sewer,Front St,Downtown,Concrete,15,1627,7.3,1953,73,36,1,100.0,Low,700584,2023-07-10,Smoke Test,43.608173,-116.22
PIPE-0179,Water,McMillan Rd,West Boise,PVC,10,1047,5.1,1993,33,84,0,,Low,338882,2023-01-14,Acoustic Leak Detection,43.644833,-116.304394
PIPE-0180,Sewer,Jefferson St,Downtown,Concrete,6,1335,10.0,1951,75,53,3,90.3,Medium,442904,2024-05-31,Flow Monitoring,43.618202,-116.22
PIPE-0181,Stormwater,Cole Rd,Southwest,Concrete,15,581,8.5,1983,43,47,1,83.7,Low,142548,2025-05-26,Dye Test,43.564228,-116.254501
PIPE-0182,Sewer,Chinden Blvd,West Boise,PVC,8,2389,14.9,2007,19,55,0,30.5,Low,670480,2023-12-30,CCTV,43.652386,-116.27255
PIPE-0183,Sewer,Front St,Downtown,Vitrified Clay,42,2082,14.1,1931,95,46,7,85.9,Medium,1971086,2024-03-24,Smoke Test,43.603098,-116.175
PIPE-0184,Water,Warm Springs Ave,East Bench,Cast Iron,16,1225,5.6,1930,96,26,7,,High,378695,2025-05-22,Acoustic Leak Detection,43.605495,-116.151839
PIPE-0185,Sewer,Hill Rd,North End,Concrete,8,743,5.2,1955,71,57,3,89.7,Medium,290393,2024-08-21,Flow Monitoring,43.660562,-116.213444
PIPE-0186,Stormwater,Jefferson St,Downtown,Concrete,15,1483,13.5,1931,95,21,2,66.7,Medium,117999,2024-12-31,Dye Test,43.615205,-116.21706
PIPE-0187,Sewer,Vista Ave,Southeast,Orangeburg,42,820,9.3,1968,58,33,3,59.5,High,232551,2023-07-07,Manhole Inspection,43.595,-116.2
PIPE-0188,Water,Jefferson St,Downtown,Cast Iron,12,545,5.9,1940,86,40,7,,High,47547,2023-01-24,Visual,43.614489,-116.19292
PIPE-0189,Sewer,Milwaukee St,Southeast,Vitrified Clay,42,423,12.7,1973,53,21,3,66.2,Critical,103198,2023-11-24,Manhole Inspection,43.587704,-116.2
PIPE-0190,Water,Jefferson St,Downtown,Cast Iron,36,1923,6.1,1949,77,39,5,,Critical,279509,2025-08-01,Ultrasonic,43.615192,-116.186365
PIPE-0191,Water,Overland Rd,Southwest,Ductile Iron,30,1901,5.6,1973,53,42,2,,Medium,300281,2025-01-18,Pressure Test,43.587541,-116.277818
PIPE-0192,Stormwater,Overland Rd,Southwest,Concrete,30,1991,8.2,1959,67,43,0,66.8,Low,364150,2024-12-08,CCTV,43.58938,-116.242283
PIPE-0193,Water,Main St,Downtown,Cast Iron,4,871,5.1,1933,93,32,4,,Low,119420,2025-04-05,Acoustic Leak Detection,43.614978,-116.212264
PIPE-0194,Sewer,Shaw Mountain Rd,East Bench,PVC,15,2345,6.5,1982,44,70,0,76.5,Medium,766416,2024-06-28,CCTV,43.587555,-116.146507
PIPE-0195,Sewer,Amity Rd,Southwest,PVC,12,2284,5.9,1992,34,75,0,24.3,Critical,391898,2023-07-28,Smoke Test,43.550015,-116.246305
PIPE-0196,Water,Boise Ave,East Bench,Ductile Iron,20,1510,4.5,1970,56,55,1,,Medium,240459,2025-07-14,Ultrasonic,43.598628,-116.175
PIPE-0197,Sewer,Federal Way,East Bench,Ductile Iron,18,553,16.3,1974,52,53,2,48.3,Medium,186346,2024-10-28,Smoke Test,43.597319,-116.175
PIPE-0198,Sewer,Fairview Ave,Downtown,Vitrified Clay,21,297,22.5,1925,101,22,8,84.6,Low,136890,2025-05-04,Smoke Test,43.614398,-116.212286
PIPE-0199,Sewer,Orchard St,Southwest,Concrete,21,2215,10.6,1970,56,37,2,65.3,Low,1232683,2023-05-09,CCTV,43.6,-116.229165
PIPE-0200,Stormwater,Cole Rd,West Boise,Concrete,60,746,10.9,1991,35,56,1,47.6,Medium,403499,2023-09-20,Flow Monitoring,43.635977,-116.256634
PIPE-0201,Stormwater,Eisenman Rd,Southeast,PVC,30,1156,4.9,2013,13,89,0,17.9,Medium,244315,2024-10-03,Dye Test,43.54,-116.171784
PIPE-0202,Sewer,Parkcenter Blvd,East Bench,Ductile Iron,15,691,19.1,1984,42,69,0,55.3,Low,333383,2023-12-05,Flow Monitoring,43.58,-116.175
PIPE-0203,Sewer,Overland Rd,Southwest,Vitrified Clay,42,1424,13.1,1958,68,9,5,34.1,Medium,540960,2025-02-19,CCTV,43.586561,-116.230746
PIPE-0204,Water,Main St,Downtown,Cast Iron,10,735,5.7,1928,98,44,6,,Low,164608,2024-10-24,Ultrasonic,43.613189,-116.207953
PIPE-0205,Water,Jefferson St,Downtown,Cast Iron,16,701,3.7,1930,96,35,8,,High,146542,2024-09-19,Visual,43.613256,-116.20412
PIPE-0206,Water,Warm Springs Ave,East Bench,Cast Iron,24,808,4.0,1942,84,34,5,,Critical,251298,2024-10-20,Visual,43.605208,-116.155466
PIPE-0207,Sewer,Chinden Blvd,West Boise,PVC,6,1766,14.7,2019,7,75,0,57.5,Medium,369781,2024-09-10,CCTV,43.654691,-116.321271
PIPE-0208,Sewer,Warm Springs Ave,East Bench,Vitrified Clay,24,2368,8.2,1928,98,11,6,79.9,Low,1009542,2024-09-09,Flow Monitoring,43.607145,-116.158281
PIPE-0209,Sewer,Vista Ave,Southeast,Vitrified Clay,10,1168,23.3,1966,60,7,6,68.5,Medium,525929,2024-11-12,Flow Monitoring,43.582402,-116.2
PIPE-0210,Sewer,Curtis Rd,Southwest,Ductile Iron,10,2208,5.4,1974,52,51,1,69.0,Medium,717411,2024-12-04,Manhole Inspection,43.543037,-116.224663
PIPE-0211,Sewer,Bannock St,Downtown,Vitrified Clay,10,780,24.2,1926,100,5,8,63.0,Medium,189340,2025-02-26,Smoke Test,43.614646,-116.175
PIPE-0212,Sewer,Franklin Rd,West Boise,PVC,42,2195,18.9,2012,14,100,0,33.6,Critical,789454,2024-03-14,Manhole Inspection,43.607895,-116.316064
PIPE-0213,Water,Jefferson St,Downtown,Cast Iron,4,1803,5.3,1936,90,28,8,,High,408861,2023-02-20,Visual,43.618105,-116.179334
PIPE-0214,Sewer,Shaw Mountain Rd,East Bench,Vitrified Clay,12,1620,6.8,1959,67,51,3,50.0,Medium,736551,2024-07-09,CCTV,43.624295,-116.168285
PIPE-0215,Sewer,Vista Ave,Southeast,Concrete,8,205,8.3,1971,55,43,0,56.3,Low,43384,2024-08-28,Smoke Test,43.54,-116.2
PIPE-0216,Stormwater,Amity Rd,Southwest,Corrugated Metal,12,1407,13.7,1989,37,14,1,27.2,Low,336200,2024-01-10,Dye Test,43.55012,-116.29411
PIPE-0217,Sewer,Cole Rd,West Boise,PVC,21,875,11.6,1986,40,60,0,52.6,Medium,357427,2024-05-05,Manhole Inspection,43.633585,-116.256395
PIPE-0218,Stormwater,Vista Ave,Southeast,Concrete,12,1809,8.1,1961,65,18,3,66.7,High,314840,2025-10-11,Visual,43.580742,-116.2
PIPE-0219,Sewer,Broadway Ave,Downtown,Ductile Iron,8,2139,14.8,1973,53,38,2,59.0,Low,597919,2023-11-07,Smoke Test,43.626,-116.18915
PIPE-0220,Sewer,Victory Rd,Southeast,Vitrified Clay,15,2001,6.2,1957,69,11,7,61.5,Medium,292883,2024-08-24,CCTV,43.56979,-116.2
PIPE-0221,Water,Overland Rd,Southeast,PVC,20,2393,5.3,1988,38,71,1,,High,553693,2023-01-09,Visual,43.589122,-116.160091
PIPE-0222,Sewer,9th St,Downtown,Vitrified Clay,10,884,13.5,1953,73,36,5,58.7,Low,414572,2024-06-22,Manhole Inspection,43.626,-116.197149
PIPE-0223,Water,Franklin Rd,West Boise,Ductile Iron,6,1789,6.4,1989,37,37,2,,Low,122255,2025-04-16,Ultrasonic,43.607338,-116.285836
PIPE-0224,Water,Fairview Ave,Downtown,Cast Iron,36,610,3.4,1934,92,27,12,,High,181348,2023-04-09,Acoustic Leak Detection,43.61855,-116.194985
PIPE-0225,Water,Harrison Blvd,North End,Cast Iron,20,789,4.6,1942,84,60,7,,High,260672,2023-11-01,Acoustic Leak Detection,43.65246,-116.198915
PIPE-0226,Stormwater,Victory Rd,Southeast,Reinforced Concrete Box,30,1348,5.7,1974,52,86,1,54.6,Medium,429852,2023-08-02,CCTV,43.572057,-116.166341
PIPE-0227,Sewer,Fort St,North End,Vitrified Clay,12,1867,21.4,1953,73,19,1,60.1,High,419046,2022-12-25,CCTV,43.639446,-116.184241
PIPE-0228,Water,Harrison Blvd,North End,Galvanized Steel,10,436,6.7,1937,89,29,6,,High,123913,2025-10-01,Visual,43.626,-116.200261
PIPE-0229,Sewer,Broadway Ave,Southeast,Concrete,36,2027,12.0,1986,40,51,0,47.6,High,1393127,2023-10-03,CCTV,43.542207,-116.185777
PIPE-0230,Stormwater,Hill Rd,North End,Corrugated Metal,24,1106,3.2,1961,65,25,4,67.0,Low,92792,2024-12-13,CCTV,43.660884,-116.200784
PIPE-0231,Sewer,15th St,North End,Vitrified Clay,36,1451,22.9,1941,85,18,8,75.7,High,467407,2023-09-11,CCTV,43.662019,-116.206744
PIPE-0232,Water,Main St,Downtown,Cast Iron,16,2499,4.2,1957,69,40,4,,Medium,970812,2024-03-31,Visual,43.615884,-116.191276
PIPE-0233,Sewer,Fairview Ave,Downtown,Concrete,12,432,18.2,1958,68,39,1,85.1,High,156453,2023-07-29,Flow Monitoring,43.617833,-116.175811
PIPE-0234,Water,Overland Rd,Southeast,Cast Iron,36,977,5.7,1957,69,25,4,,Critical,561233,2022-10-16,Visual,43.587059,-116.17793
PIPE-0235,Sewer,Federal Way,East Bench,Vitrified Clay,24,724,23.3,1961,65,34,5,65.1,High,356217,2024-03-14,Flow Monitoring,43.598446,-116.139985
PIPE-0236,Stormwater,Victory Rd,Southeast,Concrete,30,1404,10.0,1978,48,53,0,49.1,High,209650,2023-10-13,Flow Monitoring,43.569783,-116.2
PIPE-0237,Water,Gowen Rd,Southeast,PVC,8,762,6.9,1988,38,97,0,,High,79575,2024-01-21,Visual,43.545954,-116.170586
PIPE-0238,Stormwater,Eisenman Rd,Southeast,Concrete,12,2051,8.9,1988,38,72,2,61.9,Medium,362516,2023-08-29,Dye Test,43.54,-116.168433
PIPE-0239,Water,Maple Grove Rd,Southwest,PVC,4,354,6.8,1979,47,76,0,,Low,60097,2024-08-26,Pressure Test,43.577703,-116.274616
PIPE-0240,Sewer,Parkcenter Blvd,East Bench,Vitrified Clay,8,1771,5.9,1963,63,16,2,35.8,Medium,480191,2025-03-03,Manhole Inspection,43.597267,-116.175
PIPE-0241,Water,Cole Rd,Southwest,PVC,10,875,4.6,1977,49,55,0,,High,94937,2023-11-13,Acoustic Leak Detection,43.6,-116.253491
PIPE-0242,Water,Overland Rd,Southeast,Ductile Iron,30,399,3.4,1971,55,53,1,,Critical,68366,2025-01-23,Visual,43.588564,-116.2
PIPE-0243,Water,Ten Mile Rd,West Boise,Ductile Iron,12,1923,4.1,1985,41,40,1,,High,585123,2025-04-13,Acoustic Leak Detection,43.627933,-116.315025
PIPE-0244,Sewer,Cole Rd,Southwest,Concrete,36,1018,12.2,1967,59,30,0,51.0,Medium,559003,2023-03-24,Manhole Inspection,43.594237,-116.254011
PIPE-0245,Sewer,Bogus Basin Rd,North End,Vitrified Clay,6,564,8.0,1925,101,26,10,100.0,High,180101,2024-08-16,Flow Monitoring,43.68,-116.181591
PIPE-0246,Water,Federal Way,East Bench,Asbestos Cement,24,405,3.2,1971,55,19,5,,Medium,90568,2025-08-31,Acoustic Leak Detection,43.594599,-116.175
PIPE-0247,Water,Jefferson St,Downtown,Galvanized Steel,16,1664,4.1,1935,91,5,13,,Medium,321550,2023-10-05,Ultrasonic,43.618367,-116.175
PIPE-0248,Sewer,Gowen Rd,Southeast,Ductile Iron,8,742,8.2,1995,31,50,2,38.5,High,274834,2023-10-17,Manhole Inspection,43.544177,-116.193308
PIPE-0249,Sewer,McMillan Rd,West Boise,Ductile Iron,42,735,13.8,1986,40,55,1,70.6,High,146554,2022-10-02,Smoke Test,43.642898,-116.31095
PIPE-0250,Water,Eagle Rd,West Boise,PVC,30,2342,4.7,2006,20,82,0,,Medium,934858,2025-08-13,Acoustic Leak Detection,43.640059,-116.353291
PIPE-0251,Sewer,State St,West Boise,PVC,30,2122,14.8,1995,31,76,0,36.2,High,392604,2023-08-30,Smoke Test,43.639111,-116.250447
PIPE-0252,Stormwater,Jefferson St,Downtown,Corrugated Metal,48,2035,11.9,1954,72,12,7,63.9,High,282785,2025-05-30,Flow Monitoring,43.613528,-116.201124
PIPE-0253,Stormwater,Chinden Blvd,West Boise,PVC,24,2068,8.5,2020,6,81,0,31.8,Medium,421577,2023-05-21,CCTV,43.655,-116.320933
PIPE-0254,Stormwater,Fairview Ave,Downtown,Concrete,12,1598,7.5,1939,87,33,3,82.0,Low,245389,2023-08-17,CCTV,43.615131,-116.189307
PIPE-0255,Water,Eastman St,North End,Cast Iron,10,968,3.9,1964,62,40,1,,Medium,155816,2025-03-25,Ultrasonic,43.638724,-116.174824
PIPE-0256,Sewer,Five Mile Rd,Southwest,PVC,10,2243,13.7,1987,39,61,0,100.0,Low,869581,2024-12-12,Smoke Test,43.54,-116.293583
PIPE-0257,Water,8th St,Downtown,Cast Iron,36,1518,6.9,1949,77,52,6,,High,401750,2025-03-04,Visual,43.613329,-116.197692
PIPE-0258,Water,Gowen Rd,Southeast,PVC,12,2443,6.7,2017,9,99,0,,Low,607147,2024-12-03,Pressure Test,43.545164,-116.14105
PIPE-0259,Sewer,Cole Rd,West Boise,Ductile Iron,18,2167,18.5,1992,34,9,1,54.4,Medium,1153210,2025-10-12,Flow Monitoring,43.631625,-116.253344
PIPE-0260,Water,Fairview Ave,Downtown,Cast Iron,4,1018,6.9,1928,98,19,11,,Medium,74852,2023-11-29,Ultrasonic,43.614602,-116.177157
PIPE-0261,Sewer,8th St,Downtown,Concrete,42,1118,20.7,1964,62,46,0,52.6,High,777026,2024-03-02,CCTV,43.626,-116.196632
PIPE-0262,Water,Main St,Downtown,Cast Iron,10,2014,5.8,1941,85,5,9,,Low,430856,2024-04-09,Ultrasonic,43.61698,-116.175
PIPE-0263,Stormwater,Warm Springs Ave,East Bench,Concrete,18,911,6.2,1929,97,27,1,26.3,Medium,65651,2025-01-19,CCTV,43.60941,-116.175
PIPE-0264,Sewer,Fairview Ave,Downtown,Concrete,36,408,11.0,1945,81,71,1,69.8,High,90633,2024-11-21,CCTV,43.617642,-116.189971
PIPE-0265,Sewer,Overland Rd,Southwest,Vitrified Clay,21,2424,9.3,1965,61,38,2,82.1,Medium,576839,2022-10-10,CCTV,43.588222,-116.302644
PIPE-0266,Water,9th St,Downtown,Cast Iron,24,1184,5.5,1947,79,29,5,,High,268351,2022-11-22,Pressure Test,43.626,-116.198318
PIPE-0267,Sewer,Capitol Blvd,Downtown,Vitrified Clay,18,2306,23.0,1958,68,22,2,34.4,Low,1304172,2022-11-27,CCTV,43.626,-116.201327
PIPE-0268,Water,Chinden Blvd,West Boise,PVC,10,1073,3.4,1989,37,83,0,,Low,346542,2025-01-22,Acoustic Leak Detection,43.655,-116.316063
PIPE-0269,Sewer,Five Mile Rd,Southwest,Ductile Iron,6,558,6.4,1976,50,60,0,61.7,Medium,120362,2024-02-24,CCTV,43.54086,-116.296932
PIPE-0270,Sewer,Overland Rd,Southeast,Vitrified Clay,30,224,16.7,1962,64,38,5,37.4,Medium,162551,2024-03-25,CCTV,43.588849,-116.185532
PIPE-0271,Water,Federal Way,East Bench,Ductile Iron,20,1818,3.6,1983,43,39,2,,High,665312,2024-04-01,Pressure Test,43.598933,-116.175
PIPE-0272,Water,Main St,Downtown,Asbestos Cement,30,779,5.4,1960,66,13,4,,High,194664,2023-08-10,Visual,43.612739,-116.22
PIPE-0273,Sewer,Broadway Ave,Downtown,Concrete,12,1235,22.0,1966,60,55,1,76.3,Medium,614690,2024-04-16,CCTV,43.6,-116.189912
PIPE-0274,Sewer,Eastman St,North End,Vitrified Clay,12,2195,9.7,1931,95,21,5,64.9,Medium,389391,2024-03-16,Smoke Test,43.643709,-116.214429
PIPE-0275,Water,Amity Rd,Southwest,PVC,16,1495,4.3,2021,5,73,0,,Low,423667,2024-01-23,Ultrasonic,43.555752,-116.301509
PIPE-0276,Stormwater,Fairview Ave,West Boise,Reinforced Concrete Box,36,1451,6.4,2013,13,78,1,45.7,Low,242888,2025-06-29,CCTV,43.615922,-116.326293
PIPE-0277,Sewer,Capitol Blvd,Downtown,Vitrified Clay,42,327,9.3,1957,69,25,4,83.4,High,284303,2025-02-01,Manhole Inspection,43.626,-116.200527
PIPE-0278,Stormwater,Overland Rd,Southwest,Concrete,72,1391,3.1,1969,57,37,2,27.0,Medium,960271,2023-01-15,Visual,43.585803,-116.26991
PIPE-0279,Sewer,Victory Rd,Southeast,Concrete,10,798,9.4,1965,61,51,2,61.2,High,185860,2023-11-24,Flow Monitoring,43.571416,-116.19632
PIPE-0280,Water,Maple Grove Rd,Southwest,PVC,4,363,5.8,1984,42,82,1,,High,84258,2023-10-19,Pressure Test,43.6,-116.277056
PIPE-0281,Stormwater,Cole Rd,West Boise,Reinforced Concrete Box,60,1230,13.4,1989,37,46,0,32.7,High,524610,2025-02-21,Dye Test,43.615106,-116.253557
PIPE-0282,Stormwater,Hill Rd,North End,Concrete,15,2307,11.6,1939,87,31,2,85.6,Low,538439,2023-03-22,Dye Test,43.660861,-116.23
PIPE-0283,Stormwater,Ustick Rd,West Boise,PVC,72,860,10.1,1998,28,78,0,40.1,Critical,552037,2024-12-27,Flow Monitoring,43.633884,-116.307128
PIPE-0284,Stormwater,Warm Springs Ave,East Bench,Concrete,42,276,5.6,1958,68,31,2,85.7,High,79455,2023-08-14,Visual,43.610271,-116.146762
PIPE-0285,Water,Fairview Ave,West Boise,PVC,36,2292,4.4,1996,30,97,1,,Critical,559994,2023-02-04,Ultrasonic,43.614587,-116.277065
PIPE-0286,Sewer,Fairview Ave,Downtown,Vitrified Clay,8,926,20.7,1963,63,30,8,100.0,Medium,238675,2025-11-30,Flow Monitoring,43.615855,-116.19082
PIPE-0287,Water,Orchard St,Southwest,Ductile Iron,16,377,6.8,1981,45,49,2,,Low,73739,2025-05-16,Ultrasonic,43.6,-116.232426
PIPE-0288,Water,Jefferson St,Downtown,Cast Iron,24,1152,5.4,1941,85,12,9,,High,127651,2023-01-03,Acoustic Leak Detection,43.618461,-116.22
PIPE-0289,Water,Overland Rd,Southeast,Ductile Iron,16,1874,5.6,1968,58,18,3,,Medium,407941,2024-10-11,Ultrasonic,43.587174,-116.2
PIPE-0290,Water,Victory Rd,Southwest,PVC,24,932,4.0,1990,36,79,0,,High,342843,2024-08-19,Ultrasonic,43.569221,-116.275607
PIPE-0291,Sewer,Ten Mile Rd,West Boise,PVC,8,1078,17.3,1995,31,63,0,22.0,Low,242511,2025-02-08,Flow Monitoring,43.615667,-116.314284
PIPE-0292,Water,Ustick Rd,West Boise,PVC,6,462,5.4,2012,14,61,0,,Low,71287,2025-08-07,Visual,43.631579,-116.310333
PIPE-0293,Stormwater,McMillan Rd,West Boise,Reinforced Concrete Box,12,1026,12.4,2013,13,64,0,52.0,Low,181485,2023-11-27,Visual,43.645103,-116.275539
PIPE-0294,Water,State St,West Boise,PVC,8,555,4.4,1985,41,80,0,,High,107345,2024-04-29,Pressure Test,43.639981,-116.257626
PIPE-0295,Sewer,Vista Ave,Southeast,Concrete,12,996,8.5,1972,54,77,2,50.4,High,300062,2023-01-16,Manhole Inspection,43.571381,-116.2
PIPE-0296,Sewer,Curtis Rd,Southwest,Orangeburg,48,2013,20.1,1971,55,26,6,76.0,Critical,1190325,2025-04-08,Manhole Inspection,43.6,-116.221621
PIPE-0297,Water,Idaho St,Downtown,Cast Iron,10,1141,4.4,1949,77,16,3,,Low,162065,2024-01-02,Acoustic Leak Detection,43.615801,-116.209006
PIPE-0298,Water,Victory Rd,Southwest,Cast Iron,24,1485,4.1,1966,60,5,4,,Medium,657744,2024-06-07,Visual,43.569121,-116.248455
PIPE-0299,Stormwater,Boise Ave,East Bench,Concrete,24,1658,11.0,1967,59,44,3,58.1,Critical,367274,2023-03-21,Flow Monitoring,43.597936,-116.175
PIPE-0300,Sewer,McMillan Rd,West Boise,PVC,24,1325,10.6,2005,21,68,0,26.8,Medium,219230,2022-11-21,CCTV,43.642945,-116.271248
PIPE-0301,Stormwater,Chinden Blvd,West Boise,PVC,42,915,3.1,2007,19,71,0,57.6,Medium,137588,2024-06-19,Visual,43.652743,-116.340371
PIPE-0302,Stormwater,Cloverdale Rd,West Boise,PVC,24,1303,5.5,2001,25,78,0,7.4,Medium,393972,2024-11-29,Visual,43.617708,-116.335321
PIPE-0303,Sewer,Amity Rd,Southwest,Ductile Iron,8,1305,8.9,1999,27,41,2,69.0,Medium,332111,2025-03-02,Manhole Inspection,43.554825,-116.270573
PIPE-0304,Sewer,Cole Rd,Southwest,Concrete,15,395,21.3,1974,52,69,0,42.6,Medium,120528,2022-10-12,Manhole Inspection,43.563872,-116.254857
PIPE-0305,Water,Vista Ave,Southeast,Cast Iron,20,696,5.4,1956,70,25,6,,High,194510,2023-01-22,Ultrasonic,43.563087,-116.2
PIPE-0306,Water,Victory Rd,Southeast,Cast Iron,20,1373,6.5,1960,66,16,4,,Medium,330102,2025-06-23,Visual,43.569783,-116.158472
PIPE-0307,Water,Shaw Mountain Rd,East Bench,Ductile Iron,16,1497,5.4,1969,57,48,1,,Medium,487672,2023-05-25,Ultrasonic,43.611121,-116.146583
PIPE-0308,Sewer,Broadway Ave,Downtown,Vitrified Clay,6,712,19.0,1966,60,43,5,49.6,Low,82440,2022-11-05,CCTV,43.626,-116.187028
PIPE-0309,Sewer,Capitol Blvd,Downtown,Vitrified Clay,30,540,23.6,1950,76,25,6,39.1,Critical,328513,2022-12-20,Smoke Test,43.6,-116.200291
PIPE-0310,Sewer,Capitol Blvd,Downtown,Vitrified Clay,42,1661,24.5,1927,99,24,5,87.2,Medium,877144,2024-12-05,Flow Monitoring,43.626,-116.202049
PIPE-0311,Sewer,Chinden Blvd,West Boise,PVC,21,2344,14.6,2021,5,95,0,56.1,High,664282,2025-11-11,CCTV,43.653839,-116.307297
PIPE-0312,Water,Orchard St,Southwest,Cast Iron,16,1374,6.7,1963,63,13,3,,High,126904,2025-11-18,Pressure Test,43.582536,-116.23495
PIPE-0313,Water,Fort St,North End,Galvanized Steel,30,1990,5.9,1951,75,19,4,,Medium,462768,2024-05-25,Pressure Test,43.637369,-116.23
PIPE-0314,Sewer,State St,West Boise,HDPE,15,1891,7.2,2019,7,85,0,45.2,Medium,783641,2025-01-25,CCTV,43.635128,-116.314523
PIPE-0315,Water,Curtis Rd,Southwest,Asbestos Cement,8,618,4.8,1956,70,26,1,,Low,45669,2023-02-16,Pressure Test,43.562569,-116.22425
PIPE-0316,Sewer,Five Mile Rd,Southwest,Vitrified Clay,18,528,20.5,1957,69,14,3,24.7,Low,110201,2025-11-07,CCTV,43.6,-116.29229
PIPE-0317,Sewer,Cole Rd,West Boise,PVC,21,2014,19.7,2000,26,81,0,28.4,Low,469042,2024-02-10,Smoke Test,43.604773,-116.253033
PIPE-0318,Sewer,Chinden Blvd,West Boise,PVC,48,2451,9.0,1987,39,96,0,35.2,High,953928,2024-02-07,CCTV,43.653126,-116.329735
PIPE-0319,Sewer,Broadway Ave,Downtown,Ductile Iron,36,690,16.6,1972,54,70,3,27.0,Critical,192257,2023-02-13,CCTV,43.603665,-116.189541
PIPE-0320,Sewer,Cloverdale Rd,West Boise,Ductile Iron,42,445,20.8,2006,20,70,1,35.4,Medium,416552,2023-06-18,Smoke Test,43.6,-116.335133
PIPE-0321,Water,Capitol Blvd,Downtown,Galvanized Steel,16,751,5.8,1949,77,5,2,,Medium,178590,2023-04-18,Pressure Test,43.6,-116.203763
PIPE-0322,Sewer,Ustick Rd,West Boise,PVC,10,482,15.8,2020,6,63,0,36.2,Low,137003,2023-11-18,Smoke Test,43.633187,-116.304049
PIPE-0323,Water,Boise Ave,East Bench,Asbestos Cement,30,1787,6.1,1959,67,5,5,,High,524657,2025-09-04,Visual,43.598139,-116.157342
PIPE-0324,Water,Harrison Blvd,North End,Cast Iron,10,638,5.3,1927,99,39,3,,Medium,133120,2025-07-10,Acoustic Leak Detection,43.64183,-116.202407
PIPE-0325,Water,Hill Rd,North End,Cast Iron,6,2117,5.2,1956,70,5,8,,Medium,311859,2025-09-10,Acoustic Leak Detection,43.661806,-116.23
PIPE-0326,Stormwater,Gowen Rd,Southeast,Concrete,24,2327,9.3,1989,37,45,0,49.5,Low,297453,2023-08-05,CCTV,43.540583,-116.139986
PIPE-0327,Water,Chinden Blvd,West Boise,PVC,16,2078,3.4,2021,5,41,0,,Medium,503331,2023-12-12,Pressure Test,43.654215,-116.315834
PIPE-0328,Sewer,Victory Rd,Southwest,Ductile Iron,18,1888,17.2,1975,51,22,0,50.2,High,905134,2023-05-21,Flow Monitoring,43.571585,-116.285553
PIPE-0329,Water,Milwaukee St,Southeast,Cast Iron,4,1365,7.0,1955,71,6,5,,Low,145142,2024-05-16,Visual,43.572661,-116.2
PIPE-0330,Sewer,8th St,Downtown,Vitrified Clay,24,1656,10.0,1927,99,7,8,100.0,High,739147,2025-06-27,Manhole Inspection,43.6,-116.19841
PIPE-0331,Water,Maple Grove Rd,Southwest,Asbestos Cement,24,590,5.9,1966,60,5,6,,Medium,76307,2023-08-02,Acoustic Leak Detection,43.582618,-116.277198
PIPE-0332,Sewer,15th St,North End,Vitrified Clay,6,1766,16.3,1963,63,24,6,56.9,Low,233551,2023-06-04,CCTV,43.626,-116.207854
PIPE-0333,Sewer,15th St,North End,Vitrified Clay,15,1815,19.9,1952,74,5,9,100.0,Low,513205,2025-03-01,Flow Monitoring,43.626,-116.208983
PIPE-0334,Stormwater,Cloverdale Rd,West Boise,Concrete,48,1819,6.0,1997,29,60,2,5.0,Medium,459501,2025-06-02,CCTV,43.63218,-116.337823
PIPE-0335,Sewer,Eagle Rd,West Boise,PVC,21,1696,5.5,2011,15,85,0,59.8,Medium,746308,2025-02-07,Flow Monitoring,43.612865,-116.355076
PIPE-0336,Water,Front St,Downtown,Cast Iron,10,1731,3.3,1939,87,12,2,,Medium,402994,2023-12-30,Acoustic Leak Detection,43.603936,-116.186721
PIPE-0337,Stormwater,Gowen Rd,Southeast,HDPE,48,293,12.0,2013,13,84,0,53.1,Medium,151468,2025-10-26,Dye Test,43.541991,-116.138799
PIPE-0338,Sewer,Fairview Ave,West Boise,PVC,6,1246,17.4,2018,8,79,0,52.5,Medium,105578,2023-11-26,CCTV,43.614022,-116.312279
PIPE-0339,Sewer,Capitol Blvd,Downtown,Concrete,42,1783,7.0,1943,83,64,1,63.2,High,1059077,2023-05-10,CCTV,43.6,-116.201716
PIPE-0340,Sewer,Front St,Downtown,Vitrified Clay,30,1448,11.9,1940,86,22,3,78.5,High,433679,2025-07-29,Manhole Inspection,43.605001,-116.213528
PIPE-0341,Water,Overland Rd,Southeast,Cast Iron,30,1347,4.6,1956,70,34,4,,Medium,457595,2023-08-01,Visual,43.586353,-116.2
PIPE-0342,Sewer,Amity Rd,Southwest,PVC,21,1479,9.1,1994,32,59,0,23.1,Medium,788977,2022-12-26,Smoke Test,43.555458,-116.288657
PIPE-0343,Stormwater,Victory Rd,Southwest,Concrete,72,847,6.8,1964,62,44,1,71.4,Medium,487204,2023-08-08,Dye Test,43.568905,-116.275413
PIPE-0344,Sewer,Parkcenter Blvd,East Bench,Ductile Iron,48,1321,5.5,1983,43,25,1,81.7,High,940370,2024-08-17,CCTV,43.58,-116.175
PIPE-0345,Stormwater,Five Mile Rd,Southwest,Concrete,48,749,13.2,1960,66,80,1,36.8,Critical,150681,2025-11-02,Flow Monitoring,43.575186,-116.294372
PIPE-0346,Sewer,Gowen Rd,Southeast,PVC,48,1030,24.7,1999,27,83,0,50.1,Critical,492662,2023-08-26,CCTV,43.544547,-116.192709
PIPE-0347,Sewer,Ustick Rd,West Boise,PVC,48,1481,15.7,2009,17,77,0,30.8,High,355502,2025-09-07,Smoke Test,43.632365,-116.264869
PIPE-0348,Sewer,Orchard St,Southwest,PVC,21,360,6.0,1989,37,75,0,42.9,Medium,101416,2023-07-21,Manhole Inspection,43.589616,-116.231903
PIPE-0349,Sewer,McMillan Rd,West Boise,PVC,48,2317,6.8,1988,38,70,0,39.8,High,1610529,2023-09-19,Flow Monitoring,43.645422,-116.312914
PIPE-0350,Water,Boise Ave,East Bench,PVC,4,932,6.6,1983,43,57,0,,High,118643,2025-03-24,Acoustic Leak Detection,43.599722,-116.140271
PIPE-0351,Water,9th St,Downtown,Cast Iron,16,549,6.2,1953,73,41,8,,Low,112057,2022-10-01,Visual,43.614905,-116.199695
PIPE-0352,Sewer,Broadway Ave,Downtown,Concrete,10,410,13.9,1964,62,72,1,36.1,Medium,58822,2024-07-02,CCTV,43.605567,-116.189143
PIPE-0353,Water,Five Mile Rd,Southwest,PVC,24,2426,5.0,1986,40,73,0,,Critical,668151,2022-11-08,Pressure Test,43.599596,-116.294352
PIPE-0354,Stormwater,Cloverdale Rd,West Boise,PVC,12,957,11.0,1998,28,71,0,43.7,Critical,224773,2023-08-02,Visual,43.6,-116.33508
PIPE-0355,Sewer,Broadway Ave,Downtown,Vitrified Clay,36,926,5.7,1973,53,24,5,34.7,Medium,731077,2022-11-01,CCTV,43.626,-116.186504
PIPE-0356,Water,Federal Way,East Bench,PVC,8,699,5.1,1985,41,48,0,,Medium,150860,2025-06-06,Ultrasonic,43.598168,-116.175
PIPE-0357,Stormwater,Franklin Rd,West Boise,HDPE,42,1496,10.4,2003,23,80,0,19.5,Low,439352,2024-08-13,Flow Monitoring,43.605558,-116.283989
PIPE-0358,Stormwater,Federal Way,East Bench,Corrugated Metal,15,298,10.4,1955,71,39,4,88.8,Low,41068,2024-09-24,CCTV,43.596789,-116.134261
PIPE-0359,Sewer,Chinden Blvd,West Boise,PVC,48,1353,16.0,1997,29,57,1,51.5,High,656599,2025-10-04,Smoke Test,43.651527,-116.344573
PIPE-0360,Water,Fort St,North End,Cast Iron,16,2162,5.6,1946,80,24,2,,Low,776932,2023-08-08,Acoustic Leak Detection,43.640497,-116.18122
PIPE-0361,Water,Orchard St,Southwest,Ductile Iron,36,1492,5.3,1974,52,34,0,,Medium,756685,2024-01-08,Ultrasonic,43.589414,-116.234888
PIPE-0362,Water,Chinden Blvd,West Boise,PVC,8,1795,6.1,2019,7,33,0,,Low,429109,2023-11-02,Ultrasonic,43.651124,-116.340652
PIPE-0363,Sewer,Parkcenter Blvd,East Bench,Vitrified Clay,30,1438,9.0,1968,58,24,7,55.7,Critical,929234,2024-01-06,Flow Monitoring,43.58,-116.175
PIPE-0364,Water,Franklin Rd,West Boise,PVC,12,1540,6.3,2018,8,74,0,,Low,178383,2022-12-29,Acoustic Leak Detection,43.60486,-116.260256
PIPE-0365,Sewer,Main St,Downtown,Concrete,6,556,20.3,1944,82,27,0,51.6,High,183917,2024-10-18,Smoke Test,43.614,-116.175
PIPE-0366,Water,Federal Way,East Bench,Ductile Iron,30,1507,4.1,1972,54,59,1,,High,786142,2022-11-03,Pressure Test,43.598637,-116.14431
PIPE-0367,Water,Warm Springs Ave,East Bench,Cast Iron,12,1202,6.6,1934,92,31,5,,Medium,105569,2025-06-09,Ultrasonic,43.606028,-116.175
PIPE-0368,Stormwater,Overland Rd,Southwest,Reinforced Concrete Box,72,2026,11.1,1966,60,56,0,60.9,High,1154931,2025-03-08,CCTV,43.588698,-116.285005
PIPE-0369,Water,Ten Mile Rd,West Boise,PVC,6,2066,6.1,2014,12,65,0,,Medium,201269,2024-11-22,Pressure Test,43.6,-116.315133
PIPE-0370,Sewer,Boise Ave,East Bench,Concrete,24,323,21.9,1984,42,45,0,69.0,Medium,144905,2025-04-27,Manhole Inspection,43.597392,-116.175
PIPE-0371,Water,Victory Rd,Southwest,Asbestos Cement,12,2382,4.0,1959,67,43,6,,Low,500794,2023-07-04,Ultrasonic,43.569766,-116.272757
PIPE-0372,Water,Amity Rd,Southwest,Ductile Iron,30,1167,6.0,2006,20,36,1,,Critical,199248,2023-06-05,Visual,43.551039,-116.261432
PIPE-0373,Water,Parkcenter Blvd,East Bench,PVC,6,645,6.3,1980,46,67,0,,Medium,51091,2025-12-02,Visual,43.611841,-116.175
PIPE-0374,Water,Eagle Rd,West Boise,Ductile Iron,24,2376,4.8,1994,32,48,1,,Medium,520018,2023-06-26,Pressure Test,43.60832,-116.353307
PIPE-0375,Water,Myrtle St,Downtown,Cast Iron,4,2290,4.2,1962,64,47,2,,Medium,164196,2024-05-04,Acoustic Leak Detection,43.606425,-116.22
PIPE-0376,Stormwater,Vista Ave,Southeast,Reinforced Concrete Box,72,1814,5.5,1982,44,57,0,66.7,Medium,840760,2023-11-26,Dye Test,43.585017,-116.2
PIPE-0377,Stormwater,Harrison Blvd,North End,Concrete,18,750,10.9,1943,83,22,2,86.3,Low,76173,2023-05-14,Dye Test,43.626,-116.19911
PIPE-0378,Sewer,McMillan Rd,West Boise,Ductile Iron,24,2286,9.5,1996,30,60,3,29.5,Low,930396,2024-05-30,Flow Monitoring,43.642545,-116.284394
PIPE-0379,Stormwater,Eagle Rd,West Boise,HDPE,36,337,8.8,2021,5,70,0,17.6,Low,115316,2024-05-09,Dye Test,43.655,-116.353591
PIPE-0380,Water,Orchard St,Southwest,Asbestos Cement,30,562,5.7,1960,66,11,3,,Medium,195237,2022-12-03,Acoustic Leak Detection,43.564619,-116.231216
PIPE-0381,Water,Maple Grove Rd,Southwest,Ductile Iron,30,2121,4.4,1984,42,57,1,,High,409034,2022-10-05,Pressure Test,43.580917,-116.277011
PIPE-0382,Sewer,Bannock St,Downtown,Vitrified Clay,24,892,19.7,1965,61,40,3,69.9,Low,182851,2024-07-04,Smoke Test,43.613437,-116.187494
PIPE-0383,Sewer,McMillan Rd,West Boise,PVC,15,1252,16.8,2002,24,65,0,28.3,Low,577445,2023-03-15,Smoke Test,43.640085,-116.341076
PIPE-0384,Stormwater,State St,West Boise,Reinforced Concrete Box,36,545,12.0,1987,39,30,3,11.1,Low,173912,2024-12-25,Visual,43.639804,-116.272356
PIPE-0385,Water,Amity Rd,Southwest,PVC,4,1282,3.7,2007,19,77,0,,Medium,274232,2023-09-26,Ultrasonic,43.554533,-116.30572
PIPE-0386,Sewer,Eastman St,North End,Vitrified Clay,30,1980,18.6,1934,92,5,5,70.7,High,354948,2023-07-02,Manhole Inspection,43.638071,-116.17
PIPE-0387,Stormwater,Victory Rd,Southeast,Concrete,30,602,5.9,1972,54,59,1,89.1,Low,147211,2024-11-29,Flow Monitoring,43.568532,-116.188266
PIPE-0388,Water,Victory Rd,Southwest,Cast Iron,4,478,3.4,1955,71,26,9,,High,56849,2024-09-14,Acoustic Leak Detection,43.567072,-116.312184
PIPE-0389,Water,Cole Rd,West Boise,PVC,6,732,5.6,1992,34,31,0,,Low,65983,2025-06-30,Ultrasonic,43.615077,-116.254417
PIPE-0390,Stormwater,Overland Rd,Southeast,Corrugated Metal,36,1254,7.0,1982,44,33,5,49.7,Medium,237874,2023-03-01,Visual,43.585972,-116.2
PIPE-0391,Water,McMillan Rd,West Boise,Ductile Iron,8,2215,4.7,2010,16,28,1,,Critical,388333,2024-07-07,Ultrasonic,43.640651,-116.306749
PIPE-0392,Sewer,Capitol Blvd,Downtown,Concrete,10,203,19.0,1956,70,36,1,59.6,Medium,58420,2023-06-23,Flow Monitoring,43.626,-116.200012
PIPE-0393,Water,Franklin Rd,West Boise,PVC,30,1125,6.3,1989,37,88,1,,High,575989,2025-05-31,Pressure Test,43.60402,-116.253668
PIPE-0394,Water,Curtis Rd,Southwest,Ductile Iron,6,2082,3.8,1976,50,62,2,,High,441147,2023-11-28,Ultrasonic,43.6,-116.22326
PIPE-0395,Water,Myrtle St,Downtown,Asbestos Cement,24,976,5.9,1965,61,18,4,,High,128764,2023-05-27,Acoustic Leak Detection,43.60484,-116.22
PIPE-0396,Water,Front St,Downtown,Cast Iron,4,1583,3.5,1946,80,44,5,,High,245139,2024-08-12,Acoustic Leak Detection,43.607727,-116.22
PIPE-0397,Sewer,Front St,Downtown,Vitrified Clay,24,278,19.0,1934,92,21,13,60.8,Low,45363,2023-05-13,Smoke Test,43.605827,-116.175
PIPE-0398,Water,Fairview Ave,West Boise,Ductile Iron,6,667,3.9,1989,37,66,2,,Medium,163595,2022-11-11,Visual,43.615983,-116.271066
PIPE-0399,Water,Boise Ave,East Bench,Cast Iron,4,910,3.6,1968,58,41,3,,Critical,158666,2025-05-12,Ultrasonic,43.599013,-116.175
PIPE-0400,Stormwater,Hill Rd,North End,Concrete,48,530,13.6,1926,100,43,3,86.2,Medium,227961,2024-10-06,Visual,43.657038,-116.23
PIPE-0401,Stormwater,Overland Rd,Southeast,Corrugated Metal,48,1887,11.6,1988,38,58,3,60.7,High,851841,2023-07-29,CCTV,43.586436,-116.2
PIPE-0402,Water,Victory Rd,Southwest,Cast Iron,10,681,5.5,1970,56,11,8,,High,138933,2025-08-16,Visual,43.57292,-116.241857
PIPE-0403,Sewer,9th St,Downtown,Vitrified Clay,42,2143,6.1,1934,92,6,7,68.4,Medium,816590,2023-05-19,CCTV,43.612801,-116.201041
PIPE-0404,Sewer,8th St,Downtown,Vitrified Clay,30,920,6.4,1928,98,5,7,70.6,Medium,470242,2024-02-04,Smoke Test,43.6,-116.199826
PIPE-0405,Water,9th St,Downtown,Cast Iron,10,601,3.8,1945,81,27,4,,High,134441,2023-05-16,Visual,43.6,-116.199524
PIPE-0406,Stormwater,Cole Rd,Southwest,Corrugated Metal,18,2074,4.5,1978,48,52,4,49.0,Low,210311,2023-05-08,Dye Test,43.589586,-116.255208
PIPE-0407,Water,Broadway Ave,Downtown,PVC,10,1408,5.6,1976,50,55,0,,Low,452560,2023-03-07,Visual,43.620291,-116.186263
PIPE-0408,Stormwater,Cole Rd,West Boise,HDPE,48,1343,8.2,2015,11,56,0,30.2,Medium,669833,2025-11-22,Dye Test,43.6,-116.256431
PIPE-0409,Sewer,Front St,Downtown,Vitrified Clay,24,2265,21.0,1927,99,16,4,99.4,Critical,604388,2023-08-23,Smoke Test,43.603202,-116.20251
PIPE-0410,Sewer,Jefferson St,Downtown,Vitrified Clay,15,1179,11.1,1947,79,38,5,74.1,Medium,512649,2025-02-22,Flow Monitoring,43.616886,-116.22
PIPE-0411,Sewer,Harrison Blvd,North End,Concrete,42,2101,12.7,1948,78,50,2,50.4,Medium,872773,2022-11-18,Smoke Test,43.659312,-116.202992
PIPE-0412,Sewer,Cloverdale Rd,West Boise,Ductile Iron,36,1575,18.5,1990,36,58,0,33.1,High,667054,2024-12-09,CCTV,43.638861,-116.338671
PIPE-0413,Sewer,Victory Rd,Southwest,Orangeburg,10,1571,23.8,1968,58,33,1,44.4,High,271598,2023-12-11,Manhole Inspection,43.568432,-116.310915
PIPE-0414,Sewer,Overland Rd,Southwest,Ductile Iron,15,423,15.5,1982,44,48,1,90.2,Medium,171206,2023-11-10,CCTV,43.58538,-116.282382
PIPE-0415,Water,Fort St,North End,Cast Iron,6,528,6.8,1954,72,17,4,,High,47732,2025-10-17,Pressure Test,43.637344,-116.23
PIPE-0416,Water,Gowen Rd,Southeast,HDPE,8,2141,5.6,2019,7,59,0,,Medium,594209,2023-08-12,Pressure Test,43.54208,-116.162491
PIPE-0417,Water,State St,West Boise,Ductile Iron,24,2371,4.2,2005,21,42,0,,Medium,407484,2025-08-28,Visual,43.639051,-116.284379
PIPE-0418,Sewer,Vista Ave,Southeast,Concrete,24,881,8.6,1973,53,40,5,64.3,High,553411,2025-04-07,CCTV,43.58449,-116.2
PIPE-0419,Water,Boise Ave,East Bench,Asbestos Cement,24,1266,5.8,1963,63,39,4,,High,206516,2025-03-29,Acoustic Leak Detection,43.599218,-116.175
PIPE-0420,Sewer,Milwaukee St,Southeast,PVC,10,2076,15.9,1986,40,83,0,65.5,Low,425848,2025-02-04,Flow Monitoring,43.595,-116.2
PIPE-0421,Sewer,Shaw Mountain Rd,East Bench,Concrete,48,2161,11.2,1962,64,59,1,49.1,Critical,1251325,2024-10-29,Smoke Test,43.621007,-116.169423
PIPE-0422,Sewer,Warm Springs Ave,East Bench,Vitrified Clay,6,542,6.7,1937,89,47,5,78.5,Low,100933,2023-11-24,Flow Monitoring,43.60823,-116.169363
PIPE-0423,Water,Fairview Ave,Downtown,Cast Iron,16,1781,4.4,1952,74,5,5,,Low,206755,2023-06-10,Pressure Test,43.615237,-116.217228
PIPE-0424,Water,Broadway Ave,Downtown,Ductile Iron,20,771,3.6,1982,44,62,2,,High,212079,2023-10-25,Acoustic Leak Detection,43.626,-116.187412
PIPE-0425,Water,Main St,Downtown,Cast Iron,12,1897,5.3,1951,75,29,7,,Low,578047,2024-03-24,Pressure Test,43.613049,-116.20303
PIPE-0426,Stormwater,McMillan Rd,West Boise,Reinforced Concrete Box,48,1119,13.0,2020,6,37,0,15.5,High,534422,2023-03-01,Visual,43.640161,-116.349804
PIPE-0427,Stormwater,Capitol Blvd,Downtown,Concrete,30,2219,9.8,1932,94,61,1,39.5,Low,514119,2025-04-02,Flow Monitoring,43.626,-116.2036
PIPE-0428,Stormwater,Chinden Blvd,West Boise,HDPE,12,1263,4.6,2021,5,74,0,43.0,Low,176450,2023-12-04,CCTV,43.650977,-116.345319
PIPE-0429,Sewer,Federal Way,East Bench,Concrete,30,514,6.9,1973,53,56,0,43.3,Medium,355392,2024-03-26,Manhole Inspection,43.597083,-116.136685
PIPE-0430,Sewer,Cloverdale Rd,West Boise,PVC,8,2388,15.4,2008,18,72,0,71.4,High,496203,2025-01-20,Smoke Test,43.626404,-116.33406
PIPE-0431,Water,Fort St,North End,Cast Iron,36,2353,5.8,1960,66,15,3,,Critical,1324750,2023-12-20,Pressure Test,43.640076,-116.187996
PIPE-0432,Water,Ten Mile Rd,West Boise,Ductile Iron,8,2010,6.1,2008,18,34,0,,Low,155238,2025-02-14,Visual,43.646178,-116.315414
PIPE-0433,Water,Parkcenter Blvd,East Bench,Cast Iron,10,733,6.1,1963,63,28,6,,Critical,145210,2023-01-16,Acoustic Leak Detection,43.626,-116.175
PIPE-0434,Sewer,Maple Grove Rd,Southwest,Vitrified Clay,15,377,20.6,1962,64,33,5,43.9,Medium,189220,2025-05-31,Smoke Test,43.5403,-116.274994
PIPE-0435,Sewer,Warm Springs Ave,East Bench,Vitrified Clay,18,1642,9.8,1962,64,20,5,100.0,High,641823,2024-11-05,Manhole Inspection,43.605963,-116.164949
PIPE-0436,Sewer,Broadway Ave,Downtown,Concrete,6,604,14.5,1989,37,34,0,82.4,Low,182961,2023-10-17,Flow Monitoring,43.626,-116.185477
PIPE-0437,Stormwater,Parkcenter Blvd,East Bench,PVC,24,1869,4.6,1987,39,72,0,79.7,Critical,421577,2024-01-31,Dye Test,43.58,-116.175
PIPE-0438,Sewer,9th St,Downtown,Vitrified Clay,15,2071,13.9,1949,77,14,7,93.3,Critical,998096,2023-04-03,Manhole Inspection,43.621031,-116.200128
PIPE-0439,Stormwater,Warm Springs Ave,East Bench,Concrete,48,630,7.7,1925,101,10,1,67.1,Critical,263222,2024-10-21,Flow Monitoring,43.607378,-116.163187
PIPE-0440,Water,Fort St,North End,Asbestos Cement,20,702,5.0,1963,63,29,5,,Medium,209163,2023-12-04,Ultrasonic,43.636397,-116.211024
PIPE-0441,Water,Eagle Rd,West Boise,Ductile Iron,24,2294,3.4,2010,16,44,1,,Critical,778899,2025-07-16,Ultrasonic,43.607311,-116.352392
PIPE-0442,Sewer,Cloverdale Rd,West Boise,PVC,10,1767,17.5,1986,40,37,0,36.2,Medium,511547,2024-04-10,Flow Monitoring,43.628367,-116.337038
PIPE-0443,Water,Cole Rd,Southwest,PVC,12,2421,5.2,1987,39,100,0,,Medium,475023,2023-10-24,Ultrasonic,43.559489,-116.253842
PIPE-0444,Sewer,Five Mile Rd,Southwest,Vitrified Clay,6,924,19.1,1957,69,32,8,86.2,High,292683,2023-03-04,Flow Monitoring,43.579533,-116.292838
PIPE-0445,Water,Maple Grove Rd,Southwest,PVC,8,2275,5.4,1990,36,75,0,,Medium,574468,2025-03-15,Pressure Test,43.54,-116.27742
PIPE-0446,Sewer,Vista Ave,Southeast,Concrete,42,1597,13.2,1956,70,50,3,92.6,Critical,588195,2025-07-21,Manhole Inspection,43.565446,-116.2
PIPE-0447,Water,9th St,Downtown,Cast Iron,8,280,5.6,1946,80,20,5,,Critical,47731,2024-02-23,Ultrasonic,43.616073,-116.201776
PIPE-0448,Water,Amity Rd,Southwest,Ductile Iron,16,600,5.7,2009,17,39,1,,Medium,192544,2023-06-24,Visual,43.55485,-116.306995
PIPE-0449,Sewer,Cole Rd,Southwest,Vitrified Clay,30,1076,13.0,1959,67,48,6,41.8,Critical,226655,2024-01-13,Manhole Inspection,43.554988,-116.258715
PIPE-0450,Sewer,Idaho St,Downtown,Vitrified Clay,30,2146,21.5,1961,65,36,5,60.9,High,1207531,2024-07-06,Flow Monitoring,43.613563,-116.214215
PIPE-0451,Sewer,Eagle Rd,West Boise,PVC,10,276,15.0,2020,6,93,0,46.3,Medium,123296,2023-06-28,CCTV,43.635228,-116.353903
PIPE-0452,Water,Orchard St,Southwest,Ductile Iron,16,2094,5.7,1967,59,25,3,,High,389401,2023-08-11,Pressure Test,43.556819,-116.234097
PIPE-0453,Stormwater,Milwaukee St,Southeast,Reinforced Concrete Box,30,1167,12.9,1965,61,53,1,65.7,Medium,256754,2025-09-18,Visual,43.557469,-116.2
PIPE-0454,Water,Broadway Ave,Downtown,Ductile Iron,8,319,5.6,1972,54,60,2,,Low,95507,2025-06-14,Pressure Test,43.6,-116.186179
PIPE-0455,Water,Ustick Rd,West Boise,Ductile Iron,6,1867,6.5,2004,22,61,0,,Medium,470829,2025-03-30,Pressure Test,43.635381,-116.286266
PIPE-0456,Water,Cole Rd,Southwest,Cast Iron,10,700,6.3,1960,66,31,3,,High,184811,2024-09-20,Pressure Test,43.593855,-116.25712
PIPE-0457,Sewer,Victory Rd,Southeast,Concrete,15,429,11.3,1981,45,71,1,67.0,Low,226943,2023-11-20,Flow Monitoring,43.569942,-116.2
PIPE-0458,Sewer,Cole Rd,West Boise,PVC,15,286,19.8,2008,18,87,0,69.4,High,145577,2023-10-07,Manhole Inspection,43.636632,-116.253569
PIPE-0459,Stormwater,Maple Grove Rd,Southwest,Concrete,60,1168,14.7,1962,64,74,2,69.0,Critical,616478,2024-09-28,Visual,43.6,-116.276669
PIPE-0460,Stormwater,Amity Rd,Southwest,Reinforced Concrete Box,42,338,11.8,2005,21,31,0,13.5,Low,90068,2025-05-11,Visual,43.551644,-116.308592
PIPE-0461,Stormwater,Broadway Ave,Southeast,Reinforced Concrete Box,15,1641,11.3,1987,39,53,2,49.3,Medium,169765,2025-02-27,CCTV,43.56167,-116.186625
PIPE-0462,Sewer,Milwaukee St,Southeast,Concrete,42,1451,15.3,1967,59,50,2,60.0,Medium,1117275,2024-02-17,Flow Monitoring,43.550098,-116.2
PIPE-0463,Sewer,Maple Grove Rd,Southwest,Concrete,15,910,9.0,1963,63,29,1,67.3,Low,446906,2024-08-30,CCTV,43.589997,-116.274039
PIPE-0464,Sewer,Capitol Blvd,Downtown,Vitrified Clay,42,1136,19.0,1960,66,10,5,87.4,Critical,586138,2023-11-10,Smoke Test,43.626,-116.198155
PIPE-0465,Sewer,Amity Rd,Southwest,Ductile Iron,6,2353,18.5,1992,34,71,2,5.0,Low,340004,2024-04-22,Flow Monitoring,43.552611,-116.241401
PIPE-0466,Water,Overland Rd,Southeast,Cast Iron,20,1046,4.1,1963,63,22,5,,High,246828,2023-05-24,Visual,43.5886,-116.155383
PIPE-0467,Water,Broadway Ave,Southeast,Ductile Iron,6,242,6.9,1984,42,53,3,,Critical,36422,2022-10-19,Acoustic Leak Detection,43.565511,-116.185771
PIPE-0468,Stormwater,Bannock St,Downtown,Concrete,24,2128,10.2,1946,80,35,1,94.1,Medium,313124,2024-03-23,Dye Test,43.615449,-116.175
PIPE-0469,Stormwater,Maple Grove Rd,Southwest,Corrugated Metal,60,368,13.5,1963,63,17,6,66.2,Critical,144368,2025-04-07,Flow Monitoring,43.581439,-116.277438
PIPE-0470,Stormwater,Front St,Downtown,Concrete,48,1350,10.4,1933,93,49,0,66.0,Medium,335477,2024-02-25,Dye Test,43.607487,-116.175
PIPE-0471,Water,Fairview Ave,Downtown,Cast Iron,24,417,3.7,1960,66,23,3,,High,116898,2023-06-12,Pressure Test,43.614134,-116.22
PIPE-0472,Water,Cole Rd,West Boise,HDPE,24,2074,6.5,2020,6,46,0,,High,886828,2024-05-23,Visual,43.624439,-116.253925
PIPE-0473,Water,Fairview Ave,West Boise,Ductile Iron,30,939,6.1,1985,41,43,0,,High,125821,2025-04-29,Pressure Test,43.615499,-116.328853
PIPE-0474,Water,Fairview Ave,Downtown,Cast Iron,6,2085,4.8,1926,100,40,4,,Low,139455,2024-02-06,Visual,43.617984,-116.187237
PIPE-0475,Stormwater,Parkcenter Blvd,East Bench,Corrugated Metal,30,1523,4.1,1958,68,8,3,53.5,Medium,484251,2025-10-21,Visual,43.620852,-116.175
PIPE-0476,Sewer,Broadway Ave,Downtown,Concrete,21,1367,11.0,1979,47,54,0,34.3,Medium,813670,2023-11-28,CCTV,43.623773,-116.185273
PIPE-0477,Sewer,Broadway Ave,Southeast,PVC,12,2205,17.0,1987,39,81,0,76.5,Medium,545284,2025-05-26,CCTV,43.563635,-116.188671
PIPE-0478,Water,Overland Rd,Southwest,Ductile Iron,24,1118,6.7,1976,50,41,2,,Medium,156110,2024-03-27,Visual,43.588886,-116.252909
PIPE-0479,Sewer,Jefferson St,Downtown,Concrete,12,2342,23.3,1944,82,40,5,92.5,Low,621116,2024-07-02,Manhole Inspection,43.615566,-116.195517
PIPE-0480,Sewer,Eastman St,North End,Concrete,8,2262,20.7,1962,64,5,3,51.6,Medium,530485,2023-05-16,Flow Monitoring,43.638098,-116.183759
PIPE-0481,Water,McMillan Rd,West Boise,Ductile Iron,16,966,6.9,2001,25,45,0,,Critical,213274,2023-03-31,Ultrasonic,43.641266,-116.343742
PIPE-0482,Stormwater,Overland Rd,Southwest,Corrugated Metal,30,1677,4.1,1986,40,35,4,22.3,Low,555342,2024-11-12,CCTV,43.589144,-116.232949
PIPE-0483,Sewer,Hill Rd,North End,Vitrified Clay,42,794,20.8,1955,71,38,3,86.0,Critical,430509,2024-12-27,Smoke Test,43.660898,-116.220137
PIPE-0484,Water,Ten Mile Rd,West Boise,HDPE,24,2131,4.0,2013,13,64,1,,Medium,538385,2023-07-02,Ultrasonic,43.6,-116.316303
PIPE-0485,Water,Cole Rd,Southwest,Ductile Iron,12,351,5.4,1990,36,43,0,,Medium,105477,2023-07-22,Pressure Test,43.571,-116.256083
PIPE-0486,Sewer,Victory Rd,Southwest,Concrete,15,1908,17.9,1959,67,65,1,40.2,Medium,342183,2023-06-19,Smoke Test,43.572335,-116.310645
PIPE-0487,Water,Overland Rd,Southwest,Asbestos Cement,36,1589,5.9,1969,57,37,2,,Medium,752167,2023-11-26,Ultrasonic,43.59053,-116.241724
PIPE-0488,Stormwater,Hill Rd,North End,Concrete,24,1356,4.9,1964,62,68,0,90.4,Medium,441086,2024-08-09,Visual,43.661144,-116.23
PIPE-0489,Sewer,Victory Rd,Southwest,Vitrified Clay,6,1669,21.6,1958,68,25,3,43.6,Medium,171710,2025-03-30,Smoke Test,43.572285,-116.291436
PIPE-0490,Water,Cole Rd,Southwest,Asbestos Cement,16,1655,5.2,1971,55,5,4,,Critical,585548,2023-06-20,Ultrasonic,43.59355,-116.254379
PIPE-0491,Stormwater,Broadway Ave,Downtown,Concrete,72,617,13.5,1961,65,16,2,62.5,High,199543,2023-01-31,Dye Test,43.626,-116.190748
PIPE-0492,Sewer,Franklin Rd,West Boise,Ductile Iron,10,1689,13.8,1991,35,19,1,5.0,Medium,314557,2023-02-02,Smoke Test,43.606008,-116.318978
PIPE-0493,Stormwater,Jefferson St,Downtown,Concrete,36,1899,8.1,1942,84,72,0,50.0,Medium,452535,2023-05-08,Flow Monitoring,43.615164,-116.1878
PIPE-0494,Water,Capitol Blvd,Downtown,Asbestos Cement,8,240,3.3,1953,73,20,3,,Critical,60939,2025-01-27,Acoustic Leak Detection,43.626,-116.200896
PIPE-0495,Water,Chinden Blvd,West Boise,HDPE,12,1917,5.2,2018,8,93,0,,Medium,623968,2025-02-05,Ultrasonic,43.652412,-116.29553
PIPE-0496,Sewer,Victory Rd,Southeast,Vitrified Clay,30,2011,13.1,1968,58,18,4,87.6,Medium,355491,2025-03-19,Manhole Inspection,43.571185,-116.163986
PIPE-0497,Water,Hill Rd,North End,Cast Iron,30,2460,5.5,1930,96,22,7,,High,855351,2023-07-21,Acoustic Leak Detection,43.658874,-116.227743
PIPE-0498,Stormwater,Bannock St,Downtown,Concrete,30,2278,6.6,1948,78,51,1,87.6,Low,865665,2022-10-01,Visual,43.612127,-116.22
PIPE-0499,Stormwater,Five Mile Rd,Southwest,Corrugated Metal,30,773,10.0,1974,52,43,4,78.7,Low,93588,2023-08-12,CCTV,43.592148,-116.294882
PIPE-0500,Sewer,Myrtle St,Downtown,Vitrified Clay,21,732,15.5,1928,98,35,5,69.6,Medium,239766,2023-07-19,Flow Monitoring,43.606858,-116.204307
