work_order_id,segment_id,system_type,district,work_order_type,status,priority,created_date,completed_date,crew_assigned,estimated_hours,actual_hours,estimated_cost_usd,actual_cost_usd,source,lat,lon
WO-00001,PIPE-0437,Water,North End,Service Line Repair,Completed,Emergency,2024-06-09,2024-10-05,Crew-W1,38.2,114.3,76414,158205.0,SCADA Alert,43.63475555499782,-116.20062851557321
WO-00002,PIPE-0100,Stormwater,Southeast,Pipe Repair,Completed,Urgent,2024-11-08,2024-12-17,Crew-S5,43.3,36.7,80496,7834.0,Citizen Report,43.5523941629114,-116.19936174986155
WO-00003,PIPE-0192,Sewer,Downtown,Line Clearing,Open,Routine,2025-05-15,,Crew-S1,87.3,,109964,,Scheduled PM,43.61312911818358,-116.17486847204786
WO-00004,PIPE-0004,Water,West Boise,Service Line Repair,Deferred,Urgent,2024-12-11,,Crew-W2,51.5,,121331,,Scheduled PM,43.64717944148971,-116.25379103481814
WO-00005,PIPE-0288,Stormwater,West Boise,Outfall Repair,Open,Scheduled,2024-11-29,,Crew-S4,24.8,,104150,,Citizen Report,43.609698988901584,-116.33475484101585
WO-00006,PIPE-0414,Water,Southeast,Main Flush,Completed,Emergency,2025-03-29,2025-06-20,Crew-W5,63.8,12.4,185940,43914.0,Citizen Report,43.54220208871015,-116.1632434367773
WO-00007,PIPE-0108,Stormwater,Southwest,Pipe Repair,Open,Emergency,2025-07-26,,Crew-S5,53.1,,197254,,Scheduled PM,43.55165227760233,-116.23756067185926
WO-00008,PIPE-0372,Water,West Boise,Main Break Repair,In Progress,Routine,2025-11-05,,Crew-W2,26.0,,185473,,Emergency Call,43.60820845893867,-116.35269315795175
WO-00009,PIPE-0223,Stormwater,North End,Catch Basin Cleaning,Completed,Routine,2025-09-13,2025-11-04,Crew-S4,19.7,71.5,6806,129336.0,Emergency Call,43.676628764870735,-116.20010964441366
WO-00010,PIPE-0216,Sewer,East Bench,Pipe Lining (CIPP),Open,Urgent,2024-04-27,,Crew-S3,16.1,,67492,,SCADA Alert,43.601561454741635,-116.14795067054499
WO-00011,PIPE-0120,Sewer,Downtown,Line Clearing,In Progress,Routine,2025-11-25,,Crew-S2,4.7,,15835,,Citizen Report,43.61149387942247,-116.22035991707232
WO-00012,PIPE-0140,Sewer,Southeast,Line Clearing,Completed,Emergency,2025-02-26,2025-04-01,Crew-S2,25.5,46.3,157001,217487.0,Emergency Call,43.55752498223515,-116.18688675745284
WO-00013,PIPE-0416,Water,Southeast,Main Break Repair,Deferred,Routine,2025-05-31,,Crew-W1,33.2,,145497,,Scheduled PM,43.58362091642386,-116.20094218712438
WO-00014,PIPE-0437,Water,North End,Main Break Repair,In Progress,Routine,2025-10-10,,Crew-W5,96.4,,177472,,SCADA Alert,43.63420263219182,-116.19975458509988
WO-00015,PIPE-0427,Water,East Bench,Main Flush,Completed,Urgent,2024-05-08,2024-07-20,Crew-W2,38.6,50.0,44589,22496.0,Inspection,43.59715807125963,-116.13683749508677
WO-00016,PIPE-0152,Stormwater,Downtown,Catch Basin Cleaning,Deferred,Emergency,2025-07-22,,Crew-S4,96.2,,163220,,Citizen Report,43.61552011769814,-116.21773023665189
WO-00017,PIPE-0198,Water,Southwest,Hydrant Repair,Deferred,Routine,2024-03-02,,Crew-W6,39.3,,92622,,Inspection,43.60017031833292,-116.22914434315679
WO-00018,PIPE-0396,Sewer,West Boise,Bypass Pumping,In Progress,Emergency,2024-02-16,,Crew-S3,10.8,,183589,,SCADA Alert,43.616643996215636,-116.27061585243743
WO-00019,PIPE-0079,Water,East Bench,Valve Replacement,Deferred,Routine,2024-10-13,,Crew-W6,94.7,,167005,,Citizen Report,43.60020528069581,-116.1745844918124
WO-00020,PIPE-0165,Sewer,Downtown,Bypass Pumping,In Progress,Routine,2024-10-06,,Crew-S3,22.6,,157658,,Citizen Report,43.613547749232325,-116.21961630987921
WO-00021,PIPE-0209,Sewer,North End,Pipe Lining (CIPP),Open,Scheduled,2025-10-23,,Crew-S1,90.3,,176845,,Inspection,43.62582632606559,-116.19859946364556
WO-00022,PIPE-0214,Water,North End,Service Line Repair,Deferred,Emergency,2025-12-21,,Crew-W6,65.8,,141703,,SCADA Alert,43.677266144386174,-116.1855508868015
WO-00023,PIPE-0282,Stormwater,East Bench,Culvert Clearing,Open,Scheduled,2025-03-31,,Crew-S5,37.1,,46948,,SCADA Alert,43.60952052772949,-116.1470210387175
WO-00024,PIPE-0392,Sewer,Southwest,Line Clearing,Deferred,Urgent,2024-07-16,,Crew-S6,3.9,,74197,,Citizen Report,43.59938302335277,-116.2226274383519
WO-00025,PIPE-0238,Sewer,West Boise,CCTV Inspection,Completed,Routine,2025-10-02,2026-01-14,Crew-S1,29.5,86.7,185061,61909.0,Emergency Call,43.65129117264269,-116.34239082641197
WO-00026,PIPE-0155,Water,North End,Main Break Repair,Deferred,Routine,2025-10-15,,Crew-W5,51.0,,45189,,Emergency Call,43.62607554051417,-116.2049773703449
WO-00027,PIPE-0412,Stormwater,Southeast,Catch Basin Cleaning,In Progress,Urgent,2025-11-19,,Crew-S6,8.4,,68558,,Emergency Call,43.58778195791799,-116.1953399938137
WO-00028,PIPE-0319,Sewer,Downtown,Bypass Pumping,In Progress,Emergency,2024-10-07,,Crew-S6,68.4,,161576,,Citizen Report,43.60036136070729,-116.20299679612782
WO-00029,PIPE-0201,Stormwater,Southeast,Catch Basin Cleaning,Deferred,Routine,2024-01-03,,Crew-S4,84.7,,107160,,Citizen Report,43.539786435392976,-116.13335540946159
WO-00030,PIPE-0436,Water,Downtown,Main Flush,Completed,Urgent,2025-05-22,2025-07-28,Crew-W1,29.2,91.6,110616,232183.0,Emergency Call,43.62092872299404,-116.20111768143178
WO-00031,PIPE-0132,Sewer,Downtown,Line Clearing,Completed,Urgent,2024-07-18,2024-07-29,Crew-S6,43.5,105.9,20014,212226.0,Inspection,43.61696475363535,-116.21353855073298
WO-00032,PIPE-0069,Water,East Bench,Main Break Repair,Open,Scheduled,2024-03-05,,Crew-W4,81.2,,155828,,Citizen Report,43.59131101516739,-116.13684569286782
WO-00033,PIPE-0089,Water,North End,Hydrant Repair,In Progress,Emergency,2025-04-29,,Crew-W3,52.9,,62560,,SCADA Alert,43.643112498943566,-116.19031986688877
WO-00034,PIPE-0497,Water,Downtown,Leak Repair,Deferred,Emergency,2024-04-07,,Crew-W1,97.5,,9240,,Scheduled PM,43.599626558868444,-116.19688361571077
WO-00035,PIPE-0456,Water,West Boise,Main Break Repair,In Progress,Scheduled,2024-03-07,,Crew-W1,31.5,,164650,,Scheduled PM,43.635763580518216,-116.25321387108505
WO-00036,PIPE-0359,Stormwater,West Boise,Culvert Clearing,Open,Scheduled,2025-07-26,,Crew-S4,11.4,,197622,,Scheduled PM,43.63679722396804,-116.3183038482935
WO-00037,PIPE-0304,Water,Southeast,Service Line Repair,Open,Scheduled,2025-11-06,,Crew-W4,79.9,,163084,,Emergency Call,43.56898555585521,-116.15817015714751
WO-00038,PIPE-0282,Stormwater,East Bench,Detention Pond Maintenance,Open,Routine,2025-11-22,,Crew-S5,20.9,,27419,,SCADA Alert,43.61046135021533,-116.14762691105567
WO-00039,PIPE-0418,Sewer,Southeast,Bypass Pumping,In Progress,Routine,2024-07-17,,Crew-S3,43.3,,190455,,Emergency Call,43.59488924862721,-116.20051369504425
WO-00040,PIPE-0152,Stormwater,Downtown,Pipe Repair,Open,Routine,2024-02-15,,Crew-S5,44.7,,171340,,Citizen Report,43.614836376480454,-116.21629455617993
WO-00041,PIPE-0394,Water,Downtown,Service Line Repair,In Progress,Routine,2024-05-29,,Crew-W5,35.6,,97186,,SCADA Alert,43.6077623611795,-116.21968464638772
WO-00042,PIPE-0356,Sewer,North End,Root Removal,Open,Emergency,2024-05-28,,Crew-S4,35.7,,53026,,Inspection,43.63835952761418,-116.18157789615266
WO-00043,PIPE-0065,Stormwater,Downtown,Detention Pond Maintenance,Deferred,Routine,2025-11-14,,Crew-S5,57.5,,88491,,Emergency Call,43.60743326318256,-116.20639776190158
WO-00044,PIPE-0053,Stormwater,Southwest,Catch Basin Cleaning,Deferred,Scheduled,2024-04-17,,Crew-S2,92.2,,167948,,Inspection,43.555723441115,-116.25630392648495
WO-00045,PIPE-0341,Water,Southeast,Service Line Repair,In Progress,Routine,2024-08-06,,Crew-W6,38.8,,105439,,Inspection,43.540652168646304,-116.17064254922303
WO-00046,PIPE-0337,Sewer,Downtown,Manhole Repair,Open,Emergency,2024-01-11,,Crew-S5,13.3,,76672,,Scheduled PM,43.59938880688893,-116.20154462721514
WO-00047,PIPE-0212,Sewer,Downtown,Line Clearing,Open,Urgent,2025-01-03,,Crew-S2,29.8,,57895,,Citizen Report,43.619130673347804,-116.17532036501396
WO-00048,PIPE-0296,Sewer,Southwest,Root Removal,In Progress,Urgent,2025-07-21,,Crew-S1,19.3,,69126,,SCADA Alert,43.56816298752093,-116.24810009524201
WO-00049,PIPE-0368,Sewer,Southwest,Manhole Repair,Open,Urgent,2025-01-23,,Crew-S3,46.7,,97399,,Citizen Report,43.57334881743043,-116.29500867648865
WO-00050,PIPE-0248,Water,West Boise,Main Flush,Deferred,Emergency,2025-09-30,,Crew-W1,16.2,,34787,,Inspection,43.639442362584305,-116.35353460894122
WO-00051,PIPE-0313,Water,Southwest,Valve Replacement,Completed,Emergency,2025-01-18,2025-04-05,Crew-W5,59.6,52.7,140869,167261.0,Citizen Report,43.56314817557878,-116.22459463879098
WO-00052,PIPE-0145,Water,North End,Leak Repair,Completed,Scheduled,2024-02-24,2024-06-15,Crew-W2,73.3,16.9,123882,133739.0,Emergency Call,43.67636074608194,-116.17839277238923
WO-00053,PIPE-0299,Water,Southwest,Hydrant Repair,Completed,Routine,2025-10-22,2025-12-25,Crew-W5,70.1,63.2,188103,47423.0,Scheduled PM,43.587690516311234,-116.30020862663005
WO-00054,PIPE-0104,Sewer,North End,Root Removal,Open,Urgent,2025-10-15,,Crew-S2,46.3,,61942,,Scheduled PM,43.64977318745271,-116.20105795429086
WO-00055,PIPE-0376,Water,West Boise,Hydrant Repair,In Progress,Routine,2025-01-21,,Crew-W5,10.3,,197533,,SCADA Alert,43.64213509603328,-116.28435635855891
WO-00056,PIPE-0224,Sewer,North End,CCTV Inspection,Open,Routine,2024-08-23,,Crew-S4,46.2,,113878,,Scheduled PM,43.65219502388305,-116.1989199138767
WO-00057,PIPE-0100,Stormwater,Southeast,Catch Basin Cleaning,Deferred,Urgent,2024-10-06,,Crew-S4,24.9,,169675,,SCADA Alert,43.55268118587037,-116.20083516297795
WO-00058,PIPE-0216,Sewer,East Bench,Manhole Repair,Open,Urgent,2025-05-28,,Crew-S1,13.6,,94933,,SCADA Alert,43.60234505211997,-116.14918748431687
WO-00059,PIPE-0032,Water,Southeast,Main Flush,Completed,Routine,2025-11-22,2025-12-25,Crew-W2,71.2,37.7,36640,214295.0,Emergency Call,43.595824765060264,-116.2009829322432
WO-00060,PIPE-0129,Water,North End,Service Line Repair,Completed,Emergency,2024-11-02,2025-02-16,Crew-W4,66.1,42.9,39633,106356.0,Scheduled PM,43.63527915698533,-116.19529932821982
WO-00061,PIPE-0248,Water,West Boise,Valve Replacement,Deferred,Scheduled,2024-08-02,,Crew-W6,81.8,,89801,,SCADA Alert,43.639685149666995,-116.3539153068959
WO-00062,PIPE-0285,Sewer,Southwest,Root Removal,Deferred,Scheduled,2025-12-15,,Crew-S4,85.6,,8391,,Citizen Report,43.599277900451085,-116.23167849957848
WO-00063,PIPE-0270,Sewer,Downtown,CCTV Inspection,Open,Routine,2024-11-08,,Crew-S3,24.1,,112099,,Scheduled PM,43.6132646831613,-116.21961896278653
WO-00064,PIPE-0036,Sewer,Downtown,Line Clearing,Completed,Urgent,2024-11-02,2025-01-17,Crew-S2,97.8,4.7,87073,206376.0,Emergency Call,43.617380678614126,-116.17479399442801
WO-00065,PIPE-0045,Water,East Bench,Service Line Repair,Deferred,Urgent,2025-09-14,,Crew-W4,8.2,,101801,,Inspection,43.595786555309246,-116.15181831727467
WO-00066,PIPE-0253,Stormwater,Southeast,Outfall Repair,Completed,Urgent,2025-04-07,2025-04-19,Crew-S1,83.0,22.2,158668,177417.0,Scheduled PM,43.594053677010336,-116.18924500253026
WO-00067,PIPE-0048,Water,Southwest,Leak Repair,Completed,Emergency,2025-01-30,2025-02-26,Crew-W4,7.6,29.5,136429,173402.0,SCADA Alert,43.551986651433694,-116.29953158530525
WO-00068,PIPE-0305,Sewer,East Bench,Root Removal,Deferred,Emergency,2025-02-24,,Crew-S2,54.6,,125870,,SCADA Alert,43.61089898579566,-116.14577582499156
WO-00069,PIPE-0278,Water,Southwest,Valve Replacement,In Progress,Routine,2024-07-30,,Crew-W4,82.2,,174771,,Scheduled PM,43.5993175624997,-116.2769058172322
WO-00070,PIPE-0016,Sewer,Southwest,Pipe Lining (CIPP),In Progress,Scheduled,2024-11-13,,Crew-S3,21.8,,37905,,Scheduled PM,43.5991279400859,-116.25821352617089
WO-00071,PIPE-0434,Stormwater,North End,Detention Pond Maintenance,Completed,Scheduled,2024-09-09,2025-01-04,Crew-S5,5.8,69.2,24382,129201.0,Citizen Report,43.66283759827556,-116.1805242082672
WO-00072,PIPE-0037,Sewer,East Bench,Root Removal,Completed,Scheduled,2024-12-21,2025-02-10,Crew-S2,19.6,74.3,162435,212832.0,Scheduled PM,43.61853565630413,-116.1373963338091
WO-00073,PIPE-0146,Stormwater,Downtown,Detention Pond Maintenance,Open,Emergency,2024-07-06,,Crew-S2,88.8,,41900,,Citizen Report,43.615376111664354,-116.18703052491385
WO-00074,PIPE-0264,Sewer,Downtown,Bypass Pumping,Open,Urgent,2025-11-13,,Crew-S4,42.3,,145419,,SCADA Alert,43.62699063276304,-116.19916493272777
WO-00075,PIPE-0131,Stormwater,West Boise,Pipe Repair,Completed,Emergency,2024-04-17,2024-06-09,Crew-S4,4.6,55.2,167975,66761.0,Scheduled PM,43.64782031113588,-116.3174580851257
WO-00076,PIPE-0200,Sewer,East Bench,Line Clearing,Deferred,Emergency,2024-07-18,,Crew-S3,13.2,,36277,,Citizen Report,43.5977885911438,-116.17507150890701
WO-00077,PIPE-0039,Stormwater,Southwest,Catch Basin Cleaning,Open,Urgent,2025-04-17,,Crew-S6,95.1,,37267,,Scheduled PM,43.59597985337936,-116.29161887493383
WO-00078,PIPE-0399,Sewer,West Boise,Pipe Lining (CIPP),Open,Emergency,2024-06-23,,Crew-S2,30.8,,140656,,Scheduled PM,43.65180890674719,-116.27461021568817
WO-00079,PIPE-0376,Water,West Boise,Valve Replacement,Completed,Emergency,2024-01-12,2024-02-01,Crew-W6,54.2,54.0,116382,47145.0,SCADA Alert,43.6432180022823,-116.28377097634812
WO-00080,PIPE-0263,Water,Southwest,Service Line Repair,Open,Routine,2025-10-18,,Crew-W4,7.1,,1723,,SCADA Alert,43.588766819390436,-116.30210977152309
WO-00081,PIPE-0405,Stormwater,North End,Catch Basin Cleaning,Completed,Scheduled,2024-09-12,2025-01-07,Crew-S1,99.0,30.1,88873,24456.0,Inspection,43.66098191905136,-116.19270965702955
WO-00082,PIPE-0107,Water,Downtown,Main Flush,In Progress,Urgent,2024-04-08,,Crew-W1,42.7,,28728,,Citizen Report,43.607260359151994,-116.17474642713086
WO-00083,PIPE-0412,Stormwater,Southeast,Outfall Repair,In Progress,Scheduled,2025-10-01,,Crew-S4,13.8,,56541,,SCADA Alert,43.58678415265184,-116.19675475688447
WO-00084,PIPE-0408,Sewer,Downtown,Root Removal,Completed,Emergency,2025-02-15,2025-02-17,Crew-S6,81.9,47.9,170879,120765.0,Emergency Call,43.616623959922016,-116.22086533746294
WO-00085,PIPE-0226,Water,North End,Hydrant Repair,Deferred,Scheduled,2024-08-11,,Crew-W1,71.8,,149713,,Inspection,43.63894988030647,-116.18505151086485
WO-00086,PIPE-0405,Stormwater,North End,Pipe Repair,Deferred,Routine,2024-11-28,,Crew-S2,64.3,,180756,,Citizen Report,43.66157804306238,-116.19150325882168
WO-00087,PIPE-0094,Water,Downtown,Service Line Repair,Completed,Scheduled,2024-03-10,2024-03-13,Crew-W5,64.8,73.8,61428,153863.0,Emergency Call,43.606035937094816,-116.18653923827128
WO-00088,PIPE-0376,Water,West Boise,Leak Repair,Open,Emergency,2024-08-26,,Crew-W3,25.2,,112828,,Inspection,43.642784532456986,-116.28527415396688
WO-00089,PIPE-0328,Sewer,Downtown,Manhole Repair,Deferred,Urgent,2025-01-18,,Crew-S2,38.8,,168806,,SCADA Alert,43.5994761279363,-116.19795938315454
WO-00090,PIPE-0394,Water,Downtown,Main Break Repair,Completed,Scheduled,2025-03-30,2025-04-17,Crew-W6,81.6,34.8,197252,169216.0,SCADA Alert,43.60718502004407,-116.21953425374133
WO-00091,PIPE-0444,Water,Southeast,Valve Replacement,In Progress,Emergency,2024-12-16,,Crew-W6,98.9,,180684,,Inspection,43.54300412639536,-116.20023702815888
WO-00092,PIPE-0075,Water,West Boise,Service Line Repair,In Progress,Emergency,2024-11-25,,Crew-W1,87.2,,18846,,Inspection,43.61276321372405,-116.35128497486227
WO-00093,PIPE-0309,Sewer,Southwest,Line Clearing,In Progress,Urgent,2024-07-28,,Crew-S5,55.8,,54075,,Inspection,43.5835468490977,-116.23378452036744
WO-00094,PIPE-0114,Sewer,Downtown,CCTV Inspection,Completed,Urgent,2025-04-23,2025-05-15,Crew-S5,26.4,87.2,75303,64705.0,Emergency Call,43.61750354238474,-116.21972879245577
WO-00095,PIPE-0175,Water,West Boise,Main Break Repair,Deferred,Routine,2024-10-05,,Crew-W4,39.0,,123894,,Scheduled PM,43.61894139451458,-116.33828521155895
WO-00096,PIPE-0227,Sewer,North End,CCTV Inspection,In Progress,Emergency,2025-03-19,,Crew-S4,43.9,,22318,,Citizen Report,43.62619036672319,-116.20095540258215
WO-00097,PIPE-0277,Sewer,Southeast,Manhole Repair,Completed,Scheduled,2024-06-28,2024-08-16,Crew-S5,61.4,56.7,19358,119409.0,Citizen Report,43.570689312698526,-116.19638148303754
WO-00098,PIPE-0019,Water,North End,Main Break Repair,In Progress,Emergency,2024-06-07,,Crew-W5,73.6,,98609,,Scheduled PM,43.639403110521165,-116.23016835966796
WO-00099,PIPE-0376,Water,West Boise,Leak Repair,Completed,Emergency,2025-02-08,2025-03-30,Crew-W4,88.7,59.8,33131,168547.0,Scheduled PM,43.64340925911733,-116.28506927523348
WO-00100,PIPE-0280,Sewer,Downtown,Manhole Repair,Completed,Scheduled,2025-03-22,2025-06-29,Crew-S6,69.5,109.7,183071,189832.0,SCADA Alert,43.62377981266941,-116.18887796248734
WO-00101,PIPE-0061,Water,Downtown,Service Line Repair,In Progress,Emergency,2024-09-09,,Crew-W3,63.8,,177820,,SCADA Alert,43.62639494284489,-116.19961733292585
WO-00102,PIPE-0355,Stormwater,West Boise,Pipe Repair,Deferred,Routine,2024-09-24,,Crew-S2,61.0,,174197,,Inspection,43.60458267477496,-116.28344705562895
WO-00103,PIPE-0037,Sewer,East Bench,CCTV Inspection,Deferred,Emergency,2025-10-21,,Crew-S5,91.2,,111372,,Inspection,43.61927949913005,-116.13871225752919
WO-00104,PIPE-0128,Stormwater,Downtown,Outfall Repair,Deferred,Routine,2024-11-05,,Crew-S6,42.3,,191249,,SCADA Alert,43.625218548143444,-116.1851267766093
WO-00105,PIPE-0067,Water,West Boise,Hydrant Repair,In Progress,Urgent,2024-12-18,,Crew-W6,41.0,,81266,,SCADA Alert,43.65504105098629,-116.2916932212438
WO-00106,PIPE-0317,Sewer,Downtown,Line Clearing,Open,Scheduled,2024-01-02,,Crew-S5,42.9,,76086,,Scheduled PM,43.60300626851225,-116.18979169722256
WO-00107,PIPE-0054,Stormwater,East Bench,Pipe Repair,In Progress,Scheduled,2025-12-21,,Crew-S2,51.3,,29398,,Scheduled PM,43.61063018426833,-116.17557485325358
WO-00108,PIPE-0192,Sewer,Downtown,Bypass Pumping,Open,Urgent,2024-07-24,,Crew-S2,27.4,,107662,,Scheduled PM,43.613236674759165,-116.17475115708844
WO-00109,PIPE-0420,Sewer,East Bench,Line Clearing,In Progress,Routine,2025-10-13,,Crew-S1,39.0,,73051,,SCADA Alert,43.60791430383548,-116.16919170719977
WO-00110,PIPE-0184,Stormwater,West Boise,Catch Basin Cleaning,Deferred,Emergency,2025-05-04,,Crew-S1,28.1,,2394,,Emergency Call,43.63369541433566,-116.30531128131126
WO-00111,PIPE-0042,Water,Southeast,Service Line Repair,Open,Routine,2024-08-04,,Crew-W4,48.4,,88850,,Emergency Call,43.544697907242664,-116.16885542975555
WO-00112,PIPE-0371,Sewer,East Bench,Bypass Pumping,Completed,Scheduled,2024-12-17,2025-04-01,Crew-S4,61.9,30.3,93830,95189.0,Citizen Report,43.61245354041046,-116.17599383067403
WO-00113,PIPE-0276,Water,Southeast,Main Flush,Deferred,Urgent,2025-12-16,,Crew-W1,61.0,,139601,,Citizen Report,43.54090212387889,-116.19949712051726
WO-00114,PIPE-0148,Sewer,East Bench,CCTV Inspection,Completed,Scheduled,2024-09-11,2024-11-08,Crew-S6,20.4,75.0,167767,173220.0,Citizen Report,43.62503326060822,-116.17527958877572
WO-00115,PIPE-0220,Sewer,West Boise,CCTV Inspection,Completed,Scheduled,2024-02-16,2024-05-13,Crew-S6,62.0,54.4,21830,159559.0,Citizen Report,43.61790083256094,-116.26866503306105
WO-00116,PIPE-0397,Water,East Bench,Main Flush,Open,Scheduled,2025-05-02,,Crew-W3,61.5,,187131,,Inspection,43.59975271744656,-116.17424753198665
WO-00117,PIPE-0444,Water,Southeast,Valve Replacement,Open,Scheduled,2025-05-31,,Crew-W1,31.5,,176939,,Emergency Call,43.54376243921678,-116.20006639390934
WO-00118,PIPE-0196,Stormwater,Southeast,Detention Pond Maintenance,Open,Urgent,2025-04-01,,Crew-S2,22.7,,197960,,SCADA Alert,43.568457939354225,-116.19901327705807
WO-00119,PIPE-0086,Water,Southwest,Hydrant Repair,In Progress,Scheduled,2024-01-30,,Crew-W3,23.6,,68035,,Scheduled PM,43.58828500775911,-116.25029579745598
WO-00120,PIPE-0030,Sewer,West Boise,Pipe Lining (CIPP),In Progress,Scheduled,2025-11-12,,Crew-S1,80.0,,87741,,Inspection,43.6165165599103,-116.3173713252266
WO-00121,PIPE-0216,Sewer,East Bench,Bypass Pumping,Open,Routine,2025-09-07,,Crew-S4,91.2,,195264,,Scheduled PM,43.602560839298874,-116.14828483623502
WO-00122,PIPE-0087,Water,Southeast,Valve Replacement,In Progress,Routine,2025-03-23,,Crew-W1,30.5,,29698,,SCADA Alert,43.588786475707956,-116.19981559902523
WO-00123,PIPE-0435,Water,North End,Leak Repair,Open,Routine,2024-07-11,,Crew-W2,85.6,,100165,,Emergency Call,43.65815083578124,-116.1766094021726
WO-00124,PIPE-0080,Water,West Boise,Service Line Repair,In Progress,Scheduled,2025-08-27,,Crew-W3,77.6,,178574,,Inspection,43.6170595027647,-116.30193176472261
WO-00125,PIPE-0031,Stormwater,Southeast,Detention Pond Maintenance,Open,Emergency,2024-08-15,,Crew-S5,85.5,,83318,,Inspection,43.547420295920595,-116.20040635289494
WO-00126,PIPE-0052,Water,West Boise,Main Flush,Deferred,Scheduled,2024-08-12,,Crew-W2,60.9,,38739,,SCADA Alert,43.634625760616544,-116.30710821714642
WO-00127,PIPE-0498,Water,Southeast,Hydrant Repair,Open,Scheduled,2025-12-06,,Crew-W6,83.2,,130267,,Citizen Report,43.59255628095327,-116.20024658274563
WO-00128,PIPE-0291,Water,West Boise,Main Flush,In Progress,Urgent,2024-12-07,,Crew-W6,93.6,,59501,,SCADA Alert,43.65205631570973,-116.29689692252512
WO-00129,PIPE-0113,Stormwater,Downtown,Culvert Clearing,Deferred,Urgent,2025-05-14,,Crew-S1,55.7,,88950,,Scheduled PM,43.61935379737236,-116.18250937140006
WO-00130,PIPE-0445,Stormwater,Downtown,Catch Basin Cleaning,Deferred,Routine,2025-02-04,,Crew-S3,70.2,,51642,,Emergency Call,43.61486054490759,-116.19151419863314
WO-00131,PIPE-0168,Sewer,Downtown,Bypass Pumping,Open,Routine,2025-08-17,,Crew-S4,66.2,,151798,,Inspection,43.60416176748109,-116.19826511656386
WO-00132,PIPE-0246,Sewer,Southeast,Root Removal,In Progress,Urgent,2024-05-28,,Crew-S6,65.8,,95455,,Emergency Call,43.54338089568326,-116.19273700149542
WO-00133,PIPE-0177,Sewer,Downtown,CCTV Inspection,Deferred,Urgent,2024-05-31,,Crew-S1,11.4,,124723,,Inspection,43.609063126393025,-116.22076530630916
WO-00134,PIPE-0438,Water,Southeast,Main Flush,Completed,Scheduled,2025-06-11,2025-08-26,Crew-W2,5.3,53.2,63638,39446.0,Scheduled PM,43.57557425178753,-116.18468003178818
WO-00135,PIPE-0237,Water,West Boise,Main Flush,Deferred,Emergency,2024-06-25,,Crew-W4,86.8,,170975,,Scheduled PM,43.642124432080514,-116.31150160905223
WO-00136,PIPE-0246,Sewer,Southeast,Line Clearing,Open,Emergency,2025-01-11,,Crew-S1,14.0,,168641,,Emergency Call,43.5436268700801,-116.19313429901807
WO-00137,PIPE-0474,Stormwater,Downtown,Culvert Clearing,Deferred,Emergency,2025-08-09,,Crew-S5,19.7,,127427,,Scheduled PM,43.61403672669428,-116.18007952712506
WO-00138,PIPE-0448,Sewer,Downtown,Bypass Pumping,Open,Urgent,2024-11-29,,Crew-S4,81.7,,5676,,Scheduled PM,43.61367512032761,-116.21414216642046
WO-00139,PIPE-0391,Water,West Boise,Main Break Repair,Deferred,Emergency,2025-06-26,,Crew-W2,96.6,,31256,,Inspection,43.60474400688528,-116.25327756822068
WO-00140,PIPE-0340,Sewer,Southwest,Manhole Repair,Deferred,Emergency,2024-01-06,,Crew-S1,14.6,,54561,,Inspection,43.55463364185802,-116.28914347903127
WO-00141,PIPE-0331,Sewer,North End,Line Clearing,Open,Routine,2024-02-05,,Crew-S3,96.7,,45484,,Scheduled PM,43.62695420619764,-116.20866668126452
WO-00142,PIPE-0416,Water,Southeast,Hydrant Repair,Completed,Scheduled,2024-09-11,2024-09-17,Crew-W2,58.6,113.7,182716,136668.0,Citizen Report,43.58453533251987,-116.19902796095614
WO-00143,PIPE-0231,Sewer,East Bench,Bypass Pumping,In Progress,Emergency,2024-12-26,,Crew-S6,82.3,,62654,,SCADA Alert,43.583279147302115,-116.17540058154081
WO-00144,PIPE-0400,Water,Downtown,Leak Repair,In Progress,Urgent,2024-08-08,,Crew-W5,37.2,,34183,,Emergency Call,43.61254903002373,-116.19748430277886
WO-00145,PIPE-0099,Water,Downtown,Main Flush,Deferred,Urgent,2024-09-23,,Crew-W4,46.7,,67131,,Scheduled PM,43.61031239865635,-116.22071351209975
WO-00146,PIPE-0079,Water,East Bench,Main Flush,Open,Routine,2024-07-27,,Crew-W6,70.3,,50996,,Citizen Report,43.5993732843131,-116.17470445777742
WO-00147,PIPE-0140,Sewer,Southeast,CCTV Inspection,In Progress,Urgent,2025-06-07,,Crew-S3,99.3,,114172,,Scheduled PM,43.557103819726294,-116.18669678550673
WO-00148,PIPE-0165,Sewer,Downtown,Pipe Lining (CIPP),Completed,Scheduled,2024-03-20,2024-04-05,Crew-S1,34.3,64.7,23824,179801.0,Citizen Report,43.61533449077841,-116.21944385809789
WO-00149,PIPE-0149,Water,Downtown,Hydrant Repair,In Progress,Emergency,2024-05-29,,Crew-W1,39.0,,58755,,Scheduled PM,43.60090356572129,-116.20225753276267
WO-00150,PIPE-0272,Sewer,North End,Pipe Lining (CIPP),In Progress,Routine,2024-05-06,,Crew-S5,82.5,,128850,,SCADA Alert,43.64376692023762,-116.21402808892852
WO-00151,PIPE-0340,Sewer,Southwest,Root Removal,Completed,Routine,2024-10-15,2025-01-01,Crew-S4,19.7,13.7,194826,13073.0,Emergency Call,43.55556134339134,-116.28789295771418
WO-00152,PIPE-0362,Sewer,West Boise,Pipe Lining (CIPP),Deferred,Urgent,2025-02-16,,Crew-S3,2.9,,135128,,Inspection,43.60517512586961,-116.26097065971501
WO-00153,PIPE-0271,Water,Downtown,Hydrant Repair,Completed,Urgent,2025-08-04,2025-08-11,Crew-W6,61.7,110.4,185779,168060.0,Scheduled PM,43.599366209051595,-116.1889395074489
WO-00154,PIPE-0221,Stormwater,Downtown,Pipe Repair,Completed,Routine,2025-04-24,2025-05-30,Crew-S6,86.1,114.4,80627,136970.0,Scheduled PM,43.626541156803256,-116.18545850878427
WO-00155,PIPE-0140,Sewer,Southeast,Line Clearing,Open,Urgent,2025-10-11,,Crew-S1,18.2,,15550,,SCADA Alert,43.55853881891391,-116.18679568045029
WO-00156,PIPE-0484,Water,Southwest,Service Line Repair,Open,Urgent,2025-05-19,,Crew-W4,50.8,,180100,,Emergency Call,43.57967876390571,-116.25552005709663
WO-00157,PIPE-0411,Sewer,Downtown,Bypass Pumping,In Progress,Emergency,2025-09-23,,Crew-S6,43.6,,140570,,Citizen Report,43.613169452494056,-116.20224303369645
WO-00158,PIPE-0461,Water,Southwest,Leak Repair,Open,Scheduled,2025-06-24,,Crew-W2,68.1,,137736,,Inspection,43.58934662839,-116.27430489812578
WO-00159,PIPE-0232,Water,West Boise,Valve Replacement,Completed,Routine,2024-05-16,2024-05-23,Crew-W1,35.1,51.9,178512,99877.0,Inspection,43.634991452812116,-116.2868664458988
WO-00160,PIPE-0445,Stormwater,Downtown,Pipe Repair,Completed,Emergency,2024-04-30,2024-06-08,Crew-S6,63.9,59.0,103685,69902.0,Inspection,43.61591911273266,-116.18991778198675
WO-00161,PIPE-0172,Water,West Boise,Service Line Repair,Open,Scheduled,2025-10-20,,Crew-W1,36.9,,161857,,Scheduled PM,43.633179103602565,-116.31245821451124
WO-00162,PIPE-0163,Stormwater,Southeast,Culvert Clearing,Completed,Emergency,2024-01-06,2024-04-29,Crew-S1,44.2,87.2,52285,105899.0,SCADA Alert,43.54005819312504,-116.16981398008392
WO-00163,PIPE-0417,Water,East Bench,Service Line Repair,Open,Emergency,2025-02-24,,Crew-W2,77.4,,66071,,Inspection,43.5991593973599,-116.17525138106495
WO-00164,PIPE-0379,Water,Southwest,Valve Replacement,Deferred,Routine,2025-01-08,,Crew-W1,99.0,,172539,,Scheduled PM,43.58024066860121,-116.27730352444584
WO-00165,PIPE-0056,Stormwater,Southwest,Culvert Clearing,Open,Urgent,2025-03-20,,Crew-S1,20.6,,11052,,Inspection,43.573731092010576,-116.22997315202613
WO-00166,PIPE-0210,Water,Downtown,Main Flush,In Progress,Urgent,2024-02-02,,Crew-W4,96.1,,70177,,SCADA Alert,43.62584219064547,-116.1988207526542
WO-00167,PIPE-0462,Sewer,Downtown,Manhole Repair,In Progress,Scheduled,2025-11-29,,Crew-S5,73.1,,194982,,Scheduled PM,43.625262835340344,-116.197239642811
WO-00168,PIPE-0322,Stormwater,East Bench,Pipe Repair,In Progress,Routine,2024-01-22,,Crew-S5,3.3,,179921,,Inspection,43.60701607967386,-116.17434032847967
WO-00169,PIPE-0039,Stormwater,Southwest,Detention Pond Maintenance,Open,Scheduled,2025-03-15,,Crew-S3,29.7,,22156,,Scheduled PM,43.594834494598416,-116.29299700855016
WO-00170,PIPE-0376,Water,West Boise,Valve Replacement,In Progress,Routine,2025-06-07,,Crew-W1,86.7,,184251,,Inspection,43.64287766089589,-116.28453568214503
WO-00171,PIPE-0038,Water,Downtown,Main Flush,Open,Urgent,2025-04-30,,Crew-W2,99.3,,155478,,Inspection,43.61072876838446,-116.21458740837465
WO-00172,PIPE-0099,Water,Downtown,Main Break Repair,Completed,Urgent,2024-02-09,2024-03-05,Crew-W1,86.7,111.6,100207,112252.0,Scheduled PM,43.60948194236389,-116.21959968227695
WO-00173,PIPE-0242,Sewer,Downtown,Manhole Repair,In Progress,Scheduled,2024-08-24,,Crew-S4,8.0,,112454,,SCADA Alert,43.599608579979986,-116.19575250782162
WO-00174,PIPE-0219,Water,Southeast,Main Break Repair,Completed,Urgent,2024-10-14,2025-01-14,Crew-W1,2.1,51.3,173627,84344.0,Citizen Report,43.54848795510205,-116.18826588367163
WO-00175,PIPE-0475,Water,East Bench,Service Line Repair,Open,Urgent,2025-09-13,,Crew-W3,94.9,,95810,,Citizen Report,43.6256087133901,-116.17580622555809
WO-00176,PIPE-0032,Water,Southeast,Hydrant Repair,In Progress,Routine,2024-01-14,,Crew-W6,81.4,,195255,,Emergency Call,43.595057724127244,-116.20025681542995
WO-00177,PIPE-0326,Sewer,Southwest,Line Clearing,Completed,Urgent,2025-10-27,2025-11-23,Crew-S6,74.8,71.0,32050,23367.0,SCADA Alert,43.57175812291217,-116.2847286463366
WO-00178,PIPE-0286,Water,Downtown,Valve Replacement,In Progress,Scheduled,2025-11-01,,Crew-W1,9.3,,143782,,Emergency Call,43.618146795937506,-116.2195492986817
WO-00179,PIPE-0486,Water,West Boise,Main Break Repair,In Progress,Urgent,2024-07-25,,Crew-W2,43.0,,187042,,Citizen Report,43.63512117330595,-116.30825128968695
WO-00180,PIPE-0251,Sewer,Southwest,Bypass Pumping,Completed,Emergency,2025-07-27,2025-11-19,Crew-S4,8.6,45.2,110339,165615.0,Emergency Call,43.59156466465414,-116.28092526114466
WO-00181,PIPE-0221,Stormwater,Downtown,Outfall Repair,In Progress,Routine,2024-01-23,,Crew-S6,96.8,,76431,,SCADA Alert,43.6269116058434,-116.18702741321835
WO-00182,PIPE-0366,Water,Southeast,Main Flush,In Progress,Scheduled,2025-12-11,,Crew-W4,69.1,,135107,,SCADA Alert,43.5736360364401,-116.19949854441718
WO-00183,PIPE-0339,Water,Southeast,Service Line Repair,Deferred,Routine,2025-01-28,,Crew-W2,20.0,,42443,,Emergency Call,43.585788615444066,-116.19960655650483
WO-00184,PIPE-0175,Water,West Boise,Leak Repair,Deferred,Routine,2025-06-09,,Crew-W3,85.5,,78189,,Citizen Report,43.61920030184184,-116.33916178180623
WO-00185,PIPE-0356,Sewer,North End,Manhole Repair,In Progress,Emergency,2024-02-16,,Crew-S6,16.5,,73312,,Inspection,43.63732986971094,-116.1806797573634
WO-00186,PIPE-0404,Sewer,Southeast,Root Removal,In Progress,Emergency,2025-10-19,,Crew-S1,65.6,,166354,,Emergency Call,43.590263437256,-116.18478887625558
WO-00187,PIPE-0119,Sewer,Southwest,Pipe Lining (CIPP),Completed,Routine,2025-12-23,2026-03-26,Crew-S3,98.6,17.8,164590,235993.0,SCADA Alert,43.55363786357217,-116.27438344081457
WO-00188,PIPE-0126,Stormwater,West Boise,Culvert Clearing,In Progress,Emergency,2024-10-13,,Crew-S5,66.4,,153398,,SCADA Alert,43.63618520438828,-116.30285076921801
WO-00189,PIPE-0425,Water,Downtown,Leak Repair,Completed,Urgent,2025-10-31,2026-02-20,Crew-W4,23.6,75.9,70962,158924.0,Inspection,43.626163327599016,-116.20298453407797
WO-00190,PIPE-0214,Water,North End,Service Line Repair,In Progress,Urgent,2025-02-08,,Crew-W6,73.2,,97136,,Inspection,43.67728533628677,-116.1869956178757
WO-00191,PIPE-0092,Stormwater,Downtown,Pipe Repair,Deferred,Urgent,2024-07-04,,Crew-S2,57.8,,191728,,Inspection,43.616189128543404,-116.2209579053922
WO-00192,PIPE-0435,Water,North End,Service Line Repair,In Progress,Urgent,2024-06-15,,Crew-W1,16.1,,112276,,Inspection,43.657587048319535,-116.17594076248427
WO-00193,PIPE-0317,Sewer,Downtown,Bypass Pumping,Open,Urgent,2025-02-16,,Crew-S6,75.5,,3590,,Emergency Call,43.60286445988622,-116.1897730189026
WO-00194,PIPE-0125,Water,Downtown,Main Flush,Open,Emergency,2024-04-22,,Crew-W2,26.3,,22414,,Citizen Report,43.59928527121154,-116.19960223124694
WO-00195,PIPE-0260,Sewer,Downtown,Line Clearing,Open,Routine,2024-01-14,,Crew-S6,10.3,,36998,,Scheduled PM,43.61749934350375,-116.17421521941655
WO-00196,PIPE-0312,Water,West Boise,Main Break Repair,Completed,Routine,2024-06-16,2024-07-29,Crew-W6,55.3,58.5,6059,64413.0,SCADA Alert,43.63433363062347,-116.31492952301754
WO-00197,PIPE-0070,Sewer,Southwest,Root Removal,Deferred,Emergency,2025-06-07,,Crew-S2,4.4,,112470,,Scheduled PM,43.59312075302031,-116.22065527080503
WO-00198,PIPE-0248,Water,West Boise,Main Flush,Deferred,Emergency,2024-08-19,,Crew-W4,18.6,,29371,,Inspection,43.63926247250933,-116.35237930186305
WO-00199,PIPE-0278,Water,Southwest,Leak Repair,Open,Routine,2024-12-31,,Crew-W1,37.3,,22730,,SCADA Alert,43.60020901276396,-116.27769986444645
WO-00200,PIPE-0193,Sewer,East Bench,Root Removal,Completed,Routine,2025-06-27,2025-09-12,Crew-S5,82.1,23.4,91827,111975.0,SCADA Alert,43.587097186557,-116.146508498436
WO-00201,PIPE-0355,Stormwater,West Boise,Catch Basin Cleaning,Completed,Emergency,2025-01-12,2025-04-26,Crew-S2,78.2,109.0,38927,209870.0,Citizen Report,43.604853560365775,-116.28409560921453
WO-00202,PIPE-0466,Sewer,Downtown,Line Clearing,Open,Scheduled,2025-05-04,,Crew-S6,29.3,,24210,,Citizen Report,43.61643854336535,-116.17563625532735
WO-00203,PIPE-0089,Water,North End,Main Flush,Completed,Scheduled,2025-01-29,2025-03-11,Crew-W5,79.8,60.3,87915,126666.0,Inspection,43.643165281856774,-116.19025109155557
WO-00204,PIPE-0150,Water,Southwest,Service Line Repair,Deferred,Scheduled,2024-09-08,,Crew-W5,54.3,,140084,,Emergency Call,43.54683980839607,-116.29495174549311
WO-00205,PIPE-0260,Sewer,Downtown,Pipe Lining (CIPP),Deferred,Urgent,2025-08-17,,Crew-S6,10.6,,95319,,SCADA Alert,43.616386559333115,-116.17429880978142
WO-00206,PIPE-0245,Sewer,Downtown,Root Removal,Deferred,Emergency,2025-01-06,,Crew-S1,91.3,,95096,,Inspection,43.617956394576254,-116.17571171951539
WO-00207,PIPE-0368,Sewer,Southwest,Root Removal,Deferred,Urgent,2025-07-18,,Crew-S2,7.5,,36623,,SCADA Alert,43.573951103970764,-116.29548307428779
WO-00208,PIPE-0461,Water,Southwest,Main Flush,Open,Scheduled,2025-01-21,,Crew-W3,7.3,,28289,,Emergency Call,43.589144540591306,-116.27336412561093
WO-00209,PIPE-0109,Water,Downtown,Valve Replacement,Open,Routine,2024-06-10,,Crew-W2,9.7,,20702,,SCADA Alert,43.607809366309276,-116.21506657748222
WO-00210,PIPE-0381,Stormwater,Southeast,Detention Pond Maintenance,In Progress,Urgent,2024-06-02,,Crew-S6,53.7,,79014,,Scheduled PM,43.5892720449665,-116.18701932601887
WO-00211,PIPE-0409,Sewer,North End,Manhole Repair,Open,Emergency,2025-10-22,,Crew-S2,7.9,,168915,,SCADA Alert,43.65952034719764,-116.20364483959354
WO-00212,PIPE-0333,Stormwater,Southwest,Detention Pond Maintenance,Open,Scheduled,2024-06-13,,Crew-S6,94.9,,119591,,Emergency Call,43.5606618135322,-116.23341689127972
WO-00213,PIPE-0422,Water,Downtown,Valve Replacement,Completed,Routine,2025-08-08,2025-11-07,Crew-W1,53.1,28.8,33302,244674.0,Inspection,43.62580080484776,-116.18830000635607
WO-00214,PIPE-0034,Stormwater,Southeast,Outfall Repair,In Progress,Emergency,2025-02-05,,Crew-S6,47.9,,82600,,Scheduled PM,43.567422507359574,-116.19023535128095
WO-00215,PIPE-0018,Water,North End,Valve Replacement,Deferred,Routine,2025-01-15,,Crew-W1,12.2,,95580,,Emergency Call,43.657574594520554,-116.20191805667979
WO-00216,PIPE-0346,Stormwater,West Boise,Pipe Repair,Completed,Emergency,2024-09-02,2024-09-23,Crew-S3,20.4,65.9,53381,17623.0,SCADA Alert,43.636826670307116,-116.27953992129063
WO-00217,PIPE-0113,Stormwater,Downtown,Outfall Repair,Open,Scheduled,2025-08-06,,Crew-S1,6.7,,24934,,Citizen Report,43.61801495746154,-116.18377670171274
WO-00218,PIPE-0149,Water,Downtown,Leak Repair,Deferred,Urgent,2024-10-16,,Crew-W3,75.7,,190734,,Citizen Report,43.60094770148589,-116.20241768637891
WO-00219,PIPE-0368,Sewer,Southwest,Line Clearing,Completed,Urgent,2024-04-09,2024-06-01,Crew-S1,59.5,107.8,100668,132510.0,Scheduled PM,43.57319971640702,-116.29518694580773
WO-00220,PIPE-0380,Water,Downtown,Valve Replacement,In Progress,Scheduled,2024-10-24,,Crew-W1,88.7,,24955,,Inspection,43.61420580413615,-116.18687904793225
WO-00221,PIPE-0258,Stormwater,Southwest,Pipe Repair,In Progress,Routine,2025-10-31,,Crew-S4,79.0,,89372,,Citizen Report,43.5477126327114,-116.25378709489398
WO-00222,PIPE-0073,Stormwater,Downtown,Detention Pond Maintenance,Open,Urgent,2025-03-17,,Crew-S2,99.7,,159589,,SCADA Alert,43.61672503130329,-116.17486619827706
WO-00223,PIPE-0052,Water,West Boise,Main Break Repair,Open,Urgent,2025-05-24,,Crew-W3,55.6,,23350,,Scheduled PM,43.63361622798811,-116.30709856259963
WO-00224,PIPE-0246,Sewer,Southeast,Line Clearing,In Progress,Routine,2024-10-29,,Crew-S5,37.6,,23890,,SCADA Alert,43.54353537250517,-116.19276411897914
WO-00225,PIPE-0444,Water,Southeast,Hydrant Repair,Deferred,Scheduled,2024-09-21,,Crew-W6,92.6,,32997,,Emergency Call,43.542764517990825,-116.20027305577906
WO-00226,PIPE-0131,Stormwater,West Boise,Detention Pond Maintenance,Deferred,Urgent,2024-10-20,,Crew-S4,37.9,,164243,,Citizen Report,43.6478053661912,-116.31758559820632
WO-00227,PIPE-0272,Sewer,North End,Manhole Repair,Deferred,Emergency,2025-06-02,,Crew-S5,97.8,,15457,,Inspection,43.6441084905922,-116.21430739919316
WO-00228,PIPE-0052,Water,West Boise,Hydrant Repair,Open,Scheduled,2024-06-07,,Crew-W2,57.9,,19630,,Inspection,43.63420444599787,-116.30680144285552
WO-00229,PIPE-0273,Water,Southwest,Service Line Repair,Completed,Emergency,2024-04-05,2024-06-04,Crew-W1,19.7,57.3,28902,140777.0,Scheduled PM,43.55628843330087,-116.3021100580003
WO-00230,PIPE-0431,Sewer,East Bench,Manhole Repair,Open,Routine,2024-12-02,,Crew-S5,49.7,,184601,,Scheduled PM,43.62522865286884,-116.17509084270837
WO-00231,PIPE-0474,Stormwater,Downtown,Detention Pond Maintenance,In Progress,Urgent,2025-07-12,,Crew-S6,22.9,,149451,,SCADA Alert,43.61541562148573,-116.17878158895283
WO-00232,PIPE-0196,Stormwater,Southeast,Pipe Repair,Completed,Emergency,2024-03-04,2024-06-14,Crew-S2,87.1,52.8,199366,124601.0,Scheduled PM,43.568786696220336,-116.19972862541414
WO-00233,PIPE-0255,Sewer,Downtown,Line Clearing,In Progress,Routine,2024-03-26,,Crew-S4,10.0,,187200,,Scheduled PM,43.614071578259406,-116.197642444114
WO-00234,PIPE-0388,Water,East Bench,Service Line Repair,Completed,Routine,2025-11-16,2025-12-10,Crew-W3,18.1,100.0,92060,24732.0,Scheduled PM,43.60593525051003,-116.17492898741828
WO-00235,PIPE-0225,Water,East Bench,Hydrant Repair,Deferred,Scheduled,2024-06-13,,Crew-W1,57.0,,157033,,Inspection,43.61786961742667,-116.14033507502326
WO-00236,PIPE-0077,Stormwater,Downtown,Culvert Clearing,In Progress,Routine,2025-09-23,,Crew-S1,16.7,,120734,,Inspection,43.61839489133668,-116.21459818432436
WO-00237,PIPE-0160,Sewer,Southeast,Manhole Repair,Deferred,Emergency,2025-11-21,,Crew-S4,94.4,,33456,,Scheduled PM,43.59527783279075,-116.19984324596678
WO-00238,PIPE-0308,Water,Downtown,Main Flush,In Progress,Urgent,2024-02-07,,Crew-W4,70.3,,44042,,Emergency Call,43.625755113142965,-116.20150082889197
WO-00239,PIPE-0254,Water,Southwest,Hydrant Repair,Open,Routine,2024-07-14,,Crew-W1,31.6,,80969,,Emergency Call,43.5406381030361,-116.29433350929637
WO-00240,PIPE-0191,Sewer,Southeast,CCTV Inspection,Deferred,Scheduled,2025-05-26,,Crew-S3,36.5,,142704,,Scheduled PM,43.58344333964559,-116.19946983772016
WO-00241,PIPE-0162,Stormwater,Downtown,Detention Pond Maintenance,In Progress,Scheduled,2024-04-26,,Crew-S3,19.3,,156447,,Inspection,43.61877852575761,-116.21365987335425
WO-00242,PIPE-0326,Sewer,Southwest,Bypass Pumping,Deferred,Routine,2025-11-06,,Crew-S6,62.8,,26511,,SCADA Alert,43.572196879525144,-116.28634537592086
WO-00243,PIPE-0481,Water,West Boise,Leak Repair,Open,Scheduled,2025-10-27,,Crew-W1,50.6,,197560,,Emergency Call,43.64138045781864,-116.33999159585521
WO-00244,PIPE-0001,Water,West Boise,Main Flush,Open,Routine,2025-03-30,,Crew-W4,22.8,,119678,,Emergency Call,43.65123115966216,-116.33944587952362
WO-00245,PIPE-0201,Stormwater,Southeast,Culvert Clearing,Open,Scheduled,2025-04-25,,Crew-S4,91.0,,169546,,Scheduled PM,43.53955821026998,-116.13364271239796
WO-00246,PIPE-0470,Water,Downtown,Hydrant Repair,Completed,Scheduled,2024-08-17,2024-09-21,Crew-W6,25.7,105.8,109173,69836.0,SCADA Alert,43.6005530601298,-116.19843924930323
WO-00247,PIPE-0235,Sewer,North End,CCTV Inspection,Completed,Urgent,2025-01-18,2025-03-02,Crew-S5,97.4,22.1,51004,150495.0,Emergency Call,43.63846786871626,-116.21129390020091
WO-00248,PIPE-0436,Water,Downtown,Valve Replacement,Deferred,Scheduled,2025-08-14,,Crew-W6,19.0,,83894,,Emergency Call,43.62034788731071,-116.20066606099148
WO-00249,PIPE-0186,Water,West Boise,Leak Repair,In Progress,Emergency,2025-12-28,,Crew-W6,58.5,,103263,,Citizen Report,43.608370675755985,-116.29529089366238
WO-00250,PIPE-0204,Sewer,Downtown,Line Clearing,In Progress,Emergency,2024-11-26,,Crew-S1,44.9,,165360,,Emergency Call,43.60896009722477,-116.2197638007148
WO-00251,PIPE-0105,Water,West Boise,Leak Repair,Open,Scheduled,2025-07-10,,Crew-W1,74.7,,34722,,Scheduled PM,43.60139592630207,-116.25369782050304
WO-00252,PIPE-0248,Water,West Boise,Main Flush,In Progress,Urgent,2024-07-10,,Crew-W3,21.0,,64791,,Scheduled PM,43.64059978317077,-116.35297248460907
WO-00253,PIPE-0185,Stormwater,Downtown,Pipe Repair,Open,Emergency,2024-10-08,,Crew-S6,98.5,,27610,,SCADA Alert,43.61374125544725,-116.17793121111616
WO-00254,PIPE-0113,Stormwater,Downtown,Culvert Clearing,In Progress,Routine,2024-04-19,,Crew-S2,11.1,,130063,,Citizen Report,43.61982343825862,-116.1840740550901
WO-00255,PIPE-0430,Water,West Boise,Main Break Repair,Deferred,Scheduled,2024-04-13,,Crew-W1,49.7,,164518,,SCADA Alert,43.645598591945756,-116.31557418576361
WO-00256,PIPE-0317,Sewer,Downtown,Root Removal,Deferred,Urgent,2024-11-17,,Crew-S3,3.0,,47339,,Emergency Call,43.60392742680261,-116.18883138214638
WO-00257,PIPE-0285,Sewer,Southwest,Pipe Lining (CIPP),Completed,Emergency,2024-04-30,2024-06-14,Crew-S2,53.1,59.1,67215,161457.0,SCADA Alert,43.599385690519306,-116.23336688951446
WO-00258,PIPE-0009,Sewer,Southwest,Root Removal,In Progress,Routine,2024-01-24,,Crew-S1,90.1,,8232,,Citizen Report,43.599277130040825,-116.29426111447907
WO-00259,PIPE-0008,Water,Southeast,Hydrant Repair,In Progress,Routine,2025-12-09,,Crew-W4,21.5,,24609,,Citizen Report,43.59124216714822,-116.16583415093926
WO-00260,PIPE-0380,Water,Downtown,Service Line Repair,Deferred,Scheduled,2025-04-23,,Crew-W2,26.5,,52372,,Citizen Report,43.61436074259819,-116.1882882107978
WO-00261,PIPE-0199,Sewer,West Boise,CCTV Inspection,Completed,Scheduled,2025-08-24,2025-09-15,Crew-S4,43.5,95.7,196342,189783.0,Citizen Report,43.61745478439913,-116.30320617807537
WO-00262,PIPE-0341,Water,Southeast,Service Line Repair,Deferred,Urgent,2025-09-13,,Crew-W5,36.6,,166358,,SCADA Alert,43.539898806768164,-116.16887710062788
WO-00263,PIPE-0469,Water,Downtown,Main Flush,Completed,Routine,2025-06-07,2025-08-22,Crew-W4,4.9,50.4,47660,158804.0,Citizen Report,43.61631277360092,-116.18609117021671
WO-00264,PIPE-0392,Sewer,Southwest,Root Removal,Open,Routine,2024-09-08,,Crew-S3,16.2,,82931,,SCADA Alert,43.599019265999175,-116.22288341517194
WO-00265,PIPE-0434,Stormwater,North End,Detention Pond Maintenance,In Progress,Routine,2024-12-02,,Crew-S2,57.0,,101580,,Citizen Report,43.66274860382217,-116.18130747527704
WO-00266,PIPE-0466,Sewer,Downtown,Bypass Pumping,Completed,Emergency,2024-04-15,2024-07-16,Crew-S5,89.5,73.7,111059,232067.0,Scheduled PM,43.61508456658943,-116.17535975718202
WO-00267,PIPE-0120,Sewer,Downtown,CCTV Inspection,Open,Scheduled,2024-07-20,,Crew-S1,99.0,,110924,,SCADA Alert,43.61096218535824,-116.22065772054194
WO-00268,PIPE-0068,Water,Downtown,Valve Replacement,Deferred,Emergency,2024-11-30,,Crew-W3,3.7,,151431,,SCADA Alert,43.60587728628692,-116.22043126836223
WO-00269,PIPE-0226,Water,North End,Leak Repair,Open,Emergency,2025-02-16,,Crew-W3,65.2,,18706,,Scheduled PM,43.63863623963555,-116.18363597343577
WO-00270,PIPE-0326,Sewer,Southwest,Line Clearing,Completed,Routine,2024-11-04,2024-12-15,Crew-S4,62.0,90.9,103608,105447.0,Citizen Report,43.571977913877724,-116.28564383651761
WO-00271,PIPE-0027,Sewer,West Boise,Manhole Repair,Open,Emergency,2025-10-18,,Crew-S1,24.0,,3225,,Inspection,43.615789271388195,-116.30769928191928
WO-00272,PIPE-0363,Sewer,Downtown,Root Removal,Deferred,Urgent,2025-12-05,,Crew-S1,20.7,,97199,,Emergency Call,43.61497913005955,-116.17413177928793
WO-00273,PIPE-0113,Stormwater,Downtown,Catch Basin Cleaning,Completed,Routine,2024-02-23,2024-06-16,Crew-S1,27.8,94.6,180834,29546.0,Emergency Call,43.61958125566072,-116.18373088707165
WO-00274,PIPE-0193,Sewer,East Bench,Root Removal,In Progress,Scheduled,2025-12-16,,Crew-S1,14.4,,39297,,Emergency Call,43.58833059682504,-116.14557532747317
WO-00275,PIPE-0176,Stormwater,West Boise,Catch Basin Cleaning,Deferred,Urgent,2025-02-27,,Crew-S5,48.8,,128977,,Citizen Report,43.6405068227262,-116.31633727083882
WO-00276,PIPE-0245,Sewer,Downtown,Manhole Repair,Open,Routine,2024-08-19,,Crew-S6,10.1,,146911,,Inspection,43.618685961555464,-116.17452946344233
WO-00277,PIPE-0010,Stormwater,West Boise,Catch Basin Cleaning,Open,Scheduled,2024-07-29,,Crew-S1,22.8,,176267,,Inspection,43.60460730078165,-116.30119187955529
WO-00278,PIPE-0478,Sewer,Southwest,Manhole Repair,Open,Urgent,2025-05-14,,Crew-S5,76.6,,135222,,Citizen Report,43.58799897591675,-116.27320334914059
WO-00279,PIPE-0139,Stormwater,Southeast,Outfall Repair,In Progress,Emergency,2025-04-09,,Crew-S2,23.4,,95827,,Scheduled PM,43.5409501293667,-116.18819728242593
WO-00280,PIPE-0234,Water,West Boise,Service Line Repair,In Progress,Urgent,2025-06-09,,Crew-W1,29.2,,43543,,Citizen Report,43.60932598919186,-116.33438051543521
WO-00281,PIPE-0306,Stormwater,North End,Detention Pond Maintenance,In Progress,Emergency,2024-04-14,,Crew-S6,12.8,,4848,,Scheduled PM,43.660741059532086,-116.20298082750075
WO-00282,PIPE-0005,Sewer,West Boise,Manhole Repair,Deferred,Routine,2025-11-08,,Crew-S1,92.8,,22537,,Citizen Report,43.630842947273436,-116.31034275990754
WO-00283,PIPE-0100,Stormwater,Southeast,Outfall Repair,Deferred,Routine,2025-05-29,,Crew-S1,45.3,,97435,,SCADA Alert,43.552061268801694,-116.20023495494229
WO-00284,PIPE-0402,Sewer,Downtown,Manhole Repair,In Progress,Urgent,2025-03-08,,Crew-S4,19.3,,72832,,Emergency Call,43.60021489626905,-116.1997887630795
WO-00285,PIPE-0040,Water,Downtown,Main Flush,Open,Urgent,2024-04-21,,Crew-W1,23.5,,14429,,SCADA Alert,43.60015046100715,-116.19136846573468
WO-00286,PIPE-0268,Water,West Boise,Hydrant Repair,Open,Urgent,2025-06-28,,Crew-W5,70.6,,106552,,Scheduled PM,43.63109977084991,-116.33585022340456
WO-00287,PIPE-0068,Water,Downtown,Valve Replacement,Completed,Routine,2025-12-09,2026-02-11,Crew-W6,30.2,26.3,156819,206473.0,Citizen Report,43.60552176454156,-116.22081151486657
WO-00288,PIPE-0263,Water,Southwest,Main Flush,Deferred,Routine,2025-05-30,,Crew-W6,25.4,,83104,,SCADA Alert,43.58755529090755,-116.30297968936736
WO-00289,PIPE-0122,Water,Downtown,Main Break Repair,In Progress,Scheduled,2025-04-11,,Crew-W4,34.7,,47034,,Citizen Report,43.6161705150543,-116.2206585497755
WO-00290,PIPE-0358,Water,North End,Valve Replacement,Completed,Scheduled,2024-01-10,2024-03-11,Crew-W1,6.4,70.8,5058,128506.0,Emergency Call,43.64085709252058,-116.1816386828608
WO-00291,PIPE-0346,Stormwater,West Boise,Pipe Repair,In Progress,Emergency,2024-08-21,,Crew-S1,31.9,,193486,,Citizen Report,43.63725123270504,-116.2782403699918
WO-00292,PIPE-0440,Sewer,West Boise,CCTV Inspection,Completed,Emergency,2025-07-12,2025-10-05,Crew-S3,31.5,59.4,87987,95996.0,Emergency Call,43.62891605259108,-116.3363240876789
WO-00293,PIPE-0102,Sewer,Downtown,Line Clearing,Deferred,Routine,2025-09-02,,Crew-S6,52.9,,168219,,SCADA Alert,43.610394800774976,-116.20094936210549
WO-00294,PIPE-0426,Stormwater,West Boise,Culvert Clearing,In Progress,Scheduled,2024-08-13,,Crew-S1,25.9,,194751,,Scheduled PM,43.65069583985707,-116.34483026976179
WO-00295,PIPE-0467,Sewer,West Boise,Bypass Pumping,Deferred,Emergency,2024-07-17,,Crew-S3,88.0,,178443,,Emergency Call,43.60079844276476,-116.3560254613064
WO-00296,PIPE-0258,Stormwater,Southwest,Culvert Clearing,In Progress,Routine,2025-06-23,,Crew-S3,40.3,,109891,,Citizen Report,43.54761064659474,-116.25541680004531
WO-00297,PIPE-0234,Water,West Boise,Service Line Repair,Completed,Routine,2025-06-16,2025-10-01,Crew-W3,12.8,74.3,2684,114128.0,Scheduled PM,43.60927746606108,-116.33524073782226
WO-00298,PIPE-0101,Stormwater,Southwest,Outfall Repair,In Progress,Routine,2025-11-28,,Crew-S5,56.7,,43126,,Citizen Report,43.5515096495955,-116.24907376701523
WO-00299,PIPE-0299,Water,Southwest,Service Line Repair,Open,Emergency,2024-10-28,,Crew-W2,29.7,,155970,,SCADA Alert,43.5868493865645,-116.30075935699848
WO-00300,PIPE-0205,Water,East Bench,Hydrant Repair,Completed,Urgent,2025-03-16,2025-06-09,Crew-W3,88.1,100.4,132094,13581.0,Emergency Call,43.60799507403066,-116.1564699930694
WO-00301,PIPE-0239,Water,Southeast,Main Flush,In Progress,Urgent,2024-10-04,,Crew-W4,59.4,,21659,,Citizen Report,43.53943771553087,-116.17192264446442
WO-00302,PIPE-0275,Sewer,Downtown,Bypass Pumping,In Progress,Scheduled,2024-12-29,,Crew-S4,41.1,,26226,,Citizen Report,43.62684038825783,-116.20033292241419
WO-00303,PIPE-0154,Sewer,Southeast,Bypass Pumping,Deferred,Routine,2024-06-26,,Crew-S5,15.6,,52799,,Citizen Report,43.56235138150359,-116.19989143246116
WO-00304,PIPE-0344,Sewer,Southeast,Bypass Pumping,Completed,Scheduled,2024-11-04,2024-11-15,Crew-S5,20.0,37.1,115028,243538.0,SCADA Alert,43.543824219750384,-116.19282519733729
WO-00305,PIPE-0316,Sewer,West Boise,CCTV Inspection,Completed,Scheduled,2024-11-16,2025-01-15,Crew-S4,4.7,43.8,147014,122803.0,SCADA Alert,43.65404098350749,-116.32989316275643
WO-00306,PIPE-0143,Sewer,Southwest,Manhole Repair,Completed,Urgent,2024-05-23,2024-09-01,Crew-S5,55.2,30.6,148761,134771.0,Citizen Report,43.58757207205169,-116.24750678531551
WO-00307,PIPE-0423,Sewer,Downtown,Bypass Pumping,Deferred,Emergency,2024-05-08,,Crew-S4,81.1,,136292,,Scheduled PM,43.61516539607677,-116.19636568181494
WO-00308,PIPE-0202,Water,Southwest,Hydrant Repair,Open,Emergency,2024-10-03,,Crew-W3,57.4,,181534,,Citizen Report,43.59064962824888,-116.29684811463778
WO-00309,PIPE-0031,Stormwater,Southeast,Pipe Repair,Open,Urgent,2025-08-21,,Crew-S5,74.6,,130341,,Inspection,43.546235087167126,-116.19964863847733
WO-00310,PIPE-0121,Water,Southeast,Main Break Repair,Completed,Scheduled,2024-06-07,2024-08-27,Crew-W5,69.4,38.7,30570,246006.0,SCADA Alert,43.55790807142355,-116.18809041867543
WO-00311,PIPE-0241,Stormwater,Southwest,Pipe Repair,Open,Urgent,2024-05-03,,Crew-S1,48.4,,133093,,Scheduled PM,43.56973342778658,-116.25722891111467
WO-00312,PIPE-0423,Sewer,Downtown,CCTV Inspection,Deferred,Urgent,2024-11-03,,Crew-S2,84.5,,143819,,Citizen Report,43.61513037291736,-116.19517235910597
WO-00313,PIPE-0473,Sewer,Downtown,CCTV Inspection,Open,Urgent,2025-11-04,,Crew-S6,4.1,,37642,,Inspection,43.60802655098366,-116.17451667055936
WO-00314,PIPE-0011,Water,Downtown,Service Line Repair,In Progress,Scheduled,2025-07-13,,Crew-W3,30.4,,26719,,Emergency Call,43.614575928272714,-116.17466460068114
WO-00315,PIPE-0342,Sewer,East Bench,Bypass Pumping,Deferred,Emergency,2025-02-04,,Crew-S4,42.9,,111867,,Inspection,43.579055941317726,-116.17508583544016
WO-00316,PIPE-0204,Sewer,Downtown,Line Clearing,Deferred,Routine,2025-07-31,,Crew-S1,65.2,,172778,,Emergency Call,43.60954295876769,-116.21918378332396
WO-00317,PIPE-0477,Stormwater,Southeast,Detention Pond Maintenance,In Progress,Scheduled,2024-12-29,,Crew-S3,2.9,,42001,,Citizen Report,43.59500127675914,-116.1992779556736
WO-00318,PIPE-0092,Stormwater,Downtown,Outfall Repair,Completed,Emergency,2024-08-03,2024-11-27,Crew-S2,66.3,85.3,92739,102899.0,Emergency Call,43.61557258215361,-116.21956963533374
WO-00319,PIPE-0477,Stormwater,Southeast,Detention Pond Maintenance,Completed,Emergency,2024-05-23,2024-09-01,Crew-S6,49.4,92.0,124167,79911.0,Emergency Call,43.59531794362039,-116.19984792209107
WO-00320,PIPE-0103,Water,Downtown,Leak Repair,Completed,Routine,2025-06-03,2025-06-20,Crew-W5,62.5,84.3,106346,154864.0,SCADA Alert,43.61480785826417,-116.20068593763153
WO-00321,PIPE-0062,Sewer,East Bench,Line Clearing,In Progress,Emergency,2024-06-11,,Crew-S4,93.6,,125388,,Citizen Report,43.61059181856274,-116.13853934320741
WO-00322,PIPE-0427,Water,East Bench,Valve Replacement,Open,Scheduled,2024-08-30,,Crew-W4,92.4,,16733,,Emergency Call,43.59658396769801,-116.13761016345013
WO-00323,PIPE-0190,Water,West Boise,Hydrant Repair,Deferred,Emergency,2024-03-15,,Crew-W2,33.5,,183666,,Scheduled PM,43.65396625789161,-116.34242825827221
WO-00324,PIPE-0455,Water,Southeast,Valve Replacement,In Progress,Routine,2025-08-10,,Crew-W4,44.9,,75496,,Inspection,43.56934438548431,-116.20067582083593
WO-00325,PIPE-0020,Water,Southwest,Main Break Repair,In Progress,Emergency,2025-06-25,,Crew-W6,96.1,,25719,,Inspection,43.54966347838369,-116.22362487481371
WO-00326,PIPE-0311,Water,Southwest,Main Break Repair,Completed,Routine,2024-01-06,2024-04-15,Crew-W2,68.9,50.1,191415,143782.0,Emergency Call,43.56797235093877,-116.26036619418228
WO-00327,PIPE-0468,Sewer,East Bench,Pipe Lining (CIPP),Deferred,Routine,2025-08-07,,Crew-S3,62.6,,146959,,Inspection,43.60283319177906,-116.14533824387486
WO-00328,PIPE-0182,Stormwater,Downtown,Catch Basin Cleaning,Deferred,Emergency,2025-10-02,,Crew-S2,78.7,,78678,,SCADA Alert,43.60298085499076,-116.17692685298891
WO-00329,PIPE-0418,Sewer,Southeast,Manhole Repair,Completed,Routine,2025-09-07,2025-09-10,Crew-S4,70.9,28.4,18313,247077.0,Inspection,43.5959362296356,-116.20085044575431
WO-00330,PIPE-0203,Water,Downtown,Leak Repair,In Progress,Routine,2025-08-12,,Crew-W4,62.6,,143615,,SCADA Alert,43.61510754502354,-116.20934714622835
WO-00331,PIPE-0411,Sewer,Downtown,Line Clearing,Open,Routine,2024-09-26,,Crew-S4,27.6,,88197,,SCADA Alert,43.61295957725626,-116.20262682530473
WO-00332,PIPE-0475,Water,East Bench,Valve Replacement,Open,Scheduled,2024-12-03,,Crew-W1,81.0,,148311,,Emergency Call,43.62640618166081,-116.17446885155428
WO-00333,PIPE-0244,Water,West Boise,Main Flush,Completed,Emergency,2024-02-06,2024-02-16,Crew-W5,48.9,114.1,34438,157300.0,Citizen Report,43.63603165955069,-116.31678587756724
WO-00334,PIPE-0359,Stormwater,West Boise,Culvert Clearing,In Progress,Scheduled,2025-05-23,,Crew-S4,31.7,,60204,,SCADA Alert,43.638193493068805,-116.31945029236107
WO-00335,PIPE-0275,Sewer,Downtown,Bypass Pumping,Deferred,Emergency,2024-07-19,,Crew-S5,49.3,,101982,,Scheduled PM,43.626390881063415,-116.20066756270269
WO-00336,PIPE-0293,Stormwater,Southwest,Catch Basin Cleaning,In Progress,Scheduled,2025-03-13,,Crew-S1,89.9,,96892,,Citizen Report,43.57076829125773,-116.2957029503397
WO-00337,PIPE-0033,Water,Downtown,Valve Replacement,In Progress,Emergency,2024-02-29,,Crew-W5,3.0,,108782,,Emergency Call,43.61670909722325,-116.17401812252697
WO-00338,PIPE-0069,Water,East Bench,Main Break Repair,In Progress,Emergency,2024-01-16,,Crew-W1,14.4,,47841,,Citizen Report,43.589717438856276,-116.13664066507158
WO-00339,PIPE-0305,Sewer,East Bench,Manhole Repair,In Progress,Urgent,2025-11-01,,Crew-S5,41.0,,172881,,SCADA Alert,43.611434180566974,-116.14743024425897
WO-00340,PIPE-0493,Water,Downtown,Service Line Repair,In Progress,Routine,2025-07-10,,Crew-W2,45.5,,79855,,Citizen Report,43.614069416810985,-116.21523063317173
WO-00341,PIPE-0311,Water,Southwest,Leak Repair,In Progress,Routine,2025-10-31,,Crew-W3,70.4,,132475,,SCADA Alert,43.56708799506823,-116.26023014924486
WO-00342,PIPE-0364,Stormwater,Southeast,Culvert Clearing,Deferred,Emergency,2025-12-23,,Crew-S2,91.4,,137075,,Inspection,43.586432878402086,-116.19989406867012
WO-00343,PIPE-0258,Stormwater,Southwest,Catch Basin Cleaning,Completed,Urgent,2024-05-05,2024-08-06,Crew-S6,45.1,98.3,119451,37714.0,SCADA Alert,43.547034579300686,-116.25382634958777
WO-00344,PIPE-0127,Sewer,North End,Line Clearing,Completed,Emergency,2024-10-03,2024-12-18,Crew-S3,85.7,47.3,101146,217339.0,Scheduled PM,43.65303269695554,-116.17631882363843
WO-00345,PIPE-0310,Stormwater,Southeast,Pipe Repair,Open,Urgent,2025-03-30,,Crew-S4,20.1,,113506,,Emergency Call,43.579126519302555,-116.20038970385446
WO-00346,PIPE-0103,Water,Downtown,Hydrant Repair,Completed,Routine,2025-07-08,2025-11-05,Crew-W5,23.2,5.1,7668,160077.0,Citizen Report,43.61616957256468,-116.20114693895766
WO-00347,PIPE-0389,Stormwater,Southwest,Catch Basin Cleaning,Open,Scheduled,2025-03-13,,Crew-S6,93.4,,75845,,Emergency Call,43.58579000507379,-116.24835779489388
WO-00348,PIPE-0091,Sewer,West Boise,Bypass Pumping,Completed,Urgent,2025-08-04,2025-08-25,Crew-S2,91.0,115.3,74083,123008.0,Citizen Report,43.635478073734745,-116.2740741347695
WO-00349,PIPE-0216,Sewer,East Bench,Pipe Lining (CIPP),Completed,Routine,2025-07-09,2025-08-22,Crew-S3,28.3,69.4,66170,10620.0,Emergency Call,43.60127767823214,-116.14924120968806
WO-00350,PIPE-0242,Sewer,Downtown,CCTV Inspection,Completed,Scheduled,2025-11-07,2026-02-23,Crew-S1,45.1,33.2,122774,47367.0,SCADA Alert,43.6009317709857,-116.19533058418014
WO-00351,PIPE-0330,Water,North End,Service Line Repair,In Progress,Emergency,2025-07-23,,Crew-W5,94.0,,72968,,Emergency Call,43.62610289574137,-116.20694741342652
WO-00352,PIPE-0450,Sewer,Southwest,Manhole Repair,In Progress,Routine,2025-03-27,,Crew-S3,87.2,,33850,,Inspection,43.557079676356764,-116.23480319642927
WO-00353,PIPE-0141,Water,Downtown,Valve Replacement,Open,Emergency,2025-09-24,,Crew-W6,5.8,,179922,,Emergency Call,43.60565114055515,-116.20156421856908
WO-00354,PIPE-0491,Sewer,East Bench,Line Clearing,In Progress,Routine,2024-02-12,,Crew-S3,3.6,,93124,,Emergency Call,43.60300063859434,-116.15816884232231
WO-00355,PIPE-0312,Water,West Boise,Main Break Repair,Open,Scheduled,2024-12-24,,Crew-W1,52.1,,62622,,Inspection,43.634779578092136,-116.31478028127614
WO-00356,PIPE-0371,Sewer,East Bench,Line Clearing,Deferred,Scheduled,2025-11-28,,Crew-S3,16.0,,86100,,Emergency Call,43.612417328923705,-116.17533002843
WO-00357,PIPE-0496,Water,West Boise,Leak Repair,Completed,Emergency,2025-02-21,2025-04-23,Crew-W2,38.1,113.2,76750,77586.0,Inspection,43.65582374531912,-116.30775392942746
WO-00358,PIPE-0107,Water,Downtown,Hydrant Repair,In Progress,Routine,2025-09-15,,Crew-W2,39.1,,153247,,SCADA Alert,43.60792911866436,-116.17569985062806
WO-00359,PIPE-0299,Water,Southwest,Main Break Repair,Open,Urgent,2025-10-26,,Crew-W5,51.3,,151085,,Emergency Call,43.58821090250269,-116.3002930652322
WO-00360,PIPE-0207,Sewer,Southwest,Pipe Lining (CIPP),Open,Scheduled,2024-05-04,,Crew-S6,53.4,,116110,,Citizen Report,43.59953836544149,-116.27772698211909
WO-00361,PIPE-0335,Water,Southeast,Hydrant Repair,In Progress,Urgent,2024-10-27,,Crew-W3,24.6,,83027,,SCADA Alert,43.568640146265885,-116.19206998502771
WO-00362,PIPE-0011,Water,Downtown,Main Break Repair,Completed,Routine,2025-02-23,2025-03-06,Crew-W6,49.4,43.5,60884,133051.0,Scheduled PM,43.61516260828344,-116.17554047339306
WO-00363,PIPE-0171,Water,West Boise,Service Line Repair,In Progress,Urgent,2024-05-08,,Crew-W5,27.5,,75705,,Citizen Report,43.64481368867788,-116.25498498808538
WO-00364,PIPE-0220,Sewer,West Boise,Pipe Lining (CIPP),In Progress,Scheduled,2025-03-07,,Crew-S6,88.4,,52431,,Inspection,43.61879781139395,-116.27049697549678
WO-00365,PIPE-0097,Sewer,West Boise,Manhole Repair,Deferred,Scheduled,2024-05-03,,Crew-S6,11.9,,9432,,Scheduled PM,43.64045186292747,-116.33153312872496
WO-00366,PIPE-0199,Sewer,West Boise,Pipe Lining (CIPP),In Progress,Scheduled,2024-03-15,,Crew-S4,36.7,,105965,,Emergency Call,43.61630586981451,-116.30386521621656
WO-00367,PIPE-0403,Sewer,Downtown,Bypass Pumping,Completed,Emergency,2024-12-10,2025-02-24,Crew-S1,74.4,73.8,93550,28751.0,Scheduled PM,43.60082134844972,-116.19926233600506
WO-00368,PIPE-0116,Water,Southwest,Main Flush,Completed,Urgent,2025-03-22,2025-06-27,Crew-W6,77.1,58.3,134029,35786.0,SCADA Alert,43.54957751279723,-116.26466843250964
WO-00369,PIPE-0349,Sewer,Southwest,Manhole Repair,Completed,Scheduled,2025-08-30,2025-11-25,Crew-S2,51.8,78.6,154661,99950.0,Citizen Report,43.59485553619857,-116.23484720279562
WO-00370,PIPE-0407,Sewer,Downtown,Manhole Repair,Deferred,Emergency,2024-10-31,,Crew-S5,52.7,,138176,,Emergency Call,43.60321845578212,-116.20165391286035
WO-00371,PIPE-0315,Sewer,West Boise,Root Removal,Completed,Emergency,2024-10-19,2024-12-08,Crew-S6,88.5,39.6,192123,47270.0,Inspection,43.60463407530474,-116.25347648754622
WO-00372,PIPE-0301,Sewer,Southwest,Line Clearing,Completed,Routine,2025-09-22,2025-10-05,Crew-S3,49.7,43.0,59124,43909.0,Inspection,43.55440195764213,-116.2697376138689
WO-00373,PIPE-0201,Stormwater,Southeast,Pipe Repair,Open,Routine,2025-09-12,,Crew-S2,11.4,,145246,,Emergency Call,43.5410527294773,-116.1343372997506
WO-00374,PIPE-0209,Sewer,North End,Line Clearing,In Progress,Scheduled,2024-02-10,,Crew-S1,38.2,,74382,,Emergency Call,43.625853005122124,-116.19950035064576
WO-00375,PIPE-0432,Water,Southwest,Hydrant Repair,Deferred,Emergency,2024-05-09,,Crew-W6,71.2,,31941,,Scheduled PM,43.54107775951374,-116.27500748889973
WO-00376,PIPE-0477,Stormwater,Southeast,Culvert Clearing,In Progress,Emergency,2024-03-29,,Crew-S3,80.8,,195607,,Inspection,43.595454723180445,-116.20034576856857
WO-00377,PIPE-0231,Sewer,East Bench,Pipe Lining (CIPP),Completed,Emergency,2025-06-03,2025-07-09,Crew-S6,69.4,55.5,10555,193312.0,Scheduled PM,43.58310387760586,-116.17458979262717
WO-00378,PIPE-0099,Water,Downtown,Main Flush,Completed,Emergency,2025-06-17,2025-07-12,Crew-W6,63.5,101.3,64964,173811.0,Inspection,43.60960468674636,-116.21925577035631
WO-00379,PIPE-0049,Water,Downtown,Hydrant Repair,In Progress,Scheduled,2024-08-13,,Crew-W2,49.5,,49548,,Scheduled PM,43.618529199347314,-116.22060285406359
WO-00380,PIPE-0041,Sewer,West Boise,Line Clearing,In Progress,Scheduled,2024-03-31,,Crew-S1,50.1,,160726,,Inspection,43.63911798102036,-116.31652637454029
WO-00381,PIPE-0273,Water,Southwest,Valve Replacement,Completed,Routine,2025-12-05,2026-02-22,Crew-W4,54.0,46.9,47702,153565.0,Citizen Report,43.55643338370263,-116.30075892185396
WO-00382,PIPE-0011,Water,Downtown,Service Line Repair,Deferred,Scheduled,2025-11-15,,Crew-W5,37.0,,126580,,Citizen Report,43.613783066466134,-116.17577526515777
WO-00383,PIPE-0472,Sewer,West Boise,CCTV Inspection,Deferred,Routine,2024-10-21,,Crew-S2,66.9,,30861,,Inspection,43.627156471864645,-116.33365518809097
WO-00384,PIPE-0457,Water,West Boise,Service Line Repair,Completed,Scheduled,2024-04-26,2024-07-25,Crew-W5,42.4,49.0,62067,34069.0,SCADA Alert,43.65458186047179,-116.28137302519407
WO-00385,PIPE-0203,Water,Downtown,Leak Repair,Open,Routine,2025-02-22,,Crew-W3,68.1,,108301,,Scheduled PM,43.61556006108716,-116.21037060143867
WO-00386,PIPE-0291,Water,West Boise,Hydrant Repair,Open,Scheduled,2024-09-23,,Crew-W6,23.5,,167293,,SCADA Alert,43.650827021299115,-116.29762937691383
WO-00387,PIPE-0060,Stormwater,East Bench,Outfall Repair,In Progress,Urgent,2025-08-09,,Crew-S6,12.8,,161273,,Emergency Call,43.601127368353026,-116.15537207758885
WO-00388,PIPE-0194,Sewer,Southwest,CCTV Inspection,Open,Emergency,2024-01-21,,Crew-S6,34.7,,92958,,Emergency Call,43.549141929561124,-116.24720656958225
WO-00389,PIPE-0341,Water,Southeast,Leak Repair,Completed,Scheduled,2024-08-03,2024-10-11,Crew-W6,24.5,25.4,42811,41654.0,Citizen Report,43.539663004225694,-116.17022476980435
WO-00390,PIPE-0033,Water,Downtown,Main Break Repair,Open,Emergency,2024-09-11,,Crew-W5,12.0,,104816,,Scheduled PM,43.6156575703357,-116.17543382055608
WO-00391,PIPE-0255,Sewer,Downtown,Bypass Pumping,In Progress,Urgent,2024-01-25,,Crew-S1,28.7,,32912,,Scheduled PM,43.613639551917565,-116.19842961362109
WO-00392,PIPE-0489,Stormwater,Downtown,Catch Basin Cleaning,Open,Emergency,2024-10-03,,Crew-S5,72.8,,192556,,Scheduled PM,43.607160308356505,-116.17461869603434
WO-00393,PIPE-0194,Sewer,Southwest,Line Clearing,In Progress,Scheduled,2025-07-08,,Crew-S2,83.5,,82338,,Citizen Report,43.54986530541588,-116.24581803328539
WO-00394,PIPE-0084,Water,East Bench,Main Flush,Completed,Scheduled,2024-11-05,2025-01-03,Crew-W4,30.5,25.9,24895,69776.0,Inspection,43.6095757726594,-116.1717430074823
WO-00395,PIPE-0044,Stormwater,West Boise,Pipe Repair,Completed,Scheduled,2025-05-09,2025-09-03,Crew-S1,99.3,84.9,191224,133300.0,Scheduled PM,43.60800291476805,-116.31418959923407
WO-00396,PIPE-0452,Stormwater,North End,Pipe Repair,Deferred,Emergency,2024-04-20,,Crew-S4,77.6,,117700,,Citizen Report,43.658503612633986,-116.1914991030968
WO-00397,PIPE-0367,Stormwater,West Boise,Catch Basin Cleaning,Completed,Urgent,2024-11-14,2024-12-03,Crew-S2,86.8,97.5,128901,22424.0,Emergency Call,43.616606938116725,-116.27890033886892
WO-00398,PIPE-0472,Sewer,West Boise,Pipe Lining (CIPP),Deferred,Urgent,2025-09-23,,Crew-S1,77.2,,66566,,Scheduled PM,43.62684990991456,-116.33361726303872
WO-00399,PIPE-0119,Sewer,Southwest,Manhole Repair,Open,Scheduled,2024-06-03,,Crew-S1,28.3,,55346,,Emergency Call,43.55357939158155,-116.27373082252902
WO-00400,PIPE-0213,Stormwater,West Boise,Culvert Clearing,In Progress,Scheduled,2024-11-16,,Crew-S6,49.3,,145939,,SCADA Alert,43.642270460782896,-116.27155859594853
WO-00401,PIPE-0008,Water,Southeast,Valve Replacement,Deferred,Emergency,2024-03-20,,Crew-W2,53.0,,32344,,Inspection,43.59022073522362,-116.16539850165339
WO-00402,PIPE-0049,Water,Downtown,Service Line Repair,Open,Scheduled,2024-04-26,,Crew-W2,63.4,,138017,,Scheduled PM,43.61824373077817,-116.21925156990369
WO-00403,PIPE-0440,Sewer,West Boise,Line Clearing,Deferred,Routine,2025-03-04,,Crew-S1,44.7,,77628,,Citizen Report,43.62841196020559,-116.33680779902552
WO-00404,PIPE-0190,Water,West Boise,Valve Replacement,In Progress,Routine,2025-01-15,,Crew-W5,69.1,,161456,,Citizen Report,43.654249759568394,-116.34390352127421
WO-00405,PIPE-0437,Water,North End,Hydrant Repair,In Progress,Urgent,2025-04-18,,Crew-W2,53.4,,124722,,SCADA Alert,43.63434537605727,-116.20050554843762
WO-00406,PIPE-0331,Sewer,North End,Line Clearing,Open,Routine,2025-04-26,,Crew-S6,20.4,,182439,,SCADA Alert,43.62607546298889,-116.20932092973914
WO-00407,PIPE-0089,Water,North End,Leak Repair,Deferred,Urgent,2024-03-03,,Crew-W1,36.3,,147079,,Inspection,43.642250914891555,-116.19153074102175
WO-00408,PIPE-0375,Water,Downtown,Service Line Repair,Completed,Routine,2024-07-16,2024-08-22,Crew-W3,63.2,98.8,106214,228065.0,Citizen Report,43.61319222459228,-116.18784580129082
WO-00409,PIPE-0315,Sewer,West Boise,Pipe Lining (CIPP),Open,Urgent,2024-07-26,,Crew-S1,73.6,,73896,,Inspection,43.604298875234065,-116.25382835575023
WO-00410,PIPE-0497,Water,Downtown,Hydrant Repair,Deferred,Routine,2025-06-18,,Crew-W6,87.4,,175742,,Scheduled PM,43.59941861342144,-116.19857365842869
WO-00411,PIPE-0289,Stormwater,North End,Catch Basin Cleaning,In Progress,Urgent,2024-08-25,,Crew-S2,18.2,,564,,Citizen Report,43.658558574856634,-116.22698531586153
WO-00412,PIPE-0456,Water,West Boise,Service Line Repair,Deferred,Scheduled,2024-05-20,,Crew-W3,31.7,,199731,,SCADA Alert,43.636113545784475,-116.25378250667808
WO-00413,PIPE-0252,Sewer,Downtown,Manhole Repair,Deferred,Routine,2025-01-29,,Crew-S5,33.1,,20999,,Emergency Call,43.602095382441846,-116.19528727975347
WO-00414,PIPE-0017,Water,Downtown,Leak Repair,Completed,Scheduled,2025-10-10,2026-01-10,Crew-W4,70.1,18.9,66177,115120.0,SCADA Alert,43.618927810169275,-116.19379517325419
WO-00415,PIPE-0354,Sewer,East Bench,Line Clearing,In Progress,Routine,2024-12-22,,Crew-S4,77.5,,91199,,Scheduled PM,43.5975955599214,-116.17488041195458
WO-00416,PIPE-0457,Water,West Boise,Hydrant Repair,Deferred,Urgent,2024-07-14,,Crew-W6,99.6,,51837,,Scheduled PM,43.654721982755156,-116.28199822278658
WO-00417,PIPE-0366,Water,Southeast,Hydrant Repair,Completed,Emergency,2025-08-23,2025-10-05,Crew-W5,28.8,13.1,170164,97196.0,Citizen Report,43.574588348120436,-116.20020341199572
WO-00418,PIPE-0222,Sewer,West Boise,Line Clearing,Completed,Scheduled,2025-12-13,2026-01-18,Crew-S5,64.0,75.8,129029,150493.0,Inspection,43.60728489683243,-116.2850861263373
WO-00419,PIPE-0329,Water,Southwest,Main Break Repair,Open,Routine,2025-07-12,,Crew-W1,62.1,,187490,,Inspection,43.58302927915287,-116.27784418465497
WO-00420,PIPE-0493,Water,Downtown,Service Line Repair,Open,Emergency,2024-05-14,,Crew-W1,45.5,,186777,,SCADA Alert,43.6131374731045,-116.21410021939099
WO-00421,PIPE-0155,Water,North End,Main Flush,In Progress,Emergency,2024-10-11,,Crew-W3,84.1,,83463,,Inspection,43.62749944949773,-116.20528130502102
WO-00422,PIPE-0319,Sewer,Downtown,Bypass Pumping,Open,Scheduled,2025-01-10,,Crew-S4,84.1,,176042,,SCADA Alert,43.59912990980138,-116.20311290491328
WO-00423,PIPE-0072,Water,West Boise,Main Flush,In Progress,Routine,2025-05-28,,Crew-W1,18.9,,12167,,Citizen Report,43.61821905805061,-116.28537056658814
WO-00424,PIPE-0139,Stormwater,Southeast,Catch Basin Cleaning,In Progress,Routine,2025-02-23,,Crew-S3,56.9,,31358,,Citizen Report,43.53993250455809,-116.18826078874493
WO-00425,PIPE-0129,Water,North End,Main Break Repair,Deferred,Emergency,2024-03-29,,Crew-W1,19.9,,23153,,Inspection,43.63545900257717,-116.19549275011686
WO-00426,PIPE-0343,Stormwater,Southwest,Catch Basin Cleaning,In Progress,Urgent,2024-01-21,,Crew-S6,38.7,,21805,,Inspection,43.574801564641916,-116.29401021881051
WO-00427,PIPE-0308,Water,Downtown,Hydrant Repair,In Progress,Emergency,2024-07-14,,Crew-W4,71.2,,47162,,Citizen Report,43.62528085214741,-116.20156591804017
WO-00428,PIPE-0281,Water,Southwest,Hydrant Repair,In Progress,Urgent,2024-08-19,,Crew-W2,98.0,,68488,,Scheduled PM,43.58631009028668,-116.27655522867865
WO-00429,PIPE-0101,Stormwater,Southwest,Detention Pond Maintenance,Completed,Urgent,2025-08-15,2025-09-29,Crew-S1,95.1,93.1,153912,137612.0,Scheduled PM,43.55084740845325,-116.24806557739052
WO-00430,PIPE-0496,Water,West Boise,Hydrant Repair,Deferred,Routine,2025-12-20,,Crew-W2,35.5,,132559,,Emergency Call,43.655659715365516,-116.30621640994029
WO-00431,PIPE-0401,Stormwater,East Bench,Culvert Clearing,In Progress,Urgent,2024-04-02,,Crew-S4,27.6,,30724,,Emergency Call,43.59730166436241,-116.17562714897878
WO-00432,PIPE-0021,Water,West Boise,Leak Repair,Deferred,Routine,2024-05-23,,Crew-W3,57.2,,173070,,Emergency Call,43.65580254979482,-116.35654925590627
WO-00433,PIPE-0149,Water,Downtown,Service Line Repair,Completed,Scheduled,2024-04-17,2024-08-07,Crew-W3,35.0,108.3,26768,42115.0,Inspection,43.60082629764614,-116.20321044874055
WO-00434,PIPE-0249,Stormwater,North End,Catch Basin Cleaning,In Progress,Scheduled,2025-04-23,,Crew-S5,46.7,,151485,,Scheduled PM,43.66267790971731,-116.23005285585174
WO-00435,PIPE-0293,Stormwater,Southwest,Detention Pond Maintenance,Completed,Scheduled,2024-09-06,2024-12-08,Crew-S3,5.9,46.0,61921,89072.0,Emergency Call,43.57059671063133,-116.29572421154215
WO-00436,PIPE-0055,Stormwater,Southwest,Outfall Repair,Deferred,Emergency,2024-10-02,,Crew-S2,52.2,,79295,,Emergency Call,43.60093047122207,-116.23081330733616
WO-00437,PIPE-0421,Sewer,Downtown,Root Removal,In Progress,Routine,2024-07-22,,Crew-S1,97.1,,81574,,Inspection,43.61583997924796,-116.21731057296091
WO-00438,PIPE-0347,Water,West Boise,Main Break Repair,Deferred,Urgent,2024-06-18,,Crew-W2,88.5,,79479,,Citizen Report,43.64194175054086,-116.29883963283464
WO-00439,PIPE-0231,Sewer,East Bench,Line Clearing,Deferred,Urgent,2024-07-27,,Crew-S2,69.1,,98609,,SCADA Alert,43.58385768817889,-116.1753105762735
WO-00440,PIPE-0455,Water,Southeast,Main Flush,Deferred,Urgent,2025-04-27,,Crew-W4,67.5,,121999,,Inspection,43.5704681123466,-116.20080835027416
WO-00441,PIPE-0367,Stormwater,West Boise,Culvert Clearing,Completed,Routine,2024-05-11,2024-08-17,Crew-S6,73.6,112.4,111804,105327.0,Emergency Call,43.616894700720636,-116.27903968640811
WO-00442,PIPE-0477,Stormwater,Southeast,Pipe Repair,Open,Urgent,2025-05-15,,Crew-S2,38.2,,89589,,Emergency Call,43.59564647628369,-116.19977886695267
WO-00443,PIPE-0430,Water,West Boise,Main Flush,Open,Urgent,2025-02-11,,Crew-W2,51.0,,12099,,Inspection,43.64578187583726,-116.31622829929526
WO-00444,PIPE-0200,Sewer,East Bench,CCTV Inspection,In Progress,Urgent,2025-01-28,,Crew-S3,32.5,,177518,,Scheduled PM,43.59651765332122,-116.17408297450908
WO-00445,PIPE-0056,Stormwater,Southwest,Pipe Repair,In Progress,Scheduled,2025-03-07,,Crew-S6,52.7,,28400,,Scheduled PM,43.57455445787267,-116.23076842626361
WO-00446,PIPE-0400,Water,Downtown,Main Break Repair,Deferred,Urgent,2024-04-13,,Crew-W3,14.6,,133399,,Scheduled PM,43.61307759729884,-116.19856082268194
WO-00447,PIPE-0066,Sewer,Downtown,CCTV Inspection,Deferred,Emergency,2025-10-31,,Crew-S3,43.6,,195027,,SCADA Alert,43.61648127209459,-116.19928016320961
WO-00448,PIPE-0130,Sewer,West Boise,Pipe Lining (CIPP),Completed,Routine,2025-04-06,2025-07-15,Crew-S1,79.0,57.9,111666,88334.0,Emergency Call,43.65551922156488,-116.33731137140474
WO-00449,PIPE-0436,Water,Downtown,Main Break Repair,In Progress,Routine,2024-03-22,,Crew-W6,59.8,,52303,,Emergency Call,43.621656670218684,-116.19967274246693
WO-00450,PIPE-0105,Water,West Boise,Main Break Repair,Deferred,Scheduled,2025-04-10,,Crew-W3,5.9,,128851,,Scheduled PM,43.60086120824185,-116.25347466813018
WO-00451,PIPE-0044,Stormwater,West Boise,Culvert Clearing,Completed,Emergency,2025-12-03,2026-01-05,Crew-S5,28.2,52.2,77371,177446.0,Citizen Report,43.60693412046757,-116.31482145970219
WO-00452,PIPE-0296,Sewer,Southwest,Pipe Lining (CIPP),Open,Emergency,2024-10-31,,Crew-S3,73.7,,139768,,Scheduled PM,43.56861825343548,-116.2492869062809
WO-00453,PIPE-0407,Sewer,Downtown,Bypass Pumping,In Progress,Urgent,2024-04-06,,Crew-S6,50.4,,72509,,Citizen Report,43.60414570555071,-116.20213201607798
WO-00454,PIPE-0385,Water,East Bench,Main Break Repair,Deferred,Emergency,2024-09-06,,Crew-W3,38.5,,38969,,Emergency Call,43.60872068666536,-116.15070137103372
WO-00455,PIPE-0284,Stormwater,North End,Outfall Repair,Deferred,Emergency,2024-04-13,,Crew-S3,92.9,,196915,,Citizen Report,43.64091505981804,-116.20026723304964
WO-00456,PIPE-0347,Water,West Boise,Service Line Repair,Open,Emergency,2024-09-20,,Crew-W2,57.9,,79982,,Emergency Call,43.64280907914524,-116.297603512701
WO-00457,PIPE-0023,Water,West Boise,Hydrant Repair,Open,Scheduled,2024-09-06,,Crew-W2,76.6,,115042,,Citizen Report,43.642261739585415,-116.3149483820518
WO-00458,PIPE-0137,Sewer,Southwest,Pipe Lining (CIPP),Open,Scheduled,2024-10-10,,Crew-S2,68.5,,71981,,SCADA Alert,43.55106236558377,-116.23257756210235
WO-00459,PIPE-0181,Stormwater,Southwest,Culvert Clearing,In Progress,Routine,2025-02-28,,Crew-S4,60.7,,166923,,Citizen Report,43.551620295394734,-116.29597235045716
WO-00460,PIPE-0296,Sewer,Southwest,Bypass Pumping,Completed,Scheduled,2025-12-27,2026-01-25,Crew-S5,43.2,9.5,156536,75953.0,Citizen Report,43.569203915848334,-116.24850379422591
WO-00461,PIPE-0242,Sewer,Downtown,Manhole Repair,Open,Routine,2025-07-25,,Crew-S3,35.9,,116992,,Inspection,43.59992389510355,-116.19480585768707
WO-00462,PIPE-0433,Water,East Bench,Main Flush,In Progress,Scheduled,2024-08-03,,Crew-W3,41.5,,173698,,Emergency Call,43.606898447217205,-116.16468623187318
WO-00463,PIPE-0443,Sewer,Southwest,Manhole Repair,Completed,Routine,2025-07-28,2025-08-08,Crew-S3,75.6,26.5,118857,139329.0,Scheduled PM,43.53905912913614,-116.27717027460479
WO-00464,PIPE-0100,Stormwater,Southeast,Catch Basin Cleaning,Completed,Routine,2024-06-19,2024-08-31,Crew-S5,74.9,52.9,62030,201024.0,Scheduled PM,43.553805352562215,-116.20073660522135
WO-00465,PIPE-0151,Stormwater,Southwest,Catch Basin Cleaning,Open,Scheduled,2025-09-13,,Crew-S2,22.7,,29501,,Emergency Call,43.59957869795231,-116.23421521342279
WO-00466,PIPE-0306,Stormwater,North End,Culvert Clearing,Deferred,Urgent,2025-02-14,,Crew-S4,90.2,,73606,,Citizen Report,43.66190799934344,-116.2017774486799
WO-00467,PIPE-0358,Water,North End,Valve Replacement,Completed,Scheduled,2025-11-11,2026-01-15,Crew-W4,76.2,65.2,75547,103305.0,Scheduled PM,43.63981093560654,-116.18047331620608
WO-00468,PIPE-0001,Water,West Boise,Service Line Repair,Completed,Urgent,2025-02-13,2025-02-14,Crew-W6,90.9,64.9,100993,88070.0,Emergency Call,43.651775208482654,-116.33788850521668
WO-00469,PIPE-0472,Sewer,West Boise,Bypass Pumping,In Progress,Emergency,2025-02-24,,Crew-S5,24.0,,160330,,Emergency Call,43.62723372250984,-116.3341319883697
WO-00470,PIPE-0288,Stormwater,West Boise,Catch Basin Cleaning,Deferred,Routine,2025-08-07,,Crew-S5,26.5,,149740,,Scheduled PM,43.609985726120755,-116.3347673078384
WO-00471,PIPE-0435,Water,North End,Leak Repair,Deferred,Urgent,2024-01-24,,Crew-W2,46.9,,190045,,Inspection,43.65702742198706,-116.17535671822534
WO-00472,PIPE-0318,Water,West Boise,Main Break Repair,Completed,Urgent,2024-07-23,2024-08-09,Crew-W5,47.2,36.6,64737,234973.0,Emergency Call,43.60832830639204,-116.33859223270218
WO-00473,PIPE-0176,Stormwater,West Boise,Outfall Repair,Deferred,Emergency,2024-06-30,,Crew-S5,84.1,,42250,,Inspection,43.64078742446533,-116.31587405194739
WO-00474,PIPE-0126,Stormwater,West Boise,Detention Pond Maintenance,Open,Scheduled,2024-01-08,,Crew-S4,8.9,,109837,,Citizen Report,43.63650671407694,-116.30315231710684
WO-00475,PIPE-0196,Stormwater,Southeast,Detention Pond Maintenance,Open,Scheduled,2025-09-13,,Crew-S6,7.9,,104937,,SCADA Alert,43.56897374653529,-116.19956675075103
WO-00476,PIPE-0226,Water,North End,Service Line Repair,Deferred,Emergency,2025-06-07,,Crew-W1,16.3,,69312,,Emergency Call,43.639953155713314,-116.18501743253323
WO-00477,PIPE-0083,Water,Southwest,Valve Replacement,Completed,Scheduled,2024-06-22,2024-08-14,Crew-W2,27.9,79.5,87014,37711.0,SCADA Alert,43.5812084840415,-116.23363783423441
WO-00478,PIPE-0398,Water,Downtown,Hydrant Repair,Completed,Scheduled,2024-09-07,2024-10-21,Crew-W6,27.3,36.8,72667,117068.0,Emergency Call,43.59907148928585,-116.19064395803494
WO-00479,PIPE-0337,Sewer,Downtown,Pipe Lining (CIPP),Completed,Routine,2025-06-18,2025-06-22,Crew-S6,30.5,28.1,188152,97716.0,Inspection,43.60013527985862,-116.20210651727243
WO-00480,PIPE-0110,Sewer,Southeast,Bypass Pumping,Deferred,Routine,2025-12-31,,Crew-S2,74.9,,182711,,Inspection,43.54426205228006,-116.2004153342417
WO-00481,PIPE-0096,Water,West Boise,Valve Replacement,Completed,Routine,2025-01-28,2025-04-20,Crew-W2,59.3,28.9,68505,223563.0,Citizen Report,43.63322227873547,-116.35558308552304
WO-00482,PIPE-0313,Water,Southwest,Service Line Repair,Deferred,Urgent,2025-06-13,,Crew-W3,65.1,,154414,,Emergency Call,43.56219759246915,-116.22450127483341
WO-00483,PIPE-0054,Stormwater,East Bench,Outfall Repair,In Progress,Scheduled,2025-05-11,,Crew-S2,49.4,,100081,,SCADA Alert,43.61083348963396,-116.17587049480763
WO-00484,PIPE-0066,Sewer,Downtown,Pipe Lining (CIPP),Completed,Emergency,2024-08-18,2024-09-14,Crew-S6,21.3,28.5,131254,73458.0,Scheduled PM,43.61641281598283,-116.1996077268382
WO-00485,PIPE-0141,Water,Downtown,Main Flush,In Progress,Urgent,2024-01-13,,Crew-W3,67.1,,104962,,SCADA Alert,43.60583405653909,-116.20170916699571
WO-00486,PIPE-0144,Water,West Boise,Main Break Repair,Open,Scheduled,2024-10-04,,Crew-W5,53.2,,64644,,Citizen Report,43.650875539727856,-116.32308163068471
WO-00487,PIPE-0276,Water,Southeast,Valve Replacement,In Progress,Scheduled,2025-10-28,,Crew-W2,5.9,,160181,,Citizen Report,43.540103951309284,-116.20081728160764
WO-00488,PIPE-0448,Sewer,Downtown,Root Removal,Open,Routine,2024-07-13,,Crew-S1,22.4,,64447,,Emergency Call,43.614086360991195,-116.21426043539189
WO-00489,PIPE-0154,Sewer,Southeast,Manhole Repair,Open,Emergency,2024-04-10,,Crew-S2,48.9,,116340,,SCADA Alert,43.56303207161005,-116.20080024818269
WO-00490,PIPE-0014,Water,Southeast,Leak Repair,In Progress,Scheduled,2025-08-26,,Crew-W3,57.8,,152992,,Scheduled PM,43.56459127820612,-116.16787195219636
WO-00491,PIPE-0115,Sewer,Southwest,Pipe Lining (CIPP),In Progress,Scheduled,2025-03-29,,Crew-S1,26.7,,107236,,Emergency Call,43.560245486404725,-116.22899974361349
WO-00492,PIPE-0322,Stormwater,East Bench,Outfall Repair,Deferred,Routine,2024-12-02,,Crew-S6,31.4,,140010,,Inspection,43.60759428456788,-116.17464431489168
WO-00493,PIPE-0120,Sewer,Downtown,Root Removal,Completed,Scheduled,2025-05-30,2025-08-19,Crew-S1,33.3,53.9,134074,198841.0,Scheduled PM,43.611705575854465,-116.2206424096664
WO-00494,PIPE-0378,Water,Southwest,Hydrant Repair,Completed,Urgent,2025-03-18,2025-03-31,Crew-W2,78.3,111.2,61265,116681.0,Inspection,43.56423340067741,-116.23160523236251
WO-00495,PIPE-0372,Water,West Boise,Main Break Repair,Deferred,Routine,2025-06-27,,Crew-W5,22.6,,176631,,Inspection,43.60796753085608,-116.3539231918675
WO-00496,PIPE-0062,Sewer,East Bench,Root Removal,In Progress,Urgent,2025-02-09,,Crew-S3,95.8,,124697,,Emergency Call,43.610649497264994,-116.13894249017538
WO-00497,PIPE-0118,Sewer,Downtown,Manhole Repair,In Progress,Scheduled,2024-10-02,,Crew-S3,38.3,,80776,,Citizen Report,43.6140904192734,-116.21934153741978
WO-00498,PIPE-0350,Stormwater,Downtown,Culvert Clearing,Deferred,Scheduled,2024-11-18,,Crew-S5,40.6,,109846,,SCADA Alert,43.614905445488155,-116.1751918377868
WO-00499,PIPE-0097,Sewer,West Boise,Manhole Repair,Completed,Emergency,2025-02-22,2025-05-16,Crew-S6,21.8,97.0,174053,120270.0,Citizen Report,43.64099359378053,-116.33112004962659
WO-00500,PIPE-0219,Water,Southeast,Service Line Repair,Deferred,Routine,2024-11-25,,Crew-W5,56.9,,52785,,Inspection,43.5492991116762,-116.18832979370033
WO-00501,PIPE-0083,Water,Southwest,Main Break Repair,Open,Urgent,2024-10-07,,Crew-W2,33.9,,126245,,Emergency Call,43.58123174351811,-116.23311373365577
WO-00502,PIPE-0269,Sewer,East Bench,Bypass Pumping,Deferred,Scheduled,2024-02-17,,Crew-S2,29.5,,159544,,Emergency Call,43.59868303792434,-116.17579712016797
WO-00503,PIPE-0189,Sewer,Southeast,Manhole Repair,Completed,Emergency,2025-10-16,2025-11-21,Crew-S4,15.2,65.5,197062,115351.0,SCADA Alert,43.58866709103479,-116.1847225141844
WO-00504,PIPE-0280,Sewer,Downtown,Root Removal,In Progress,Routine,2025-02-27,,Crew-S5,21.6,,23570,,Scheduled PM,43.62296845333755,-116.18958553366419
WO-00505,PIPE-0215,Sewer,Southwest,Bypass Pumping,Completed,Emergency,2025-11-07,2026-01-18,Crew-S2,77.7,64.7,18326,76893.0,Citizen Report,43.54181140027734,-116.27420254077457
WO-00506,PIPE-0221,Stormwater,Downtown,Pipe Repair,In Progress,Routine,2025-04-01,,Crew-S4,24.3,,95449,,Citizen Report,43.62539797035869,-116.18520612266707
WO-00507,PIPE-0237,Water,West Boise,Valve Replacement,Completed,Emergency,2024-09-22,2024-12-09,Crew-W6,42.3,90.2,104389,6565.0,Scheduled PM,43.64317019399977,-116.31114465110873
WO-00508,PIPE-0458,Stormwater,East Bench,Outfall Repair,Completed,Routine,2024-03-02,2024-03-05,Crew-S5,50.2,68.8,151184,8910.0,Citizen Report,43.626268747688336,-116.174531132384
WO-00509,PIPE-0172,Water,West Boise,Leak Repair,Open,Emergency,2025-08-01,,Crew-W5,17.5,,135111,,SCADA Alert,43.6336698504825,-116.31222910640857
WO-00510,PIPE-0299,Water,Southwest,Main Break Repair,In Progress,Scheduled,2025-10-27,,Crew-W3,47.6,,194207,,Inspection,43.5880438873959,-116.30122494842652
WO-00511,PIPE-0442,Water,Southwest,Main Flush,Completed,Scheduled,2025-10-25,2025-12-23,Crew-W1,41.3,64.3,77521,182057.0,SCADA Alert,43.57978037949413,-116.293058105007
WO-00512,PIPE-0212,Sewer,Downtown,Manhole Repair,In Progress,Scheduled,2024-01-09,,Crew-S2,27.4,,58929,,Emergency Call,43.61904207662523,-116.17534676144224
WO-00513,PIPE-0456,Water,West Boise,Leak Repair,In Progress,Routine,2025-04-13,,Crew-W6,87.0,,40504,,Inspection,43.63717798400218,-116.25415671165746
WO-00514,PIPE-0116,Water,Southwest,Main Break Repair,Open,Emergency,2024-07-04,,Crew-W2,54.9,,18657,,Citizen Report,43.55101411210279,-116.26282706899562
WO-00515,PIPE-0316,Sewer,West Boise,Root Removal,In Progress,Routine,2025-11-04,,Crew-S2,43.6,,71561,,Inspection,43.65399860453284,-116.33030052838129
WO-00516,PIPE-0358,Water,North End,Valve Replacement,Open,Scheduled,2024-12-29,,Crew-W1,83.7,,98833,,SCADA Alert,43.64038490492516,-116.18073211524226
WO-00517,PIPE-0437,Water,North End,Main Break Repair,Deferred,Scheduled,2024-08-01,,Crew-W4,41.1,,54405,,Scheduled PM,43.63489043438814,-116.20061470136648
WO-00518,PIPE-0361,Water,East Bench,Valve Replacement,Open,Urgent,2024-06-28,,Crew-W1,94.2,,194654,,Emergency Call,43.57971678070351,-116.17400928487902
WO-00519,PIPE-0293,Stormwater,Southwest,Pipe Repair,In Progress,Emergency,2025-03-01,,Crew-S5,37.3,,67421,,Emergency Call,43.570604984717505,-116.29566209250163
WO-00520,PIPE-0324,Sewer,East Bench,CCTV Inspection,Deferred,Scheduled,2024-01-08,,Crew-S1,36.8,,81759,,SCADA Alert,43.57986829776981,-116.17430438368541
WO-00521,PIPE-0046,Sewer,Downtown,Bypass Pumping,In Progress,Emergency,2024-11-03,,Crew-S6,65.1,,102653,,Scheduled PM,43.62503170005905,-116.19536653106817
WO-00522,PIPE-0145,Water,North End,Valve Replacement,Completed,Emergency,2025-10-24,2025-10-30,Crew-W2,52.8,18.6,37257,65773.0,Scheduled PM,43.677755575681076,-116.17928763707941
WO-00523,PIPE-0484,Water,Southwest,Valve Replacement,Completed,Scheduled,2024-08-02,2024-09-19,Crew-W2,19.1,74.9,136447,216310.0,Inspection,43.57976693334164,-116.25471036065095
WO-00524,PIPE-0456,Water,West Boise,Valve Replacement,Completed,Emergency,2024-07-04,2024-10-25,Crew-W4,22.0,111.1,106315,206691.0,Citizen Report,43.63744996170535,-116.25403863731017
WO-00525,PIPE-0108,Stormwater,Southwest,Catch Basin Cleaning,Open,Routine,2024-11-24,,Crew-S1,89.1,,9471,,Inspection,43.5524741538676,-116.23750500109989
WO-00526,PIPE-0403,Sewer,Downtown,Root Removal,In Progress,Emergency,2025-01-21,,Crew-S1,36.2,,58879,,SCADA Alert,43.599839765757146,-116.20039134855007
WO-00527,PIPE-0029,Water,West Boise,Service Line Repair,Deferred,Scheduled,2025-05-02,,Crew-W2,86.0,,167447,,SCADA Alert,43.59962286176497,-116.31507102603824
WO-00528,PIPE-0342,Sewer,East Bench,Manhole Repair,In Progress,Routine,2024-09-20,,Crew-S5,67.5,,25770,,Scheduled PM,43.57998560341818,-116.1743378212921
WO-00529,PIPE-0088,Sewer,East Bench,Root Removal,In Progress,Urgent,2025-08-07,,Crew-S5,14.7,,37880,,Inspection,43.588373419860034,-116.14918462952448
WO-00530,PIPE-0055,Stormwater,Southwest,Pipe Repair,Completed,Routine,2025-02-17,2025-06-11,Crew-S2,73.5,74.6,79433,65978.0,Citizen Report,43.600420920937864,-116.2317747016738
WO-00531,PIPE-0499,Stormwater,Downtown,Detention Pond Maintenance,Completed,Routine,2025-08-27,2025-12-03,Crew-S6,16.2,108.1,193545,86468.0,SCADA Alert,43.61635387188522,-116.20470745722746
WO-00532,PIPE-0237,Water,West Boise,Valve Replacement,Open,Urgent,2025-10-09,,Crew-W1,16.0,,9442,,Inspection,43.64189777040978,-116.31216293524355
WO-00533,PIPE-0493,Water,Downtown,Service Line Repair,Deferred,Routine,2025-08-08,,Crew-W2,63.6,,151809,,Scheduled PM,43.61341320822788,-116.21538632761792
WO-00534,PIPE-0405,Stormwater,North End,Culvert Clearing,Completed,Routine,2025-09-28,2025-12-07,Crew-S3,99.7,53.9,49342,195786.0,Citizen Report,43.66030396598897,-116.1910920577767
WO-00535,PIPE-0140,Sewer,Southeast,Bypass Pumping,Deferred,Emergency,2025-07-16,,Crew-S6,85.9,,136571,,Citizen Report,43.557178235541436,-116.18717315551086
WO-00536,PIPE-0268,Water,West Boise,Leak Repair,Open,Urgent,2025-10-19,,Crew-W1,24.3,,120413,,SCADA Alert,43.63055455548833,-116.33486460929012
WO-00537,PIPE-0064,Stormwater,North End,Catch Basin Cleaning,Completed,Urgent,2024-05-09,2024-06-18,Crew-S4,82.4,55.4,134430,145543.0,Inspection,43.66000141684997,-116.22963885126678
WO-00538,PIPE-0102,Sewer,Downtown,Bypass Pumping,In Progress,Routine,2024-01-18,,Crew-S5,60.9,,40285,,Emergency Call,43.611818852395814,-116.20071990955223
WO-00539,PIPE-0389,Stormwater,Southwest,Outfall Repair,Completed,Urgent,2025-06-29,2025-09-07,Crew-S3,17.6,29.2,178861,248793.0,Inspection,43.586132814679544,-116.24778511837086
WO-00540,PIPE-0217,Stormwater,Southeast,Outfall Repair,In Progress,Scheduled,2024-08-19,,Crew-S2,29.3,,105586,,Citizen Report,43.539779544799046,-116.19995650287015
WO-00541,PIPE-0026,Water,Downtown,Service Line Repair,Deferred,Routine,2025-03-07,,Crew-W2,72.7,,79141,,SCADA Alert,43.599149740967924,-116.20316631788248
WO-00542,PIPE-0182,Stormwater,Downtown,Outfall Repair,Completed,Emergency,2025-11-15,2025-12-12,Crew-S1,76.0,110.9,37279,161225.0,Inspection,43.603706864245275,-116.17706749408644
WO-00543,PIPE-0298,Water,West Boise,Valve Replacement,Deferred,Scheduled,2024-09-05,,Crew-W4,60.0,,65661,,Citizen Report,43.642086063276324,-116.27032128531222
WO-00544,PIPE-0029,Water,West Boise,Service Line Repair,In Progress,Emergency,2024-10-09,,Crew-W6,74.5,,176743,,Inspection,43.59941166218286,-116.31572518312883
WO-00545,PIPE-0176,Stormwater,West Boise,Culvert Clearing,Completed,Emergency,2024-10-09,2024-10-11,Crew-S6,60.6,77.1,61364,136977.0,Scheduled PM,43.64046064443073,-116.31754927101426
WO-00546,PIPE-0351,Sewer,Southwest,Root Removal,Deferred,Emergency,2025-09-16,,Crew-S6,35.5,,71830,,SCADA Alert,43.55879300342139,-116.22068476650466
WO-00547,PIPE-0321,Water,East Bench,Service Line Repair,Deferred,Urgent,2024-04-25,,Crew-W6,69.8,,128243,,Citizen Report,43.59758826682894,-116.15813589966892
WO-00548,PIPE-0078,Sewer,Southwest,CCTV Inspection,Completed,Scheduled,2025-09-09,2025-10-10,Crew-S4,7.6,104.6,28074,174802.0,Citizen Report,43.5908016499998,-116.25746211473125
WO-00549,PIPE-0349,Sewer,Southwest,Manhole Repair,Completed,Emergency,2024-09-14,2024-11-07,Crew-S1,11.9,80.7,127783,66363.0,Inspection,43.59413756823717,-116.23459822372844
WO-00550,PIPE-0406,Water,West Boise,Main Flush,Completed,Scheduled,2025-03-20,2025-04-03,Crew-W5,61.5,119.7,148773,217099.0,Scheduled PM,43.61330025566648,-116.30001021307616
WO-00551,PIPE-0315,Sewer,West Boise,Line Clearing,Deferred,Emergency,2025-11-14,,Crew-S5,84.1,,168974,,SCADA Alert,43.60492425104927,-116.25379805327275
WO-00552,PIPE-0087,Water,Southeast,Leak Repair,Completed,Scheduled,2024-09-01,2024-11-15,Crew-W4,72.4,81.4,10950,237423.0,Citizen Report,43.5894001769479,-116.20011950983327
WO-00553,PIPE-0478,Sewer,Southwest,CCTV Inspection,Open,Scheduled,2025-04-16,,Crew-S6,91.0,,57133,,Emergency Call,43.58683947537863,-116.27256595745061
WO-00554,PIPE-0427,Water,East Bench,Hydrant Repair,Open,Scheduled,2024-12-02,,Crew-W1,73.4,,66957,,Citizen Report,43.59771973686509,-116.13699690055084
WO-00555,PIPE-0229,Water,Downtown,Service Line Repair,Completed,Routine,2024-09-11,2024-11-08,Crew-W2,22.5,94.5,143965,85568.0,Citizen Report,43.62648140954079,-116.18887836169141
WO-00556,PIPE-0196,Stormwater,Southeast,Catch Basin Cleaning,Deferred,Routine,2024-06-25,,Crew-S3,62.4,,194449,,Inspection,43.568880068290774,-116.20038832966833
WO-00557,PIPE-0221,Stormwater,Downtown,Culvert Clearing,Deferred,Scheduled,2024-04-02,,Crew-S6,20.2,,100821,,Inspection,43.62552936078393,-116.18573420782761
WO-00558,PIPE-0334,Water,North End,Valve Replacement,Completed,Urgent,2024-12-25,2025-04-08,Crew-W3,3.6,53.7,50252,95255.0,Emergency Call,43.665240055169534,-116.20587076144236
WO-00559,PIPE-0400,Water,Downtown,Service Line Repair,Completed,Emergency,2025-10-19,2026-01-24,Crew-W2,11.1,68.1,187058,47137.0,Emergency Call,43.6135343946069,-116.19725761963683
WO-00560,PIPE-0056,Stormwater,Southwest,Culvert Clearing,In Progress,Routine,2024-09-26,,Crew-S4,15.0,,101488,,SCADA Alert,43.57463201898104,-116.22998843529061
WO-00561,PIPE-0268,Water,West Boise,Hydrant Repair,Open,Urgent,2024-10-27,,Crew-W4,83.0,,64962,,Emergency Call,43.63062402363067,-116.3343046454383
WO-00562,PIPE-0367,Stormwater,West Boise,Pipe Repair,Deferred,Urgent,2024-01-27,,Crew-S2,87.8,,115936,,Inspection,43.616397753394544,-116.27858941373033
WO-00563,PIPE-0299,Water,Southwest,Service Line Repair,Deferred,Scheduled,2024-01-22,,Crew-W5,56.0,,149420,,Inspection,43.58756764713136,-116.29967519044914
WO-00564,PIPE-0117,Water,Southwest,Main Flush,Deferred,Scheduled,2025-08-17,,Crew-W6,27.6,,95912,,Citizen Report,43.57114662940422,-116.27513897094208
WO-00565,PIPE-0374,Water,North End,Valve Replacement,Completed,Routine,2024-08-28,2024-11-06,Crew-W6,26.2,44.1,141605,182217.0,Emergency Call,43.66926652934958,-116.18556697795
WO-00566,PIPE-0483,Sewer,North End,Pipe Lining (CIPP),Deferred,Routine,2025-06-03,,Crew-S1,81.1,,158858,,Inspection,43.635746212493366,-116.2295648709282
WO-00567,PIPE-0362,Sewer,West Boise,CCTV Inspection,In Progress,Routine,2025-10-22,,Crew-S5,84.0,,121148,,Emergency Call,43.604735741906424,-116.26007387414198
WO-00568,PIPE-0340,Sewer,Southwest,Line Clearing,In Progress,Scheduled,2024-03-07,,Crew-S5,65.7,,91622,,Scheduled PM,43.55619315429655,-116.28936123975492
WO-00569,PIPE-0448,Sewer,Downtown,Pipe Lining (CIPP),Completed,Routine,2025-11-29,2025-12-08,Crew-S6,4.7,114.7,157193,72875.0,Scheduled PM,43.61342466005886,-116.21368626960839
WO-00570,PIPE-0464,Stormwater,Southwest,Pipe Repair,Deferred,Scheduled,2024-05-16,,Crew-S3,54.8,,177360,,Citizen Report,43.579668066490896,-116.25288928527024
WO-00571,PIPE-0058,Sewer,Southeast,Root Removal,Deferred,Routine,2025-06-04,,Crew-S1,97.1,,14386,,Citizen Report,43.542915895347946,-116.1858797581595
WO-00572,PIPE-0066,Sewer,Downtown,Pipe Lining (CIPP),Open,Scheduled,2024-03-13,,Crew-S6,17.8,,51518,,Inspection,43.61723356390502,-116.19933753159465
WO-00573,PIPE-0277,Sewer,Southeast,Line Clearing,In Progress,Scheduled,2024-07-02,,Crew-S6,13.7,,23858,,SCADA Alert,43.57230829427879,-116.1961719942209
WO-00574,PIPE-0255,Sewer,Downtown,CCTV Inspection,Deferred,Scheduled,2025-12-02,,Crew-S6,48.5,,90492,,Inspection,43.612520726599804,-116.19798168609606
WO-00575,PIPE-0441,Water,Southwest,Hydrant Repair,Deferred,Scheduled,2025-12-25,,Crew-W1,20.1,,105731,,Inspection,43.55894228040944,-116.25287072795393
WO-00576,PIPE-0425,Water,Downtown,Hydrant Repair,Open,Scheduled,2025-10-10,,Crew-W1,53.3,,5847,,Emergency Call,43.625121801778405,-116.20348574322969
WO-00577,PIPE-0347,Water,West Boise,Main Break Repair,Completed,Emergency,2025-11-30,2025-12-13,Crew-W3,39.7,21.9,7749,139205.0,Emergency Call,43.64290772940455,-116.29759328275172
WO-00578,PIPE-0346,Stormwater,West Boise,Outfall Repair,In Progress,Scheduled,2024-06-25,,Crew-S2,54.5,,91004,,SCADA Alert,43.63809019418996,-116.27788477074036
WO-00579,PIPE-0339,Water,Southeast,Main Flush,Completed,Urgent,2025-09-06,2025-11-19,Crew-W5,16.6,22.9,117181,116026.0,SCADA Alert,43.586597165227396,-116.19912941390966
WO-00580,PIPE-0471,Water,Southwest,Main Flush,Completed,Urgent,2024-05-03,2024-08-31,Crew-W5,52.8,36.4,26641,92002.0,Scheduled PM,43.58788731939297,-116.23295949475889
WO-00581,PIPE-0260,Sewer,Downtown,CCTV Inspection,Completed,Scheduled,2025-09-19,2025-11-17,Crew-S1,67.5,111.6,17660,144149.0,Citizen Report,43.61647244434186,-116.17571723724545
WO-00582,PIPE-0043,Water,North End,Service Line Repair,In Progress,Emergency,2025-05-17,,Crew-W3,7.7,,126440,,Emergency Call,43.65395256074023,-116.19637231239493
WO-00583,PIPE-0032,Water,Southeast,Main Flush,Completed,Scheduled,2025-11-10,2026-03-07,Crew-W5,65.0,64.2,74571,151255.0,Citizen Report,43.594270951337336,-116.19947295477691
WO-00584,PIPE-0475,Water,East Bench,Service Line Repair,Deferred,Scheduled,2024-10-26,,Crew-W4,10.1,,6747,,Scheduled PM,43.62520863700392,-116.17487749401504
WO-00585,PIPE-0259,Stormwater,Southwest,Culvert Clearing,Deferred,Scheduled,2025-09-16,,Crew-S3,77.5,,183712,,SCADA Alert,43.55450910025965,-116.27101473491615
WO-00586,PIPE-0410,Stormwater,Downtown,Outfall Repair,Completed,Urgent,2024-04-01,2024-07-25,Crew-S6,32.7,71.3,13071,236502.0,Emergency Call,43.61514392620443,-116.17406646360006
WO-00587,PIPE-0108,Stormwater,Southwest,Culvert Clearing,In Progress,Emergency,2025-01-29,,Crew-S6,87.6,,194103,,Emergency Call,43.5516949688771,-116.2372414197648
WO-00588,PIPE-0374,Water,North End,Valve Replacement,Open,Emergency,2025-01-14,,Crew-W4,95.1,,58582,,Citizen Report,43.669154926963,-116.1871217835331
WO-00589,PIPE-0154,Sewer,Southeast,Line Clearing,Open,Scheduled,2024-07-30,,Crew-S2,90.2,,30995,,Citizen Report,43.56208947756923,-116.20051922522993
WO-00590,PIPE-0323,Stormwater,East Bench,Detention Pond Maintenance,In Progress,Urgent,2024-12-04,,Crew-S3,91.9,,105871,,SCADA Alert,43.62039385798558,-116.17480249672761
WO-00591,PIPE-0316,Sewer,West Boise,Pipe Lining (CIPP),Completed,Routine,2025-09-28,2026-01-19,Crew-S2,94.1,110.8,171768,178861.0,Citizen Report,43.652944406815685,-116.33071454519964
WO-00592,PIPE-0414,Water,Southeast,Hydrant Repair,Deferred,Urgent,2025-02-27,,Crew-W4,26.8,,3234,,Scheduled PM,43.54116359869862,-116.16195674678347
WO-00593,PIPE-0062,Sewer,East Bench,Line Clearing,In Progress,Emergency,2024-05-11,,Crew-S1,17.6,,128566,,SCADA Alert,43.60943871712305,-116.13984724287033
WO-00594,PIPE-0157,Water,Downtown,Hydrant Repair,Deferred,Routine,2024-09-19,,Crew-W3,85.8,,69050,,SCADA Alert,43.61555397857379,-116.2129631875123
WO-00595,PIPE-0358,Water,North End,Leak Repair,Open,Scheduled,2024-07-25,,Crew-W2,14.5,,9857,,Scheduled PM,43.64045463957664,-116.18199718674795
WO-00596,PIPE-0214,Water,North End,Valve Replacement,Deferred,Emergency,2024-02-08,,Crew-W6,81.0,,63873,,Scheduled PM,43.676711641653704,-116.18630678287705
WO-00597,PIPE-0099,Water,Downtown,Leak Repair,Deferred,Emergency,2024-05-26,,Crew-W6,93.5,,50037,,Inspection,43.60988182031461,-116.22091248420523
WO-00598,PIPE-0180,Sewer,Southeast,Manhole Repair,In Progress,Routine,2024-01-15,,Crew-S2,36.3,,53099,,SCADA Alert,43.587199623728814,-116.17570980496521
WO-00599,PIPE-0019,Water,North End,Valve Replacement,Open,Urgent,2024-10-25,,Crew-W6,21.0,,172993,,Scheduled PM,43.63864461934697,-116.23011893901126
WO-00600,PIPE-0235,Sewer,North End,Manhole Repair,Completed,Emergency,2024-09-08,2024-11-19,Crew-S1,69.1,21.0,107959,143925.0,Emergency Call,43.638247547532224,-116.21171382754957
